time,open,high,low,close,volume
2026-06-16T13:30:00+00:00,20060.0,20080.0,20059.0,20060.0,0.0
2026-06-16T13:31:00+00:00,20060.0,20061.0,20058.75,20059.75,0.0
2026-06-16T13:32:00+00:00,20059.75,20060.75,20058.5,20059.5,0.0
2026-06-16T13:33:00+00:00,20059.5,20060.5,20058.25,20059.25,0.0
2026-06-16T13:34:00+00:00,20059.25,20060.25,20058.0,20059.0,0.0
2026-06-16T13:35:00+00:00,20059.0,20060.0,20057.75,20058.75,0.0
2026-06-16T13:36:00+00:00,20058.75,20059.75,20057.5,20058.5,0.0
2026-06-16T13:37:00+00:00,20058.5,20059.5,20057.5,20058.5,0.0
2026-06-16T13:38:00+00:00,20058.5,20059.5,20057.25,20058.25,0.0
2026-06-16T13:39:00+00:00,20058.25,20059.25,20057.0,20058.0,0.0
2026-06-16T13:40:00+00:00,20058.0,20059.0,20056.75,20057.75,0.0
2026-06-16T13:41:00+00:00,20057.75,20058.75,20056.5,20057.5,0.0
2026-06-16T13:42:00+00:00,20057.5,20058.5,20056.25,20057.25,0.0
2026-06-16T13:43:00+00:00,20057.25,20058.25,20056.0,20057.0,0.0
2026-06-16T13:44:00+00:00,20057.0,20058.0,20055.75,20056.75,0.0
2026-06-16T13:45:00+00:00,20056.75,20057.75,20055.5,20056.5,0.0
2026-06-16T13:46:00+00:00,20056.5,20057.5,20055.25,20056.25,0.0
2026-06-16T13:47:00+00:00,20056.25,20057.25,20055.0,20056.0,0.0
2026-06-16T13:48:00+00:00,20056.0,20057.0,20054.75,20055.75,0.0
2026-06-16T13:49:00+00:00,20055.75,20056.75,20054.5,20055.5,0.0
2026-06-16T13:50:00+00:00,20055.5,20056.5,20054.25,20055.25,0.0
2026-06-16T13:51:00+00:00,20055.25,20056.25,20054.25,20055.25,0.0
2026-06-16T13:52:00+00:00,20055.25,20056.25,20054.0,20055.0,0.0
2026-06-16T13:53:00+00:00,20055.0,20056.0,20053.75,20054.75,0.0
2026-06-16T13:54:00+00:00,20054.75,20055.75,20053.5,20054.5,0.0
2026-06-16T13:55:00+00:00,20054.5,20055.5,20053.25,20054.25,0.0
2026-06-16T13:56:00+00:00,20054.25,20055.25,20053.0,20054.0,0.0
2026-06-16T13:57:00+00:00,20054.0,20055.0,20052.75,20053.75,0.0
2026-06-16T13:58:00+00:00,20053.75,20054.75,20052.5,20053.5,0.0
2026-06-16T13:59:00+00:00,20053.5,20054.5,20052.25,20053.25,0.0
2026-06-16T14:00:00+00:00,20053.25,20054.25,20052.0,20053.0,0.0
2026-06-16T14:01:00+00:00,20053.0,20054.0,20051.75,20052.75,0.0
2026-06-16T14:02:00+00:00,20052.75,20053.75,20051.5,20052.5,0.0
2026-06-16T14:03:00+00:00,20052.5,20053.5,20051.25,20052.25,0.0
2026-06-16T14:04:00+00:00,20052.25,20053.25,20051.25,20052.25,0.0
2026-06-16T14:05:00+00:00,20052.25,20053.25,20051.0,20052.0,0.0
2026-06-16T14:06:00+00:00,20052.0,20053.0,20050.75,20051.75,0.0
2026-06-16T14:07:00+00:00,20051.75,20052.75,20050.5,20051.5,0.0
2026-06-16T14:08:00+00:00,20051.5,20052.5,20050.25,20051.25,0.0
2026-06-16T14:09:00+00:00,20051.25,20052.25,20050.0,20051.0,0.0
2026-06-16T14:10:00+00:00,20051.0,20052.0,20049.75,20050.75,0.0
2026-06-16T14:11:00+00:00,20050.75,20051.75,20049.5,20050.5,0.0
2026-06-16T14:12:00+00:00,20050.5,20051.5,20049.25,20050.25,0.0
2026-06-16T14:13:00+00:00,20050.25,20051.25,20049.0,20050.0,0.0
2026-06-16T14:14:00+00:00,20050.0,20051.0,20048.75,20049.75,0.0
2026-06-16T14:15:00+00:00,20049.75,20050.75,20048.5,20049.5,0.0
2026-06-16T14:16:00+00:00,20049.5,20050.5,20048.25,20049.25,0.0
2026-06-16T14:17:00+00:00,20049.25,20050.25,20048.25,20049.25,0.0
2026-06-16T14:18:00+00:00,20049.25,20050.25,20048.0,20049.0,0.0
2026-06-16T14:19:00+00:00,20049.0,20050.0,20047.75,20048.75,0.0
2026-06-16T14:20:00+00:00,20048.75,20049.75,20047.5,20048.5,0.0
2026-06-16T14:21:00+00:00,20048.5,20049.5,20047.25,20048.25,0.0
2026-06-16T14:22:00+00:00,20048.25,20049.25,20047.0,20048.0,0.0
2026-06-16T14:23:00+00:00,20048.0,20049.0,20046.75,20047.75,0.0
2026-06-16T14:24:00+00:00,20047.75,20048.75,20046.5,20047.5,0.0
2026-06-16T14:25:00+00:00,20047.5,20048.5,20046.25,20047.25,0.0
2026-06-16T14:26:00+00:00,20047.25,20048.25,20046.0,20047.0,0.0
2026-06-16T14:27:00+00:00,20047.0,20048.0,20045.75,20046.75,0.0
2026-06-16T14:28:00+00:00,20046.75,20047.75,20045.5,20046.5,0.0
2026-06-16T14:29:00+00:00,20046.5,20047.5,20045.25,20046.25,0.0
2026-06-16T14:30:00+00:00,20046.25,20047.25,20045.0,20046.0,0.0
2026-06-16T14:31:00+00:00,20046.0,20047.0,20045.0,20046.0,0.0
2026-06-16T14:32:00+00:00,20046.0,20047.0,20044.75,20045.75,0.0
2026-06-16T14:33:00+00:00,20045.75,20046.75,20044.5,20045.5,0.0
2026-06-16T14:34:00+00:00,20045.5,20046.5,20044.25,20045.25,0.0
2026-06-16T14:35:00+00:00,20045.25,20046.25,20044.0,20045.0,0.0
2026-06-16T14:36:00+00:00,20045.0,20046.0,20043.75,20044.75,0.0
2026-06-16T14:37:00+00:00,20044.75,20045.75,20043.5,20044.5,0.0
2026-06-16T14:38:00+00:00,20044.5,20045.5,20043.25,20044.25,0.0
2026-06-16T14:39:00+00:00,20044.25,20045.25,20043.0,20044.0,0.0
2026-06-16T14:40:00+00:00,20044.0,20045.0,20042.75,20043.75,0.0
2026-06-16T14:41:00+00:00,20043.75,20044.75,20042.5,20043.5,0.0
2026-06-16T14:42:00+00:00,20043.5,20044.5,20042.25,20043.25,0.0
2026-06-16T14:43:00+00:00,20043.25,20044.25,20042.0,20043.0,0.0
2026-06-16T14:44:00+00:00,20043.0,20044.0,20042.0,20043.0,0.0
2026-06-16T14:45:00+00:00,20043.0,20044.0,20041.75,20042.75,0.0
2026-06-16T14:46:00+00:00,20042.75,20043.75,20041.5,20042.5,0.0
2026-06-16T14:47:00+00:00,20042.5,20043.5,20041.25,20042.25,0.0
2026-06-16T14:48:00+00:00,20042.25,20043.25,20041.0,20042.0,0.0
2026-06-16T14:49:00+00:00,20042.0,20043.0,20040.75,20041.75,0.0
2026-06-16T14:50:00+00:00,20041.75,20042.75,20040.5,20041.5,0.0
2026-06-16T14:51:00+00:00,20041.5,20042.5,20040.25,20041.25,0.0
2026-06-16T14:52:00+00:00,20041.25,20042.25,20040.0,20041.0,0.0
2026-06-16T14:53:00+00:00,20041.0,20042.0,20039.75,20040.75,0.0
2026-06-16T14:54:00+00:00,20040.75,20041.75,20039.5,20040.5,0.0
2026-06-16T14:55:00+00:00,20040.5,20041.5,20039.25,20040.25,0.0
2026-06-16T14:56:00+00:00,20040.25,20041.25,20039.0,20040.0,0.0
2026-06-16T14:57:00+00:00,20040.0,20041.0,20038.75,20039.75,0.0
2026-06-16T14:58:00+00:00,20039.75,20040.75,20038.75,20039.75,0.0
2026-06-16T14:59:00+00:00,20039.75,20040.75,20038.5,20039.5,0.0
2026-06-16T15:00:00+00:00,20039.5,20040.5,20038.25,20039.25,0.0
2026-06-16T15:01:00+00:00,20039.25,20040.25,20038.0,20039.0,0.0
2026-06-16T15:02:00+00:00,20039.0,20040.0,20037.75,20038.75,0.0
2026-06-16T15:03:00+00:00,20038.75,20039.75,20037.5,20038.5,0.0
2026-06-16T15:04:00+00:00,20038.5,20039.5,20037.25,20038.25,0.0
2026-06-16T15:05:00+00:00,20038.25,20039.25,20037.0,20038.0,0.0
2026-06-16T15:06:00+00:00,20038.0,20039.0,20036.75,20037.75,0.0
2026-06-16T15:07:00+00:00,20037.75,20038.75,20036.5,20037.5,0.0
2026-06-16T15:08:00+00:00,20037.5,20038.5,20036.25,20037.25,0.0
2026-06-16T15:09:00+00:00,20037.25,20038.25,20036.0,20037.0,0.0
2026-06-16T15:10:00+00:00,20037.0,20038.0,20035.75,20036.75,0.0
2026-06-16T15:11:00+00:00,20036.75,20037.75,20035.75,20036.75,0.0
2026-06-16T15:12:00+00:00,20036.75,20037.75,20035.5,20036.5,0.0
2026-06-16T15:13:00+00:00,20036.5,20037.5,20035.25,20036.25,0.0
2026-06-16T15:14:00+00:00,20036.25,20037.25,20035.0,20036.0,0.0
2026-06-16T15:15:00+00:00,20036.0,20037.0,20034.75,20035.75,0.0
2026-06-16T15:16:00+00:00,20035.75,20036.75,20034.5,20035.5,0.0
2026-06-16T15:17:00+00:00,20035.5,20036.5,20034.25,20035.25,0.0
2026-06-16T15:18:00+00:00,20035.25,20036.25,20034.0,20035.0,0.0
2026-06-16T15:19:00+00:00,20035.0,20036.0,20033.75,20034.75,0.0
2026-06-16T15:20:00+00:00,20034.75,20035.75,20033.5,20034.5,0.0
2026-06-16T15:21:00+00:00,20034.5,20035.5,20033.25,20034.25,0.0
2026-06-16T15:22:00+00:00,20034.25,20035.25,20033.0,20034.0,0.0
2026-06-16T15:23:00+00:00,20034.0,20035.0,20032.75,20033.75,0.0
2026-06-16T15:24:00+00:00,20033.75,20034.75,20032.5,20033.5,0.0
2026-06-16T15:25:00+00:00,20033.5,20034.5,20032.5,20033.5,0.0
2026-06-16T15:26:00+00:00,20033.5,20034.5,20032.25,20033.25,0.0
2026-06-16T15:27:00+00:00,20033.25,20034.25,20032.0,20033.0,0.0
2026-06-16T15:28:00+00:00,20033.0,20034.0,20031.75,20032.75,0.0
2026-06-16T15:29:00+00:00,20032.75,20033.75,20031.5,20032.5,0.0
2026-06-16T15:30:00+00:00,20032.5,20033.5,20031.25,20032.25,0.0
2026-06-16T15:31:00+00:00,20032.25,20033.25,20031.0,20032.0,0.0
2026-06-16T15:32:00+00:00,20032.0,20033.0,20030.75,20031.75,0.0
2026-06-16T15:33:00+00:00,20031.75,20032.75,20030.5,20031.5,0.0
2026-06-16T15:34:00+00:00,20031.5,20032.5,20030.25,20031.25,0.0
2026-06-16T15:35:00+00:00,20031.25,20032.25,20030.0,20031.0,0.0
2026-06-16T15:36:00+00:00,20031.0,20032.0,20029.75,20030.75,0.0
2026-06-16T15:37:00+00:00,20030.75,20031.75,20029.5,20030.5,0.0
2026-06-16T15:38:00+00:00,20030.5,20031.5,20029.5,20030.5,0.0
2026-06-16T15:39:00+00:00,20030.5,20031.5,20029.25,20030.25,0.0
2026-06-16T15:40:00+00:00,20030.25,20031.25,20029.0,20030.0,0.0
2026-06-16T15:41:00+00:00,20030.0,20031.0,20028.75,20029.75,0.0
2026-06-16T15:42:00+00:00,20029.75,20030.75,20028.5,20029.5,0.0
2026-06-16T15:43:00+00:00,20029.5,20030.5,20028.25,20029.25,0.0
2026-06-16T15:44:00+00:00,20029.25,20030.25,20028.0,20029.0,0.0
2026-06-16T15:45:00+00:00,20029.0,20030.0,20027.75,20028.75,0.0
2026-06-16T15:46:00+00:00,20028.75,20029.75,20027.5,20028.5,0.0
2026-06-16T15:47:00+00:00,20028.5,20029.5,20027.25,20028.25,0.0
2026-06-16T15:48:00+00:00,20028.25,20029.25,20027.0,20028.0,0.0
2026-06-16T15:49:00+00:00,20028.0,20029.0,20026.75,20027.75,0.0
2026-06-16T15:50:00+00:00,20027.75,20028.75,20026.5,20027.5,0.0
2026-06-16T15:51:00+00:00,20027.5,20028.5,20026.5,20027.5,0.0
2026-06-16T15:52:00+00:00,20027.5,20028.5,20026.25,20027.25,0.0
2026-06-16T15:53:00+00:00,20027.25,20028.25,20026.0,20027.0,0.0
2026-06-16T15:54:00+00:00,20027.0,20028.0,20025.75,20026.75,0.0
2026-06-16T15:55:00+00:00,20026.75,20027.75,20025.5,20026.5,0.0
2026-06-16T15:56:00+00:00,20026.5,20027.5,20025.25,20026.25,0.0
2026-06-16T15:57:00+00:00,20026.25,20027.25,20025.0,20026.0,0.0
2026-06-16T15:58:00+00:00,20026.0,20027.0,20024.75,20025.75,0.0
2026-06-16T15:59:00+00:00,20025.75,20026.75,20024.5,20025.5,0.0
2026-06-16T16:00:00+00:00,20025.5,20026.5,20024.25,20025.25,0.0
2026-06-16T16:01:00+00:00,20025.25,20026.25,20024.0,20025.0,0.0
2026-06-16T16:02:00+00:00,20025.0,20026.0,20023.75,20024.75,0.0
2026-06-16T16:03:00+00:00,20024.75,20025.75,20023.5,20024.5,0.0
2026-06-16T16:04:00+00:00,20024.5,20025.5,20023.25,20024.25,0.0
2026-06-16T16:05:00+00:00,20024.25,20025.25,20023.25,20024.25,0.0
2026-06-16T16:06:00+00:00,20024.25,20025.25,20023.0,20024.0,0.0
2026-06-16T16:07:00+00:00,20024.0,20025.0,20022.75,20023.75,0.0
2026-06-16T16:08:00+00:00,20023.75,20024.75,20022.5,20023.5,0.0
2026-06-16T16:09:00+00:00,20023.5,20024.5,20022.25,20023.25,0.0
2026-06-16T16:10:00+00:00,20023.25,20024.25,20022.0,20023.0,0.0
2026-06-16T16:11:00+00:00,20023.0,20024.0,20021.75,20022.75,0.0
2026-06-16T16:12:00+00:00,20022.75,20023.75,20021.5,20022.5,0.0
2026-06-16T16:13:00+00:00,20022.5,20023.5,20021.25,20022.25,0.0
2026-06-16T16:14:00+00:00,20022.25,20023.25,20021.0,20022.0,0.0
2026-06-16T16:15:00+00:00,20022.0,20023.0,20020.75,20021.75,0.0
2026-06-16T16:16:00+00:00,20021.75,20022.75,20020.5,20021.5,0.0
2026-06-16T16:17:00+00:00,20021.5,20022.5,20020.25,20021.25,0.0
2026-06-16T16:18:00+00:00,20021.25,20022.25,20020.25,20021.25,0.0
2026-06-16T16:19:00+00:00,20021.25,20022.25,20020.0,20021.0,0.0
2026-06-16T16:20:00+00:00,20021.0,20022.0,20019.75,20020.75,0.0
2026-06-16T16:21:00+00:00,20020.75,20021.75,20019.5,20020.5,0.0
2026-06-16T16:22:00+00:00,20020.5,20021.5,20019.25,20020.25,0.0
2026-06-16T16:23:00+00:00,20020.25,20021.25,20019.0,20020.0,0.0
2026-06-16T16:24:00+00:00,20020.0,20021.0,20018.75,20019.75,0.0
2026-06-16T16:25:00+00:00,20019.75,20020.75,20018.5,20019.5,0.0
2026-06-16T16:26:00+00:00,20019.5,20020.5,20018.25,20019.25,0.0
2026-06-16T16:27:00+00:00,20019.25,20020.25,20018.0,20019.0,0.0
2026-06-16T16:28:00+00:00,20019.0,20020.0,20017.75,20018.75,0.0
2026-06-16T16:29:00+00:00,20018.75,20019.75,20017.5,20018.5,0.0
2026-06-16T16:30:00+00:00,20018.5,20019.5,20017.25,20018.25,0.0
2026-06-16T16:31:00+00:00,20018.25,20019.25,20017.0,20018.0,0.0
2026-06-16T16:32:00+00:00,20018.0,20019.0,20017.0,20018.0,0.0
2026-06-16T16:33:00+00:00,20018.0,20019.0,20016.75,20017.75,0.0
2026-06-16T16:34:00+00:00,20017.75,20018.75,20016.5,20017.5,0.0
2026-06-16T16:35:00+00:00,20017.5,20018.5,20016.25,20017.25,0.0
2026-06-16T16:36:00+00:00,20017.25,20018.25,20016.0,20017.0,0.0
2026-06-16T16:37:00+00:00,20017.0,20018.0,20015.75,20016.75,0.0
2026-06-16T16:38:00+00:00,20016.75,20017.75,20015.5,20016.5,0.0
2026-06-16T16:39:00+00:00,20016.5,20017.5,20015.25,20016.25,0.0
2026-06-16T16:40:00+00:00,20016.25,20017.25,20015.0,20016.0,0.0
2026-06-16T16:41:00+00:00,20016.0,20017.0,20014.75,20015.75,0.0
2026-06-16T16:42:00+00:00,20015.75,20016.75,20014.5,20015.5,0.0
2026-06-16T16:43:00+00:00,20015.5,20016.5,20014.25,20015.25,0.0
2026-06-16T16:44:00+00:00,20015.25,20016.25,20014.0,20015.0,0.0
2026-06-16T16:45:00+00:00,20015.0,20016.0,20014.0,20015.0,0.0
2026-06-16T16:46:00+00:00,20015.0,20016.0,20013.75,20014.75,0.0
2026-06-16T16:47:00+00:00,20014.75,20015.75,20013.5,20014.5,0.0
2026-06-16T16:48:00+00:00,20014.5,20015.5,20013.25,20014.25,0.0
2026-06-16T16:49:00+00:00,20014.25,20015.25,20013.0,20014.0,0.0
2026-06-16T16:50:00+00:00,20014.0,20015.0,20012.75,20013.75,0.0
2026-06-16T16:51:00+00:00,20013.75,20014.75,20012.5,20013.5,0.0
2026-06-16T16:52:00+00:00,20013.5,20014.5,20012.25,20013.25,0.0
2026-06-16T16:53:00+00:00,20013.25,20014.25,20012.0,20013.0,0.0
2026-06-16T16:54:00+00:00,20013.0,20014.0,20011.75,20012.75,0.0
2026-06-16T16:55:00+00:00,20012.75,20013.75,20011.5,20012.5,0.0
2026-06-16T16:56:00+00:00,20012.5,20013.5,20011.25,20012.25,0.0
2026-06-16T16:57:00+00:00,20012.25,20013.25,20011.0,20012.0,0.0
2026-06-16T16:58:00+00:00,20012.0,20013.0,20011.0,20012.0,0.0
2026-06-16T16:59:00+00:00,20012.0,20013.0,20010.75,20011.75,0.0
2026-06-16T17:00:00+00:00,20011.75,20012.75,20010.5,20011.5,0.0
2026-06-16T17:01:00+00:00,20011.5,20012.5,20010.25,20011.25,0.0
2026-06-16T17:02:00+00:00,20011.25,20012.25,20010.0,20011.0,0.0
2026-06-16T17:03:00+00:00,20011.0,20012.0,20009.75,20010.75,0.0
2026-06-16T17:04:00+00:00,20010.75,20011.75,20009.5,20010.5,0.0
2026-06-16T17:05:00+00:00,20010.5,20011.5,20009.25,20010.25,0.0
2026-06-16T17:06:00+00:00,20010.25,20011.25,20009.0,20010.0,0.0
2026-06-16T17:07:00+00:00,20010.0,20011.0,20008.75,20009.75,0.0
2026-06-16T17:08:00+00:00,20009.75,20010.75,20008.5,20009.5,0.0
2026-06-16T17:09:00+00:00,20009.5,20010.5,20008.25,20009.25,0.0
2026-06-16T17:10:00+00:00,20009.25,20010.25,20008.0,20009.0,0.0
2026-06-16T17:11:00+00:00,20009.0,20010.0,20007.75,20008.75,0.0
2026-06-16T17:12:00+00:00,20008.75,20009.75,20007.75,20008.75,0.0
2026-06-16T17:13:00+00:00,20008.75,20009.75,20007.5,20008.5,0.0
2026-06-16T17:14:00+00:00,20008.5,20009.5,20007.25,20008.25,0.0
2026-06-16T17:15:00+00:00,20008.25,20009.25,20007.0,20008.0,0.0
2026-06-16T17:16:00+00:00,20008.0,20009.0,20006.75,20007.75,0.0
2026-06-16T17:17:00+00:00,20007.75,20008.75,20006.5,20007.5,0.0
2026-06-16T17:18:00+00:00,20007.5,20008.5,20006.25,20007.25,0.0
2026-06-16T17:19:00+00:00,20007.25,20008.25,20006.0,20007.0,0.0
2026-06-16T17:20:00+00:00,20007.0,20008.0,20005.75,20006.75,0.0
2026-06-16T17:21:00+00:00,20006.75,20007.75,20005.5,20006.5,0.0
2026-06-16T17:22:00+00:00,20006.5,20007.5,20005.25,20006.25,0.0
2026-06-16T17:23:00+00:00,20006.25,20007.25,20005.0,20006.0,0.0
2026-06-16T17:24:00+00:00,20006.0,20007.0,20004.75,20005.75,0.0
2026-06-16T17:25:00+00:00,20005.75,20006.75,20004.75,20005.75,0.0
2026-06-16T17:26:00+00:00,20005.75,20006.75,20004.5,20005.5,0.0
2026-06-16T17:27:00+00:00,20005.5,20006.5,20004.25,20005.25,0.0
2026-06-16T17:28:00+00:00,20005.25,20006.25,20004.0,20005.0,0.0
2026-06-16T17:29:00+00:00,20005.0,20006.0,20003.75,20004.75,0.0
2026-06-16T17:30:00+00:00,20004.75,20005.75,20003.5,20004.5,0.0
2026-06-16T17:31:00+00:00,20004.5,20005.5,20003.25,20004.25,0.0
2026-06-16T17:32:00+00:00,20004.25,20005.25,20003.0,20004.0,0.0
2026-06-16T17:33:00+00:00,20004.0,20005.0,20002.75,20003.75,0.0
2026-06-16T17:34:00+00:00,20003.75,20004.75,20002.5,20003.5,0.0
2026-06-16T17:35:00+00:00,20003.5,20004.5,20002.25,20003.25,0.0
2026-06-16T17:36:00+00:00,20003.25,20004.25,20002.0,20003.0,0.0
2026-06-16T17:37:00+00:00,20003.0,20004.0,20001.75,20002.75,0.0
2026-06-16T17:38:00+00:00,20002.75,20003.75,20001.5,20002.5,0.0
2026-06-16T17:39:00+00:00,20002.5,20003.5,20001.5,20002.5,0.0
2026-06-16T17:40:00+00:00,20002.5,20003.5,20001.25,20002.25,0.0
2026-06-16T17:41:00+00:00,20002.25,20003.25,20001.0,20002.0,0.0
2026-06-16T17:42:00+00:00,20002.0,20003.0,20000.75,20001.75,0.0
2026-06-16T17:43:00+00:00,20001.75,20002.75,20000.5,20001.5,0.0
2026-06-16T17:44:00+00:00,20001.5,20002.5,20000.25,20001.25,0.0
2026-06-16T17:45:00+00:00,20001.25,20002.25,20000.0,20001.0,0.0
2026-06-16T17:46:00+00:00,20001.0,20002.0,19999.75,20000.75,0.0
2026-06-16T17:47:00+00:00,20000.75,20001.75,19999.5,20000.5,0.0
2026-06-16T17:48:00+00:00,20000.5,20001.5,19999.25,20000.25,0.0
2026-06-16T17:49:00+00:00,20000.25,20001.25,19999.0,20000.0,0.0
2026-06-16T17:50:00+00:00,20000.0,20001.0,19998.75,19999.75,0.0
2026-06-16T17:51:00+00:00,19999.75,20000.75,19998.5,19999.5,0.0
2026-06-16T17:52:00+00:00,19999.5,20000.5,19998.5,19999.5,0.0
2026-06-16T17:53:00+00:00,19999.5,20000.5,19998.25,19999.25,0.0
2026-06-16T17:54:00+00:00,19999.25,20000.25,19998.0,19999.0,0.0
2026-06-16T17:55:00+00:00,19999.0,20000.0,19997.75,19998.75,0.0
2026-06-16T17:56:00+00:00,19998.75,19999.75,19997.5,19998.5,0.0
2026-06-16T17:57:00+00:00,19998.5,19999.5,19997.25,19998.25,0.0
2026-06-16T17:58:00+00:00,19998.25,19999.25,19997.0,19998.0,0.0
2026-06-16T17:59:00+00:00,19998.0,19999.0,19996.75,19997.75,0.0
2026-06-16T18:00:00+00:00,19997.75,19998.75,19996.5,19997.5,0.0
2026-06-16T18:01:00+00:00,19997.5,19998.5,19996.25,19997.25,0.0
2026-06-16T18:02:00+00:00,19997.25,19998.25,19996.0,19997.0,0.0
2026-06-16T18:03:00+00:00,19997.0,19998.0,19995.75,19996.75,0.0
2026-06-16T18:04:00+00:00,19996.75,19997.75,19995.5,19996.5,0.0
2026-06-16T18:05:00+00:00,19996.5,19997.5,19995.5,19996.5,0.0
2026-06-16T18:06:00+00:00,19996.5,19997.5,19995.25,19996.25,0.0
2026-06-16T18:07:00+00:00,19996.25,19997.25,19995.0,19996.0,0.0
2026-06-16T18:08:00+00:00,19996.0,19997.0,19994.75,19995.75,0.0
2026-06-16T18:09:00+00:00,19995.75,19996.75,19994.5,19995.5,0.0
2026-06-16T18:10:00+00:00,19995.5,19996.5,19994.25,19995.25,0.0
2026-06-16T18:11:00+00:00,19995.25,19996.25,19994.0,19995.0,0.0
2026-06-16T18:12:00+00:00,19995.0,19996.0,19993.75,19994.75,0.0
2026-06-16T18:13:00+00:00,19994.75,19995.75,19993.5,19994.5,0.0
2026-06-16T18:14:00+00:00,19994.5,19995.5,19993.25,19994.25,0.0
2026-06-16T18:15:00+00:00,19994.25,19995.25,19993.0,19994.0,0.0
2026-06-16T18:16:00+00:00,19994.0,19995.0,19992.75,19993.75,0.0
2026-06-16T18:17:00+00:00,19993.75,19994.75,19992.5,19993.5,0.0
2026-06-16T18:18:00+00:00,19993.5,19994.5,19992.25,19993.25,0.0
2026-06-16T18:19:00+00:00,19993.25,19994.25,19992.25,19993.25,0.0
2026-06-16T18:20:00+00:00,19993.25,19994.25,19992.0,19993.0,0.0
2026-06-16T18:21:00+00:00,19993.0,19994.0,19991.75,19992.75,0.0
2026-06-16T18:22:00+00:00,19992.75,19993.75,19991.5,19992.5,0.0
2026-06-16T18:23:00+00:00,19992.5,19993.5,19991.25,19992.25,0.0
2026-06-16T18:24:00+00:00,19992.25,19993.25,19991.0,19992.0,0.0
2026-06-16T18:25:00+00:00,19992.0,19993.0,19990.75,19991.75,0.0
2026-06-16T18:26:00+00:00,19991.75,19992.75,19990.5,19991.5,0.0
2026-06-16T18:27:00+00:00,19991.5,19992.5,19990.25,19991.25,0.0
2026-06-16T18:28:00+00:00,19991.25,19992.25,19990.0,19991.0,0.0
2026-06-16T18:29:00+00:00,19991.0,19992.0,19989.75,19990.75,0.0
2026-06-16T18:30:00+00:00,19990.75,19991.75,19989.5,19990.5,0.0
2026-06-16T18:31:00+00:00,19990.5,19991.5,19989.25,19990.25,0.0
2026-06-16T18:32:00+00:00,19990.25,19991.25,19989.25,19990.25,0.0
2026-06-16T18:33:00+00:00,19990.25,19991.25,19989.0,19990.0,0.0
2026-06-16T18:34:00+00:00,19990.0,19991.0,19988.75,19989.75,0.0
2026-06-16T18:35:00+00:00,19989.75,19990.75,19988.5,19989.5,0.0
2026-06-16T18:36:00+00:00,19989.5,19990.5,19988.25,19989.25,0.0
2026-06-16T18:37:00+00:00,19989.25,19990.25,19988.0,19989.0,0.0
2026-06-16T18:38:00+00:00,19989.0,19990.0,19987.75,19988.75,0.0
2026-06-16T18:39:00+00:00,19988.75,19989.75,19987.5,19988.5,0.0
2026-06-16T18:40:00+00:00,19988.5,19989.5,19987.25,19988.25,0.0
2026-06-16T18:41:00+00:00,19988.25,19989.25,19987.0,19988.0,0.0
2026-06-16T18:42:00+00:00,19988.0,19989.0,19986.75,19987.75,0.0
2026-06-16T18:43:00+00:00,19987.75,19988.75,19986.5,19987.5,0.0
2026-06-16T18:44:00+00:00,19987.5,19988.5,19986.25,19987.25,0.0
2026-06-16T18:45:00+00:00,19987.25,19988.25,19986.0,19987.0,0.0
2026-06-16T18:46:00+00:00,19987.0,19988.0,19986.0,19987.0,0.0
2026-06-16T18:47:00+00:00,19987.0,19988.0,19985.75,19986.75,0.0
2026-06-16T18:48:00+00:00,19986.75,19987.75,19985.5,19986.5,0.0
2026-06-16T18:49:00+00:00,19986.5,19987.5,19985.25,19986.25,0.0
2026-06-16T18:50:00+00:00,19986.25,19987.25,19985.0,19986.0,0.0
2026-06-16T18:51:00+00:00,19986.0,19987.0,19984.75,19985.75,0.0
2026-06-16T18:52:00+00:00,19985.75,19986.75,19984.5,19985.5,0.0
2026-06-16T18:53:00+00:00,19985.5,19986.5,19984.25,19985.25,0.0
2026-06-16T18:54:00+00:00,19985.25,19986.25,19984.0,19985.0,0.0
2026-06-16T18:55:00+00:00,19985.0,19986.0,19983.75,19984.75,0.0
2026-06-16T18:56:00+00:00,19984.75,19985.75,19983.5,19984.5,0.0
2026-06-16T18:57:00+00:00,19984.5,19985.5,19983.25,19984.25,0.0
2026-06-16T18:58:00+00:00,19984.25,19985.25,19983.0,19984.0,0.0
2026-06-16T18:59:00+00:00,19984.0,19985.0,19983.0,19984.0,0.0
2026-06-16T19:00:00+00:00,19984.0,19985.0,19982.75,19983.75,0.0
2026-06-16T19:01:00+00:00,19983.75,19984.75,19982.5,19983.5,0.0
2026-06-16T19:02:00+00:00,19983.5,19984.5,19982.25,19983.25,0.0
2026-06-16T19:03:00+00:00,19983.25,19984.25,19982.0,19983.0,0.0
2026-06-16T19:04:00+00:00,19983.0,19984.0,19981.75,19982.75,0.0
2026-06-16T19:05:00+00:00,19982.75,19983.75,19981.5,19982.5,0.0
2026-06-16T19:06:00+00:00,19982.5,19983.5,19981.25,19982.25,0.0
2026-06-16T19:07:00+00:00,19982.25,19983.25,19981.0,19982.0,0.0
2026-06-16T19:08:00+00:00,19982.0,19983.0,19980.75,19981.75,0.0
2026-06-16T19:09:00+00:00,19981.75,19982.75,19980.5,19981.5,0.0
2026-06-16T19:10:00+00:00,19981.5,19982.5,19980.25,19981.25,0.0
2026-06-16T19:11:00+00:00,19981.25,19982.25,19980.0,19981.0,0.0
2026-06-16T19:12:00+00:00,19981.0,19982.0,19979.75,19980.75,0.0
2026-06-16T19:13:00+00:00,19980.75,19981.75,19979.75,19980.75,0.0
2026-06-16T19:14:00+00:00,19980.75,19981.75,19979.5,19980.5,0.0
2026-06-16T19:15:00+00:00,19980.5,19981.5,19979.25,19980.25,0.0
2026-06-16T19:16:00+00:00,19980.25,19981.25,19979.0,19980.0,0.0
2026-06-16T19:17:00+00:00,19980.0,19981.0,19978.75,19979.75,0.0
2026-06-16T19:18:00+00:00,19979.75,19980.75,19978.5,19979.5,0.0
2026-06-16T19:19:00+00:00,19979.5,19980.5,19978.25,19979.25,0.0
2026-06-16T19:20:00+00:00,19979.25,19980.25,19978.0,19979.0,0.0
2026-06-16T19:21:00+00:00,19979.0,19980.0,19977.75,19978.75,0.0
2026-06-16T19:22:00+00:00,19978.75,19979.75,19977.5,19978.5,0.0
2026-06-16T19:23:00+00:00,19978.5,19979.5,19977.25,19978.25,0.0
2026-06-16T19:24:00+00:00,19978.25,19979.25,19977.0,19978.0,0.0
2026-06-16T19:25:00+00:00,19978.0,19979.0,19976.75,19977.75,0.0
2026-06-16T19:26:00+00:00,19977.75,19978.75,19976.75,19977.75,0.0
2026-06-16T19:27:00+00:00,19977.75,19978.75,19976.5,19977.5,0.0
2026-06-16T19:28:00+00:00,19977.5,19978.5,19976.25,19977.25,0.0
2026-06-16T19:29:00+00:00,19977.25,19978.25,19976.0,19977.0,0.0
2026-06-16T19:30:00+00:00,19977.0,19978.0,19975.75,19976.75,0.0
2026-06-16T19:31:00+00:00,19976.75,19977.75,19975.5,19976.5,0.0
2026-06-16T19:32:00+00:00,19976.5,19977.5,19975.25,19976.25,0.0
2026-06-16T19:33:00+00:00,19976.25,19977.25,19975.0,19976.0,0.0
2026-06-16T19:34:00+00:00,19976.0,19977.0,19974.75,19975.75,0.0
2026-06-16T19:35:00+00:00,19975.75,19976.75,19974.5,19975.5,0.0
2026-06-16T19:36:00+00:00,19975.5,19976.5,19974.25,19975.25,0.0
2026-06-16T19:37:00+00:00,19975.25,19976.25,19974.0,19975.0,0.0
2026-06-16T19:38:00+00:00,19975.0,19976.0,19973.75,19974.75,0.0
2026-06-16T19:39:00+00:00,19974.75,19975.75,19973.75,19974.75,0.0
2026-06-16T19:40:00+00:00,19974.75,19975.75,19973.5,19974.5,0.0
2026-06-16T19:41:00+00:00,19974.5,19975.5,19973.25,19974.25,0.0
2026-06-16T19:42:00+00:00,19974.25,19975.25,19973.0,19974.0,0.0
2026-06-16T19:43:00+00:00,19974.0,19975.0,19972.75,19973.75,0.0
2026-06-16T19:44:00+00:00,19973.75,19974.75,19972.5,19973.5,0.0
2026-06-16T19:45:00+00:00,19973.5,19974.5,19972.25,19973.25,0.0
2026-06-16T19:46:00+00:00,19973.25,19974.25,19972.0,19973.0,0.0
2026-06-16T19:47:00+00:00,19973.0,19974.0,19971.75,19972.75,0.0
2026-06-16T19:48:00+00:00,19972.75,19973.75,19971.5,19972.5,0.0
2026-06-16T19:49:00+00:00,19972.5,19973.5,19971.25,19972.25,0.0
2026-06-16T19:50:00+00:00,19972.25,19973.25,19971.0,19972.0,0.0
2026-06-16T19:51:00+00:00,19972.0,19973.0,19970.75,19971.75,0.0
2026-06-16T19:52:00+00:00,19971.75,19972.75,19970.5,19971.5,0.0
2026-06-16T19:53:00+00:00,19971.5,19972.5,19970.5,19971.5,0.0
2026-06-16T19:54:00+00:00,19971.5,19972.5,19970.25,19971.25,0.0
2026-06-16T19:55:00+00:00,19971.25,19972.25,19970.0,19971.0,0.0
2026-06-16T19:56:00+00:00,19971.0,19972.0,19969.75,19970.75,0.0
2026-06-16T19:57:00+00:00,19970.75,19971.75,19969.5,19970.5,0.0
2026-06-16T19:58:00+00:00,19970.5,19971.5,19969.25,19970.25,0.0
2026-06-16T19:59:00+00:00,19970.25,19971.25,19800.0,19970.0,0.0
2026-06-23T13:30:00+00:00,20060.0,20080.0,20059.0,20060.0,0.0
2026-06-23T13:31:00+00:00,20060.0,20061.0,20058.75,20059.75,0.0
2026-06-23T13:32:00+00:00,20059.75,20060.75,20058.5,20059.5,0.0
2026-06-23T13:33:00+00:00,20059.5,20060.5,20058.25,20059.25,0.0
2026-06-23T13:34:00+00:00,20059.25,20060.25,20058.0,20059.0,0.0
2026-06-23T13:35:00+00:00,20059.0,20060.0,20057.75,20058.75,0.0
2026-06-23T13:36:00+00:00,20058.75,20059.75,20057.5,20058.5,0.0
2026-06-23T13:37:00+00:00,20058.5,20059.5,20057.5,20058.5,0.0
2026-06-23T13:38:00+00:00,20058.5,20059.5,20057.25,20058.25,0.0
2026-06-23T13:39:00+00:00,20058.25,20059.25,20057.0,20058.0,0.0
2026-06-23T13:40:00+00:00,20058.0,20059.0,20056.75,20057.75,0.0
2026-06-23T13:41:00+00:00,20057.75,20058.75,20056.5,20057.5,0.0
2026-06-23T13:42:00+00:00,20057.5,20058.5,20056.25,20057.25,0.0
2026-06-23T13:43:00+00:00,20057.25,20058.25,20056.0,20057.0,0.0
2026-06-23T13:44:00+00:00,20057.0,20058.0,20055.75,20056.75,0.0
2026-06-23T13:45:00+00:00,20056.75,20057.75,20055.5,20056.5,0.0
2026-06-23T13:46:00+00:00,20056.5,20057.5,20055.25,20056.25,0.0
2026-06-23T13:47:00+00:00,20056.25,20057.25,20055.0,20056.0,0.0
2026-06-23T13:48:00+00:00,20056.0,20057.0,20054.75,20055.75,0.0
2026-06-23T13:49:00+00:00,20055.75,20056.75,20054.5,20055.5,0.0
2026-06-23T13:50:00+00:00,20055.5,20056.5,20054.25,20055.25,0.0
2026-06-23T13:51:00+00:00,20055.25,20056.25,20054.25,20055.25,0.0
2026-06-23T13:52:00+00:00,20055.25,20056.25,20054.0,20055.0,0.0
2026-06-23T13:53:00+00:00,20055.0,20056.0,20053.75,20054.75,0.0
2026-06-23T13:54:00+00:00,20054.75,20055.75,20053.5,20054.5,0.0
2026-06-23T13:55:00+00:00,20054.5,20055.5,20053.25,20054.25,0.0
2026-06-23T13:56:00+00:00,20054.25,20055.25,20053.0,20054.0,0.0
2026-06-23T13:57:00+00:00,20054.0,20055.0,20052.75,20053.75,0.0
2026-06-23T13:58:00+00:00,20053.75,20054.75,20052.5,20053.5,0.0
2026-06-23T13:59:00+00:00,20053.5,20054.5,20052.25,20053.25,0.0
2026-06-23T14:00:00+00:00,20053.25,20054.25,20052.0,20053.0,0.0
2026-06-23T14:01:00+00:00,20053.0,20054.0,20051.75,20052.75,0.0
2026-06-23T14:02:00+00:00,20052.75,20053.75,20051.5,20052.5,0.0
2026-06-23T14:03:00+00:00,20052.5,20053.5,20051.25,20052.25,0.0
2026-06-23T14:04:00+00:00,20052.25,20053.25,20051.25,20052.25,0.0
2026-06-23T14:05:00+00:00,20052.25,20053.25,20051.0,20052.0,0.0
2026-06-23T14:06:00+00:00,20052.0,20053.0,20050.75,20051.75,0.0
2026-06-23T14:07:00+00:00,20051.75,20052.75,20050.5,20051.5,0.0
2026-06-23T14:08:00+00:00,20051.5,20052.5,20050.25,20051.25,0.0
2026-06-23T14:09:00+00:00,20051.25,20052.25,20050.0,20051.0,0.0
2026-06-23T14:10:00+00:00,20051.0,20052.0,20049.75,20050.75,0.0
2026-06-23T14:11:00+00:00,20050.75,20051.75,20049.5,20050.5,0.0
2026-06-23T14:12:00+00:00,20050.5,20051.5,20049.25,20050.25,0.0
2026-06-23T14:13:00+00:00,20050.25,20051.25,20049.0,20050.0,0.0
2026-06-23T14:14:00+00:00,20050.0,20051.0,20048.75,20049.75,0.0
2026-06-23T14:15:00+00:00,20049.75,20050.75,20048.5,20049.5,0.0
2026-06-23T14:16:00+00:00,20049.5,20050.5,20048.25,20049.25,0.0
2026-06-23T14:17:00+00:00,20049.25,20050.25,20048.25,20049.25,0.0
2026-06-23T14:18:00+00:00,20049.25,20050.25,20048.0,20049.0,0.0
2026-06-23T14:19:00+00:00,20049.0,20050.0,20047.75,20048.75,0.0
2026-06-23T14:20:00+00:00,20048.75,20049.75,20047.5,20048.5,0.0
2026-06-23T14:21:00+00:00,20048.5,20049.5,20047.25,20048.25,0.0
2026-06-23T14:22:00+00:00,20048.25,20049.25,20047.0,20048.0,0.0
2026-06-23T14:23:00+00:00,20048.0,20049.0,20046.75,20047.75,0.0
2026-06-23T14:24:00+00:00,20047.75,20048.75,20046.5,20047.5,0.0
2026-06-23T14:25:00+00:00,20047.5,20048.5,20046.25,20047.25,0.0
2026-06-23T14:26:00+00:00,20047.25,20048.25,20046.0,20047.0,0.0
2026-06-23T14:27:00+00:00,20047.0,20048.0,20045.75,20046.75,0.0
2026-06-23T14:28:00+00:00,20046.75,20047.75,20045.5,20046.5,0.0
2026-06-23T14:29:00+00:00,20046.5,20047.5,20045.25,20046.25,0.0
2026-06-23T14:30:00+00:00,20046.25,20047.25,20045.0,20046.0,0.0
2026-06-23T14:31:00+00:00,20046.0,20047.0,20045.0,20046.0,0.0
2026-06-23T14:32:00+00:00,20046.0,20047.0,20044.75,20045.75,0.0
2026-06-23T14:33:00+00:00,20045.75,20046.75,20044.5,20045.5,0.0
2026-06-23T14:34:00+00:00,20045.5,20046.5,20044.25,20045.25,0.0
2026-06-23T14:35:00+00:00,20045.25,20046.25,20044.0,20045.0,0.0
2026-06-23T14:36:00+00:00,20045.0,20046.0,20043.75,20044.75,0.0
2026-06-23T14:37:00+00:00,20044.75,20045.75,20043.5,20044.5,0.0
2026-06-23T14:38:00+00:00,20044.5,20045.5,20043.25,20044.25,0.0
2026-06-23T14:39:00+00:00,20044.25,20045.25,20043.0,20044.0,0.0
2026-06-23T14:40:00+00:00,20044.0,20045.0,20042.75,20043.75,0.0
2026-06-23T14:41:00+00:00,20043.75,20044.75,20042.5,20043.5,0.0
2026-06-23T14:42:00+00:00,20043.5,20044.5,20042.25,20043.25,0.0
2026-06-23T14:43:00+00:00,20043.25,20044.25,20042.0,20043.0,0.0
2026-06-23T14:44:00+00:00,20043.0,20044.0,20042.0,20043.0,0.0
2026-06-23T14:45:00+00:00,20043.0,20044.0,20041.75,20042.75,0.0
2026-06-23T14:46:00+00:00,20042.75,20043.75,20041.5,20042.5,0.0
2026-06-23T14:47:00+00:00,20042.5,20043.5,20041.25,20042.25,0.0
2026-06-23T14:48:00+00:00,20042.25,20043.25,20041.0,20042.0,0.0
2026-06-23T14:49:00+00:00,20042.0,20043.0,20040.75,20041.75,0.0
2026-06-23T14:50:00+00:00,20041.75,20042.75,20040.5,20041.5,0.0
2026-06-23T14:51:00+00:00,20041.5,20042.5,20040.25,20041.25,0.0
2026-06-23T14:52:00+00:00,20041.25,20042.25,20040.0,20041.0,0.0
2026-06-23T14:53:00+00:00,20041.0,20042.0,20039.75,20040.75,0.0
2026-06-23T14:54:00+00:00,20040.75,20041.75,20039.5,20040.5,0.0
2026-06-23T14:55:00+00:00,20040.5,20041.5,20039.25,20040.25,0.0
2026-06-23T14:56:00+00:00,20040.25,20041.25,20039.0,20040.0,0.0
2026-06-23T14:57:00+00:00,20040.0,20041.0,20038.75,20039.75,0.0
2026-06-23T14:58:00+00:00,20039.75,20040.75,20038.75,20039.75,0.0
2026-06-23T14:59:00+00:00,20039.75,20040.75,20038.5,20039.5,0.0
2026-06-23T15:00:00+00:00,20039.5,20040.5,20038.25,20039.25,0.0
2026-06-23T15:01:00+00:00,20039.25,20040.25,20038.0,20039.0,0.0
2026-06-23T15:02:00+00:00,20039.0,20040.0,20037.75,20038.75,0.0
2026-06-23T15:03:00+00:00,20038.75,20039.75,20037.5,20038.5,0.0
2026-06-23T15:04:00+00:00,20038.5,20039.5,20037.25,20038.25,0.0
2026-06-23T15:05:00+00:00,20038.25,20039.25,20037.0,20038.0,0.0
2026-06-23T15:06:00+00:00,20038.0,20039.0,20036.75,20037.75,0.0
2026-06-23T15:07:00+00:00,20037.75,20038.75,20036.5,20037.5,0.0
2026-06-23T15:08:00+00:00,20037.5,20038.5,20036.25,20037.25,0.0
2026-06-23T15:09:00+00:00,20037.25,20038.25,20036.0,20037.0,0.0
2026-06-23T15:10:00+00:00,20037.0,20038.0,20035.75,20036.75,0.0
2026-06-23T15:11:00+00:00,20036.75,20037.75,20035.75,20036.75,0.0
2026-06-23T15:12:00+00:00,20036.75,20037.75,20035.5,20036.5,0.0
2026-06-23T15:13:00+00:00,20036.5,20037.5,20035.25,20036.25,0.0
2026-06-23T15:14:00+00:00,20036.25,20037.25,20035.0,20036.0,0.0
2026-06-23T15:15:00+00:00,20036.0,20037.0,20034.75,20035.75,0.0
2026-06-23T15:16:00+00:00,20035.75,20036.75,20034.5,20035.5,0.0
2026-06-23T15:17:00+00:00,20035.5,20036.5,20034.25,20035.25,0.0
2026-06-23T15:18:00+00:00,20035.25,20036.25,20034.0,20035.0,0.0
2026-06-23T15:19:00+00:00,20035.0,20036.0,20033.75,20034.75,0.0
2026-06-23T15:20:00+00:00,20034.75,20035.75,20033.5,20034.5,0.0
2026-06-23T15:21:00+00:00,20034.5,20035.5,20033.25,20034.25,0.0
2026-06-23T15:22:00+00:00,20034.25,20035.25,20033.0,20034.0,0.0
2026-06-23T15:23:00+00:00,20034.0,20035.0,20032.75,20033.75,0.0
2026-06-23T15:24:00+00:00,20033.75,20034.75,20032.5,20033.5,0.0
2026-06-23T15:25:00+00:00,20033.5,20034.5,20032.5,20033.5,0.0
2026-06-23T15:26:00+00:00,20033.5,20034.5,20032.25,20033.25,0.0
2026-06-23T15:27:00+00:00,20033.25,20034.25,20032.0,20033.0,0.0
2026-06-23T15:28:00+00:00,20033.0,20034.0,20031.75,20032.75,0.0
2026-06-23T15:29:00+00:00,20032.75,20033.75,20031.5,20032.5,0.0
2026-06-23T15:30:00+00:00,20032.5,20033.5,20031.25,20032.25,0.0
2026-06-23T15:31:00+00:00,20032.25,20033.25,20031.0,20032.0,0.0
2026-06-23T15:32:00+00:00,20032.0,20033.0,20030.75,20031.75,0.0
2026-06-23T15:33:00+00:00,20031.75,20032.75,20030.5,20031.5,0.0
2026-06-23T15:34:00+00:00,20031.5,20032.5,20030.25,20031.25,0.0
2026-06-23T15:35:00+00:00,20031.25,20032.25,20030.0,20031.0,0.0
2026-06-23T15:36:00+00:00,20031.0,20032.0,20029.75,20030.75,0.0
2026-06-23T15:37:00+00:00,20030.75,20031.75,20029.5,20030.5,0.0
2026-06-23T15:38:00+00:00,20030.5,20031.5,20029.5,20030.5,0.0
2026-06-23T15:39:00+00:00,20030.5,20031.5,20029.25,20030.25,0.0
2026-06-23T15:40:00+00:00,20030.25,20031.25,20029.0,20030.0,0.0
2026-06-23T15:41:00+00:00,20030.0,20031.0,20028.75,20029.75,0.0
2026-06-23T15:42:00+00:00,20029.75,20030.75,20028.5,20029.5,0.0
2026-06-23T15:43:00+00:00,20029.5,20030.5,20028.25,20029.25,0.0
2026-06-23T15:44:00+00:00,20029.25,20030.25,20028.0,20029.0,0.0
2026-06-23T15:45:00+00:00,20029.0,20030.0,20027.75,20028.75,0.0
2026-06-23T15:46:00+00:00,20028.75,20029.75,20027.5,20028.5,0.0
2026-06-23T15:47:00+00:00,20028.5,20029.5,20027.25,20028.25,0.0
2026-06-23T15:48:00+00:00,20028.25,20029.25,20027.0,20028.0,0.0
2026-06-23T15:49:00+00:00,20028.0,20029.0,20026.75,20027.75,0.0
2026-06-23T15:50:00+00:00,20027.75,20028.75,20026.5,20027.5,0.0
2026-06-23T15:51:00+00:00,20027.5,20028.5,20026.5,20027.5,0.0
2026-06-23T15:52:00+00:00,20027.5,20028.5,20026.25,20027.25,0.0
2026-06-23T15:53:00+00:00,20027.25,20028.25,20026.0,20027.0,0.0
2026-06-23T15:54:00+00:00,20027.0,20028.0,20025.75,20026.75,0.0
2026-06-23T15:55:00+00:00,20026.75,20027.75,20025.5,20026.5,0.0
2026-06-23T15:56:00+00:00,20026.5,20027.5,20025.25,20026.25,0.0
2026-06-23T15:57:00+00:00,20026.25,20027.25,20025.0,20026.0,0.0
2026-06-23T15:58:00+00:00,20026.0,20027.0,20024.75,20025.75,0.0
2026-06-23T15:59:00+00:00,20025.75,20026.75,20024.5,20025.5,0.0
2026-06-23T16:00:00+00:00,20025.5,20026.5,20024.25,20025.25,0.0
2026-06-23T16:01:00+00:00,20025.25,20026.25,20024.0,20025.0,0.0
2026-06-23T16:02:00+00:00,20025.0,20026.0,20023.75,20024.75,0.0
2026-06-23T16:03:00+00:00,20024.75,20025.75,20023.5,20024.5,0.0
2026-06-23T16:04:00+00:00,20024.5,20025.5,20023.25,20024.25,0.0
2026-06-23T16:05:00+00:00,20024.25,20025.25,20023.25,20024.25,0.0
2026-06-23T16:06:00+00:00,20024.25,20025.25,20023.0,20024.0,0.0
2026-06-23T16:07:00+00:00,20024.0,20025.0,20022.75,20023.75,0.0
2026-06-23T16:08:00+00:00,20023.75,20024.75,20022.5,20023.5,0.0
2026-06-23T16:09:00+00:00,20023.5,20024.5,20022.25,20023.25,0.0
2026-06-23T16:10:00+00:00,20023.25,20024.25,20022.0,20023.0,0.0
2026-06-23T16:11:00+00:00,20023.0,20024.0,20021.75,20022.75,0.0
2026-06-23T16:12:00+00:00,20022.75,20023.75,20021.5,20022.5,0.0
2026-06-23T16:13:00+00:00,20022.5,20023.5,20021.25,20022.25,0.0
2026-06-23T16:14:00+00:00,20022.25,20023.25,20021.0,20022.0,0.0
2026-06-23T16:15:00+00:00,20022.0,20023.0,20020.75,20021.75,0.0
2026-06-23T16:16:00+00:00,20021.75,20022.75,20020.5,20021.5,0.0
2026-06-23T16:17:00+00:00,20021.5,20022.5,20020.25,20021.25,0.0
2026-06-23T16:18:00+00:00,20021.25,20022.25,20020.25,20021.25,0.0
2026-06-23T16:19:00+00:00,20021.25,20022.25,20020.0,20021.0,0.0
2026-06-23T16:20:00+00:00,20021.0,20022.0,20019.75,20020.75,0.0
2026-06-23T16:21:00+00:00,20020.75,20021.75,20019.5,20020.5,0.0
2026-06-23T16:22:00+00:00,20020.5,20021.5,20019.25,20020.25,0.0
2026-06-23T16:23:00+00:00,20020.25,20021.25,20019.0,20020.0,0.0
2026-06-23T16:24:00+00:00,20020.0,20021.0,20018.75,20019.75,0.0
2026-06-23T16:25:00+00:00,20019.75,20020.75,20018.5,20019.5,0.0
2026-06-23T16:26:00+00:00,20019.5,20020.5,20018.25,20019.25,0.0
2026-06-23T16:27:00+00:00,20019.25,20020.25,20018.0,20019.0,0.0
2026-06-23T16:28:00+00:00,20019.0,20020.0,20017.75,20018.75,0.0
2026-06-23T16:29:00+00:00,20018.75,20019.75,20017.5,20018.5,0.0
2026-06-23T16:30:00+00:00,20018.5,20019.5,20017.25,20018.25,0.0
2026-06-23T16:31:00+00:00,20018.25,20019.25,20017.0,20018.0,0.0
2026-06-23T16:32:00+00:00,20018.0,20019.0,20017.0,20018.0,0.0
2026-06-23T16:33:00+00:00,20018.0,20019.0,20016.75,20017.75,0.0
2026-06-23T16:34:00+00:00,20017.75,20018.75,20016.5,20017.5,0.0
2026-06-23T16:35:00+00:00,20017.5,20018.5,20016.25,20017.25,0.0
2026-06-23T16:36:00+00:00,20017.25,20018.25,20016.0,20017.0,0.0
2026-06-23T16:37:00+00:00,20017.0,20018.0,20015.75,20016.75,0.0
2026-06-23T16:38:00+00:00,20016.75,20017.75,20015.5,20016.5,0.0
2026-06-23T16:39:00+00:00,20016.5,20017.5,20015.25,20016.25,0.0
2026-06-23T16:40:00+00:00,20016.25,20017.25,20015.0,20016.0,0.0
2026-06-23T16:41:00+00:00,20016.0,20017.0,20014.75,20015.75,0.0
2026-06-23T16:42:00+00:00,20015.75,20016.75,20014.5,20015.5,0.0
2026-06-23T16:43:00+00:00,20015.5,20016.5,20014.25,20015.25,0.0
2026-06-23T16:44:00+00:00,20015.25,20016.25,20014.0,20015.0,0.0
2026-06-23T16:45:00+00:00,20015.0,20016.0,20014.0,20015.0,0.0
2026-06-23T16:46:00+00:00,20015.0,20016.0,20013.75,20014.75,0.0
2026-06-23T16:47:00+00:00,20014.75,20015.75,20013.5,20014.5,0.0
2026-06-23T16:48:00+00:00,20014.5,20015.5,20013.25,20014.25,0.0
2026-06-23T16:49:00+00:00,20014.25,20015.25,20013.0,20014.0,0.0
2026-06-23T16:50:00+00:00,20014.0,20015.0,20012.75,20013.75,0.0
2026-06-23T16:51:00+00:00,20013.75,20014.75,20012.5,20013.5,0.0
2026-06-23T16:52:00+00:00,20013.5,20014.5,20012.25,20013.25,0.0
2026-06-23T16:53:00+00:00,20013.25,20014.25,20012.0,20013.0,0.0
2026-06-23T16:54:00+00:00,20013.0,20014.0,20011.75,20012.75,0.0
2026-06-23T16:55:00+00:00,20012.75,20013.75,20011.5,20012.5,0.0
2026-06-23T16:56:00+00:00,20012.5,20013.5,20011.25,20012.25,0.0
2026-06-23T16:57:00+00:00,20012.25,20013.25,20011.0,20012.0,0.0
2026-06-23T16:58:00+00:00,20012.0,20013.0,20011.0,20012.0,0.0
2026-06-23T16:59:00+00:00,20012.0,20013.0,20010.75,20011.75,0.0
2026-06-23T17:00:00+00:00,20011.75,20012.75,20010.5,20011.5,0.0
2026-06-23T17:01:00+00:00,20011.5,20012.5,20010.25,20011.25,0.0
2026-06-23T17:02:00+00:00,20011.25,20012.25,20010.0,20011.0,0.0
2026-06-23T17:03:00+00:00,20011.0,20012.0,20009.75,20010.75,0.0
2026-06-23T17:04:00+00:00,20010.75,20011.75,20009.5,20010.5,0.0
2026-06-23T17:05:00+00:00,20010.5,20011.5,20009.25,20010.25,0.0
2026-06-23T17:06:00+00:00,20010.25,20011.25,20009.0,20010.0,0.0
2026-06-23T17:07:00+00:00,20010.0,20011.0,20008.75,20009.75,0.0
2026-06-23T17:08:00+00:00,20009.75,20010.75,20008.5,20009.5,0.0
2026-06-23T17:09:00+00:00,20009.5,20010.5,20008.25,20009.25,0.0
2026-06-23T17:10:00+00:00,20009.25,20010.25,20008.0,20009.0,0.0
2026-06-23T17:11:00+00:00,20009.0,20010.0,20007.75,20008.75,0.0
2026-06-23T17:12:00+00:00,20008.75,20009.75,20007.75,20008.75,0.0
2026-06-23T17:13:00+00:00,20008.75,20009.75,20007.5,20008.5,0.0
2026-06-23T17:14:00+00:00,20008.5,20009.5,20007.25,20008.25,0.0
2026-06-23T17:15:00+00:00,20008.25,20009.25,20007.0,20008.0,0.0
2026-06-23T17:16:00+00:00,20008.0,20009.0,20006.75,20007.75,0.0
2026-06-23T17:17:00+00:00,20007.75,20008.75,20006.5,20007.5,0.0
2026-06-23T17:18:00+00:00,20007.5,20008.5,20006.25,20007.25,0.0
2026-06-23T17:19:00+00:00,20007.25,20008.25,20006.0,20007.0,0.0
2026-06-23T17:20:00+00:00,20007.0,20008.0,20005.75,20006.75,0.0
2026-06-23T17:21:00+00:00,20006.75,20007.75,20005.5,20006.5,0.0
2026-06-23T17:22:00+00:00,20006.5,20007.5,20005.25,20006.25,0.0
2026-06-23T17:23:00+00:00,20006.25,20007.25,20005.0,20006.0,0.0
2026-06-23T17:24:00+00:00,20006.0,20007.0,20004.75,20005.75,0.0
2026-06-23T17:25:00+00:00,20005.75,20006.75,20004.75,20005.75,0.0
2026-06-23T17:26:00+00:00,20005.75,20006.75,20004.5,20005.5,0.0
2026-06-23T17:27:00+00:00,20005.5,20006.5,20004.25,20005.25,0.0
2026-06-23T17:28:00+00:00,20005.25,20006.25,20004.0,20005.0,0.0
2026-06-23T17:29:00+00:00,20005.0,20006.0,20003.75,20004.75,0.0
2026-06-23T17:30:00+00:00,20004.75,20005.75,20003.5,20004.5,0.0
2026-06-23T17:31:00+00:00,20004.5,20005.5,20003.25,20004.25,0.0
2026-06-23T17:32:00+00:00,20004.25,20005.25,20003.0,20004.0,0.0
2026-06-23T17:33:00+00:00,20004.0,20005.0,20002.75,20003.75,0.0
2026-06-23T17:34:00+00:00,20003.75,20004.75,20002.5,20003.5,0.0
2026-06-23T17:35:00+00:00,20003.5,20004.5,20002.25,20003.25,0.0
2026-06-23T17:36:00+00:00,20003.25,20004.25,20002.0,20003.0,0.0
2026-06-23T17:37:00+00:00,20003.0,20004.0,20001.75,20002.75,0.0
2026-06-23T17:38:00+00:00,20002.75,20003.75,20001.5,20002.5,0.0
2026-06-23T17:39:00+00:00,20002.5,20003.5,20001.5,20002.5,0.0
2026-06-23T17:40:00+00:00,20002.5,20003.5,20001.25,20002.25,0.0
2026-06-23T17:41:00+00:00,20002.25,20003.25,20001.0,20002.0,0.0
2026-06-23T17:42:00+00:00,20002.0,20003.0,20000.75,20001.75,0.0
2026-06-23T17:43:00+00:00,20001.75,20002.75,20000.5,20001.5,0.0
2026-06-23T17:44:00+00:00,20001.5,20002.5,20000.25,20001.25,0.0
2026-06-23T17:45:00+00:00,20001.25,20002.25,20000.0,20001.0,0.0
2026-06-23T17:46:00+00:00,20001.0,20002.0,19999.75,20000.75,0.0
2026-06-23T17:47:00+00:00,20000.75,20001.75,19999.5,20000.5,0.0
2026-06-23T17:48:00+00:00,20000.5,20001.5,19999.25,20000.25,0.0
2026-06-23T17:49:00+00:00,20000.25,20001.25,19999.0,20000.0,0.0
2026-06-23T17:50:00+00:00,20000.0,20001.0,19998.75,19999.75,0.0
2026-06-23T17:51:00+00:00,19999.75,20000.75,19998.5,19999.5,0.0
2026-06-23T17:52:00+00:00,19999.5,20000.5,19998.5,19999.5,0.0
2026-06-23T17:53:00+00:00,19999.5,20000.5,19998.25,19999.25,0.0
2026-06-23T17:54:00+00:00,19999.25,20000.25,19998.0,19999.0,0.0
2026-06-23T17:55:00+00:00,19999.0,20000.0,19997.75,19998.75,0.0
2026-06-23T17:56:00+00:00,19998.75,19999.75,19997.5,19998.5,0.0
2026-06-23T17:57:00+00:00,19998.5,19999.5,19997.25,19998.25,0.0
2026-06-23T17:58:00+00:00,19998.25,19999.25,19997.0,19998.0,0.0
2026-06-23T17:59:00+00:00,19998.0,19999.0,19996.75,19997.75,0.0
2026-06-23T18:00:00+00:00,19997.75,19998.75,19996.5,19997.5,0.0
2026-06-23T18:01:00+00:00,19997.5,19998.5,19996.25,19997.25,0.0
2026-06-23T18:02:00+00:00,19997.25,19998.25,19996.0,19997.0,0.0
2026-06-23T18:03:00+00:00,19997.0,19998.0,19995.75,19996.75,0.0
2026-06-23T18:04:00+00:00,19996.75,19997.75,19995.5,19996.5,0.0
2026-06-23T18:05:00+00:00,19996.5,19997.5,19995.5,19996.5,0.0
2026-06-23T18:06:00+00:00,19996.5,19997.5,19995.25,19996.25,0.0
2026-06-23T18:07:00+00:00,19996.25,19997.25,19995.0,19996.0,0.0
2026-06-23T18:08:00+00:00,19996.0,19997.0,19994.75,19995.75,0.0
2026-06-23T18:09:00+00:00,19995.75,19996.75,19994.5,19995.5,0.0
2026-06-23T18:10:00+00:00,19995.5,19996.5,19994.25,19995.25,0.0
2026-06-23T18:11:00+00:00,19995.25,19996.25,19994.0,19995.0,0.0
2026-06-23T18:12:00+00:00,19995.0,19996.0,19993.75,19994.75,0.0
2026-06-23T18:13:00+00:00,19994.75,19995.75,19993.5,19994.5,0.0
2026-06-23T18:14:00+00:00,19994.5,19995.5,19993.25,19994.25,0.0
2026-06-23T18:15:00+00:00,19994.25,19995.25,19993.0,19994.0,0.0
2026-06-23T18:16:00+00:00,19994.0,19995.0,19992.75,19993.75,0.0
2026-06-23T18:17:00+00:00,19993.75,19994.75,19992.5,19993.5,0.0
2026-06-23T18:18:00+00:00,19993.5,19994.5,19992.25,19993.25,0.0
2026-06-23T18:19:00+00:00,19993.25,19994.25,19992.25,19993.25,0.0
2026-06-23T18:20:00+00:00,19993.25,19994.25,19992.0,19993.0,0.0
2026-06-23T18:21:00+00:00,19993.0,19994.0,19991.75,19992.75,0.0
2026-06-23T18:22:00+00:00,19992.75,19993.75,19991.5,19992.5,0.0
2026-06-23T18:23:00+00:00,19992.5,19993.5,19991.25,19992.25,0.0
2026-06-23T18:24:00+00:00,19992.25,19993.25,19991.0,19992.0,0.0
2026-06-23T18:25:00+00:00,19992.0,19993.0,19990.75,19991.75,0.0
2026-06-23T18:26:00+00:00,19991.75,19992.75,19990.5,19991.5,0.0
2026-06-23T18:27:00+00:00,19991.5,19992.5,19990.25,19991.25,0.0
2026-06-23T18:28:00+00:00,19991.25,19992.25,19990.0,19991.0,0.0
2026-06-23T18:29:00+00:00,19991.0,19992.0,19989.75,19990.75,0.0
2026-06-23T18:30:00+00:00,19990.75,19991.75,19989.5,19990.5,0.0
2026-06-23T18:31:00+00:00,19990.5,19991.5,19989.25,19990.25,0.0
2026-06-23T18:32:00+00:00,19990.25,19991.25,19989.25,19990.25,0.0
2026-06-23T18:33:00+00:00,19990.25,19991.25,19989.0,19990.0,0.0
2026-06-23T18:34:00+00:00,19990.0,19991.0,19988.75,19989.75,0.0
2026-06-23T18:35:00+00:00,19989.75,19990.75,19988.5,19989.5,0.0
2026-06-23T18:36:00+00:00,19989.5,19990.5,19988.25,19989.25,0.0
2026-06-23T18:37:00+00:00,19989.25,19990.25,19988.0,19989.0,0.0
2026-06-23T18:38:00+00:00,19989.0,19990.0,19987.75,19988.75,0.0
2026-06-23T18:39:00+00:00,19988.75,19989.75,19987.5,19988.5,0.0
2026-06-23T18:40:00+00:00,19988.5,19989.5,19987.25,19988.25,0.0
2026-06-23T18:41:00+00:00,19988.25,19989.25,19987.0,19988.0,0.0
2026-06-23T18:42:00+00:00,19988.0,19989.0,19986.75,19987.75,0.0
2026-06-23T18:43:00+00:00,19987.75,19988.75,19986.5,19987.5,0.0
2026-06-23T18:44:00+00:00,19987.5,19988.5,19986.25,19987.25,0.0
2026-06-23T18:45:00+00:00,19987.25,19988.25,19986.0,19987.0,0.0
2026-06-23T18:46:00+00:00,19987.0,19988.0,19986.0,19987.0,0.0
2026-06-23T18:47:00+00:00,19987.0,19988.0,19985.75,19986.75,0.0
2026-06-23T18:48:00+00:00,19986.75,19987.75,19985.5,19986.5,0.0
2026-06-23T18:49:00+00:00,19986.5,19987.5,19985.25,19986.25,0.0
2026-06-23T18:50:00+00:00,19986.25,19987.25,19985.0,19986.0,0.0
2026-06-23T18:51:00+00:00,19986.0,19987.0,19984.75,19985.75,0.0
2026-06-23T18:52:00+00:00,19985.75,19986.75,19984.5,19985.5,0.0
2026-06-23T18:53:00+00:00,19985.5,19986.5,19984.25,19985.25,0.0
2026-06-23T18:54:00+00:00,19985.25,19986.25,19984.0,19985.0,0.0
2026-06-23T18:55:00+00:00,19985.0,19986.0,19983.75,19984.75,0.0
2026-06-23T18:56:00+00:00,19984.75,19985.75,19983.5,19984.5,0.0
2026-06-23T18:57:00+00:00,19984.5,19985.5,19983.25,19984.25,0.0
2026-06-23T18:58:00+00:00,19984.25,19985.25,19983.0,19984.0,0.0
2026-06-23T18:59:00+00:00,19984.0,19985.0,19983.0,19984.0,0.0
2026-06-23T19:00:00+00:00,19984.0,19985.0,19982.75,19983.75,0.0
2026-06-23T19:01:00+00:00,19983.75,19984.75,19982.5,19983.5,0.0
2026-06-23T19:02:00+00:00,19983.5,19984.5,19982.25,19983.25,0.0
2026-06-23T19:03:00+00:00,19983.25,19984.25,19982.0,19983.0,0.0
2026-06-23T19:04:00+00:00,19983.0,19984.0,19981.75,19982.75,0.0
2026-06-23T19:05:00+00:00,19982.75,19983.75,19981.5,19982.5,0.0
2026-06-23T19:06:00+00:00,19982.5,19983.5,19981.25,19982.25,0.0
2026-06-23T19:07:00+00:00,19982.25,19983.25,19981.0,19982.0,0.0
2026-06-23T19:08:00+00:00,19982.0,19983.0,19980.75,19981.75,0.0
2026-06-23T19:09:00+00:00,19981.75,19982.75,19980.5,19981.5,0.0
2026-06-23T19:10:00+00:00,19981.5,19982.5,19980.25,19981.25,0.0
2026-06-23T19:11:00+00:00,19981.25,19982.25,19980.0,19981.0,0.0
2026-06-23T19:12:00+00:00,19981.0,19982.0,19979.75,19980.75,0.0
2026-06-23T19:13:00+00:00,19980.75,19981.75,19979.75,19980.75,0.0
2026-06-23T19:14:00+00:00,19980.75,19981.75,19979.5,19980.5,0.0
2026-06-23T19:15:00+00:00,19980.5,19981.5,19979.25,19980.25,0.0
2026-06-23T19:16:00+00:00,19980.25,19981.25,19979.0,19980.0,0.0
2026-06-23T19:17:00+00:00,19980.0,19981.0,19978.75,19979.75,0.0
2026-06-23T19:18:00+00:00,19979.75,19980.75,19978.5,19979.5,0.0
2026-06-23T19:19:00+00:00,19979.5,19980.5,19978.25,19979.25,0.0
2026-06-23T19:20:00+00:00,19979.25,19980.25,19978.0,19979.0,0.0
2026-06-23T19:21:00+00:00,19979.0,19980.0,19977.75,19978.75,0.0
2026-06-23T19:22:00+00:00,19978.75,19979.75,19977.5,19978.5,0.0
2026-06-23T19:23:00+00:00,19978.5,19979.5,19977.25,19978.25,0.0
2026-06-23T19:24:00+00:00,19978.25,19979.25,19977.0,19978.0,0.0
2026-06-23T19:25:00+00:00,19978.0,19979.0,19976.75,19977.75,0.0
2026-06-23T19:26:00+00:00,19977.75,19978.75,19976.75,19977.75,0.0
2026-06-23T19:27:00+00:00,19977.75,19978.75,19976.5,19977.5,0.0
2026-06-23T19:28:00+00:00,19977.5,19978.5,19976.25,19977.25,0.0
2026-06-23T19:29:00+00:00,19977.25,19978.25,19976.0,19977.0,0.0
2026-06-23T19:30:00+00:00,19977.0,19978.0,19975.75,19976.75,0.0
2026-06-23T19:31:00+00:00,19976.75,19977.75,19975.5,19976.5,0.0
2026-06-23T19:32:00+00:00,19976.5,19977.5,19975.25,19976.25,0.0
2026-06-23T19:33:00+00:00,19976.25,19977.25,19975.0,19976.0,0.0
2026-06-23T19:34:00+00:00,19976.0,19977.0,19974.75,19975.75,0.0
2026-06-23T19:35:00+00:00,19975.75,19976.75,19974.5,19975.5,0.0
2026-06-23T19:36:00+00:00,19975.5,19976.5,19974.25,19975.25,0.0
2026-06-23T19:37:00+00:00,19975.25,19976.25,19974.0,19975.0,0.0
2026-06-23T19:38:00+00:00,19975.0,19976.0,19973.75,19974.75,0.0
2026-06-23T19:39:00+00:00,19974.75,19975.75,19973.75,19974.75,0.0
2026-06-23T19:40:00+00:00,19974.75,19975.75,19973.5,19974.5,0.0
2026-06-23T19:41:00+00:00,19974.5,19975.5,19973.25,19974.25,0.0
2026-06-23T19:42:00+00:00,19974.25,19975.25,19973.0,19974.0,0.0
2026-06-23T19:43:00+00:00,19974.0,19975.0,19972.75,19973.75,0.0
2026-06-23T19:44:00+00:00,19973.75,19974.75,19972.5,19973.5,0.0
2026-06-23T19:45:00+00:00,19973.5,19974.5,19972.25,19973.25,0.0
2026-06-23T19:46:00+00:00,19973.25,19974.25,19972.0,19973.0,0.0
2026-06-23T19:47:00+00:00,19973.0,19974.0,19971.75,19972.75,0.0
2026-06-23T19:48:00+00:00,19972.75,19973.75,19971.5,19972.5,0.0
2026-06-23T19:49:00+00:00,19972.5,19973.5,19971.25,19972.25,0.0
2026-06-23T19:50:00+00:00,19972.25,19973.25,19971.0,19972.0,0.0
2026-06-23T19:51:00+00:00,19972.0,19973.0,19970.75,19971.75,0.0
2026-06-23T19:52:00+00:00,19971.75,19972.75,19970.5,19971.5,0.0
2026-06-23T19:53:00+00:00,19971.5,19972.5,19970.5,19971.5,0.0
2026-06-23T19:54:00+00:00,19971.5,19972.5,19970.25,19971.25,0.0
2026-06-23T19:55:00+00:00,19971.25,19972.25,19970.0,19971.0,0.0
2026-06-23T19:56:00+00:00,19971.0,19972.0,19969.75,19970.75,0.0
2026-06-23T19:57:00+00:00,19970.75,19971.75,19969.5,19970.5,0.0
2026-06-23T19:58:00+00:00,19970.5,19971.5,19969.25,19970.25,0.0
2026-06-23T19:59:00+00:00,19970.25,19971.25,19800.0,19970.0,0.0
2026-06-30T13:30:00+00:00,20060.0,20080.0,20059.0,20060.0,0.0
2026-06-30T13:31:00+00:00,20060.0,20061.0,20058.75,20059.75,0.0
2026-06-30T13:32:00+00:00,20059.75,20060.75,20058.5,20059.5,0.0
2026-06-30T13:33:00+00:00,20059.5,20060.5,20058.25,20059.25,0.0
2026-06-30T13:34:00+00:00,20059.25,20060.25,20058.0,20059.0,0.0
2026-06-30T13:35:00+00:00,20059.0,20060.0,20057.75,20058.75,0.0
2026-06-30T13:36:00+00:00,20058.75,20059.75,20057.5,20058.5,0.0
2026-06-30T13:37:00+00:00,20058.5,20059.5,20057.5,20058.5,0.0
2026-06-30T13:38:00+00:00,20058.5,20059.5,20057.25,20058.25,0.0
2026-06-30T13:39:00+00:00,20058.25,20059.25,20057.0,20058.0,0.0
2026-06-30T13:40:00+00:00,20058.0,20059.0,20056.75,20057.75,0.0
2026-06-30T13:41:00+00:00,20057.75,20058.75,20056.5,20057.5,0.0
2026-06-30T13:42:00+00:00,20057.5,20058.5,20056.25,20057.25,0.0
2026-06-30T13:43:00+00:00,20057.25,20058.25,20056.0,20057.0,0.0
2026-06-30T13:44:00+00:00,20057.0,20058.0,20055.75,20056.75,0.0
2026-06-30T13:45:00+00:00,20056.75,20057.75,20055.5,20056.5,0.0
2026-06-30T13:46:00+00:00,20056.5,20057.5,20055.25,20056.25,0.0
2026-06-30T13:47:00+00:00,20056.25,20057.25,20055.0,20056.0,0.0
2026-06-30T13:48:00+00:00,20056.0,20057.0,20054.75,20055.75,0.0
2026-06-30T13:49:00+00:00,20055.75,20056.75,20054.5,20055.5,0.0
2026-06-30T13:50:00+00:00,20055.5,20056.5,20054.25,20055.25,0.0
2026-06-30T13:51:00+00:00,20055.25,20056.25,20054.25,20055.25,0.0
2026-06-30T13:52:00+00:00,20055.25,20056.25,20054.0,20055.0,0.0
2026-06-30T13:53:00+00:00,20055.0,20056.0,20053.75,20054.75,0.0
2026-06-30T13:54:00+00:00,20054.75,20055.75,20053.5,20054.5,0.0
2026-06-30T13:55:00+00:00,20054.5,20055.5,20053.25,20054.25,0.0
2026-06-30T13:56:00+00:00,20054.25,20055.25,20053.0,20054.0,0.0
2026-06-30T13:57:00+00:00,20054.0,20055.0,20052.75,20053.75,0.0
2026-06-30T13:58:00+00:00,20053.75,20054.75,20052.5,20053.5,0.0
2026-06-30T13:59:00+00:00,20053.5,20054.5,20052.25,20053.25,0.0
2026-06-30T14:00:00+00:00,20053.25,20054.25,20052.0,20053.0,0.0
2026-06-30T14:01:00+00:00,20053.0,20054.0,20051.75,20052.75,0.0
2026-06-30T14:02:00+00:00,20052.75,20053.75,20051.5,20052.5,0.0
2026-06-30T14:03:00+00:00,20052.5,20053.5,20051.25,20052.25,0.0
2026-06-30T14:04:00+00:00,20052.25,20053.25,20051.25,20052.25,0.0
2026-06-30T14:05:00+00:00,20052.25,20053.25,20051.0,20052.0,0.0
2026-06-30T14:06:00+00:00,20052.0,20053.0,20050.75,20051.75,0.0
2026-06-30T14:07:00+00:00,20051.75,20052.75,20050.5,20051.5,0.0
2026-06-30T14:08:00+00:00,20051.5,20052.5,20050.25,20051.25,0.0
2026-06-30T14:09:00+00:00,20051.25,20052.25,20050.0,20051.0,0.0
2026-06-30T14:10:00+00:00,20051.0,20052.0,20049.75,20050.75,0.0
2026-06-30T14:11:00+00:00,20050.75,20051.75,20049.5,20050.5,0.0
2026-06-30T14:12:00+00:00,20050.5,20051.5,20049.25,20050.25,0.0
2026-06-30T14:13:00+00:00,20050.25,20051.25,20049.0,20050.0,0.0
2026-06-30T14:14:00+00:00,20050.0,20051.0,20048.75,20049.75,0.0
2026-06-30T14:15:00+00:00,20049.75,20050.75,20048.5,20049.5,0.0
2026-06-30T14:16:00+00:00,20049.5,20050.5,20048.25,20049.25,0.0
2026-06-30T14:17:00+00:00,20049.25,20050.25,20048.25,20049.25,0.0
2026-06-30T14:18:00+00:00,20049.25,20050.25,20048.0,20049.0,0.0
2026-06-30T14:19:00+00:00,20049.0,20050.0,20047.75,20048.75,0.0
2026-06-30T14:20:00+00:00,20048.75,20049.75,20047.5,20048.5,0.0
2026-06-30T14:21:00+00:00,20048.5,20049.5,20047.25,20048.25,0.0
2026-06-30T14:22:00+00:00,20048.25,20049.25,20047.0,20048.0,0.0
2026-06-30T14:23:00+00:00,20048.0,20049.0,20046.75,20047.75,0.0
2026-06-30T14:24:00+00:00,20047.75,20048.75,20046.5,20047.5,0.0
2026-06-30T14:25:00+00:00,20047.5,20048.5,20046.25,20047.25,0.0
2026-06-30T14:26:00+00:00,20047.25,20048.25,20046.0,20047.0,0.0
2026-06-30T14:27:00+00:00,20047.0,20048.0,20045.75,20046.75,0.0
2026-06-30T14:28:00+00:00,20046.75,20047.75,20045.5,20046.5,0.0
2026-06-30T14:29:00+00:00,20046.5,20047.5,20045.25,20046.25,0.0
2026-06-30T14:30:00+00:00,20046.25,20047.25,20045.0,20046.0,0.0
2026-06-30T14:31:00+00:00,20046.0,20047.0,20045.0,20046.0,0.0
2026-06-30T14:32:00+00:00,20046.0,20047.0,20044.75,20045.75,0.0
2026-06-30T14:33:00+00:00,20045.75,20046.75,20044.5,20045.5,0.0
2026-06-30T14:34:00+00:00,20045.5,20046.5,20044.25,20045.25,0.0
2026-06-30T14:35:00+00:00,20045.25,20046.25,20044.0,20045.0,0.0
2026-06-30T14:36:00+00:00,20045.0,20046.0,20043.75,20044.75,0.0
2026-06-30T14:37:00+00:00,20044.75,20045.75,20043.5,20044.5,0.0
2026-06-30T14:38:00+00:00,20044.5,20045.5,20043.25,20044.25,0.0
2026-06-30T14:39:00+00:00,20044.25,20045.25,20043.0,20044.0,0.0
2026-06-30T14:40:00+00:00,20044.0,20045.0,20042.75,20043.75,0.0
2026-06-30T14:41:00+00:00,20043.75,20044.75,20042.5,20043.5,0.0
2026-06-30T14:42:00+00:00,20043.5,20044.5,20042.25,20043.25,0.0
2026-06-30T14:43:00+00:00,20043.25,20044.25,20042.0,20043.0,0.0
2026-06-30T14:44:00+00:00,20043.0,20044.0,20042.0,20043.0,0.0
2026-06-30T14:45:00+00:00,20043.0,20044.0,20041.75,20042.75,0.0
2026-06-30T14:46:00+00:00,20042.75,20043.75,20041.5,20042.5,0.0
2026-06-30T14:47:00+00:00,20042.5,20043.5,20041.25,20042.25,0.0
2026-06-30T14:48:00+00:00,20042.25,20043.25,20041.0,20042.0,0.0
2026-06-30T14:49:00+00:00,20042.0,20043.0,20040.75,20041.75,0.0
2026-06-30T14:50:00+00:00,20041.75,20042.75,20040.5,20041.5,0.0
2026-06-30T14:51:00+00:00,20041.5,20042.5,20040.25,20041.25,0.0
2026-06-30T14:52:00+00:00,20041.25,20042.25,20040.0,20041.0,0.0
2026-06-30T14:53:00+00:00,20041.0,20042.0,20039.75,20040.75,0.0
2026-06-30T14:54:00+00:00,20040.75,20041.75,20039.5,20040.5,0.0
2026-06-30T14:55:00+00:00,20040.5,20041.5,20039.25,20040.25,0.0
2026-06-30T14:56:00+00:00,20040.25,20041.25,20039.0,20040.0,0.0
2026-06-30T14:57:00+00:00,20040.0,20041.0,20038.75,20039.75,0.0
2026-06-30T14:58:00+00:00,20039.75,20040.75,20038.75,20039.75,0.0
2026-06-30T14:59:00+00:00,20039.75,20040.75,20038.5,20039.5,0.0
2026-06-30T15:00:00+00:00,20039.5,20040.5,20038.25,20039.25,0.0
2026-06-30T15:01:00+00:00,20039.25,20040.25,20038.0,20039.0,0.0
2026-06-30T15:02:00+00:00,20039.0,20040.0,20037.75,20038.75,0.0
2026-06-30T15:03:00+00:00,20038.75,20039.75,20037.5,20038.5,0.0
2026-06-30T15:04:00+00:00,20038.5,20039.5,20037.25,20038.25,0.0
2026-06-30T15:05:00+00:00,20038.25,20039.25,20037.0,20038.0,0.0
2026-06-30T15:06:00+00:00,20038.0,20039.0,20036.75,20037.75,0.0
2026-06-30T15:07:00+00:00,20037.75,20038.75,20036.5,20037.5,0.0
2026-06-30T15:08:00+00:00,20037.5,20038.5,20036.25,20037.25,0.0
2026-06-30T15:09:00+00:00,20037.25,20038.25,20036.0,20037.0,0.0
2026-06-30T15:10:00+00:00,20037.0,20038.0,20035.75,20036.75,0.0
2026-06-30T15:11:00+00:00,20036.75,20037.75,20035.75,20036.75,0.0
2026-06-30T15:12:00+00:00,20036.75,20037.75,20035.5,20036.5,0.0
2026-06-30T15:13:00+00:00,20036.5,20037.5,20035.25,20036.25,0.0
2026-06-30T15:14:00+00:00,20036.25,20037.25,20035.0,20036.0,0.0
2026-06-30T15:15:00+00:00,20036.0,20037.0,20034.75,20035.75,0.0
2026-06-30T15:16:00+00:00,20035.75,20036.75,20034.5,20035.5,0.0
2026-06-30T15:17:00+00:00,20035.5,20036.5,20034.25,20035.25,0.0
2026-06-30T15:18:00+00:00,20035.25,20036.25,20034.0,20035.0,0.0
2026-06-30T15:19:00+00:00,20035.0,20036.0,20033.75,20034.75,0.0
2026-06-30T15:20:00+00:00,20034.75,20035.75,20033.5,20034.5,0.0
2026-06-30T15:21:00+00:00,20034.5,20035.5,20033.25,20034.25,0.0
2026-06-30T15:22:00+00:00,20034.25,20035.25,20033.0,20034.0,0.0
2026-06-30T15:23:00+00:00,20034.0,20035.0,20032.75,20033.75,0.0
2026-06-30T15:24:00+00:00,20033.75,20034.75,20032.5,20033.5,0.0
2026-06-30T15:25:00+00:00,20033.5,20034.5,20032.5,20033.5,0.0
2026-06-30T15:26:00+00:00,20033.5,20034.5,20032.25,20033.25,0.0
2026-06-30T15:27:00+00:00,20033.25,20034.25,20032.0,20033.0,0.0
2026-06-30T15:28:00+00:00,20033.0,20034.0,20031.75,20032.75,0.0
2026-06-30T15:29:00+00:00,20032.75,20033.75,20031.5,20032.5,0.0
2026-06-30T15:30:00+00:00,20032.5,20033.5,20031.25,20032.25,0.0
2026-06-30T15:31:00+00:00,20032.25,20033.25,20031.0,20032.0,0.0
2026-06-30T15:32:00+00:00,20032.0,20033.0,20030.75,20031.75,0.0
2026-06-30T15:33:00+00:00,20031.75,20032.75,20030.5,20031.5,0.0
2026-06-30T15:34:00+00:00,20031.5,20032.5,20030.25,20031.25,0.0
2026-06-30T15:35:00+00:00,20031.25,20032.25,20030.0,20031.0,0.0
2026-06-30T15:36:00+00:00,20031.0,20032.0,20029.75,20030.75,0.0
2026-06-30T15:37:00+00:00,20030.75,20031.75,20029.5,20030.5,0.0
2026-06-30T15:38:00+00:00,20030.5,20031.5,20029.5,20030.5,0.0
2026-06-30T15:39:00+00:00,20030.5,20031.5,20029.25,20030.25,0.0
2026-06-30T15:40:00+00:00,20030.25,20031.25,20029.0,20030.0,0.0
2026-06-30T15:41:00+00:00,20030.0,20031.0,20028.75,20029.75,0.0
2026-06-30T15:42:00+00:00,20029.75,20030.75,20028.5,20029.5,0.0
2026-06-30T15:43:00+00:00,20029.5,20030.5,20028.25,20029.25,0.0
2026-06-30T15:44:00+00:00,20029.25,20030.25,20028.0,20029.0,0.0
2026-06-30T15:45:00+00:00,20029.0,20030.0,20027.75,20028.75,0.0
2026-06-30T15:46:00+00:00,20028.75,20029.75,20027.5,20028.5,0.0
2026-06-30T15:47:00+00:00,20028.5,20029.5,20027.25,20028.25,0.0
2026-06-30T15:48:00+00:00,20028.25,20029.25,20027.0,20028.0,0.0
2026-06-30T15:49:00+00:00,20028.0,20029.0,20026.75,20027.75,0.0
2026-06-30T15:50:00+00:00,20027.75,20028.75,20026.5,20027.5,0.0
2026-06-30T15:51:00+00:00,20027.5,20028.5,20026.5,20027.5,0.0
2026-06-30T15:52:00+00:00,20027.5,20028.5,20026.25,20027.25,0.0
2026-06-30T15:53:00+00:00,20027.25,20028.25,20026.0,20027.0,0.0
2026-06-30T15:54:00+00:00,20027.0,20028.0,20025.75,20026.75,0.0
2026-06-30T15:55:00+00:00,20026.75,20027.75,20025.5,20026.5,0.0
2026-06-30T15:56:00+00:00,20026.5,20027.5,20025.25,20026.25,0.0
2026-06-30T15:57:00+00:00,20026.25,20027.25,20025.0,20026.0,0.0
2026-06-30T15:58:00+00:00,20026.0,20027.0,20024.75,20025.75,0.0
2026-06-30T15:59:00+00:00,20025.75,20026.75,20024.5,20025.5,0.0
2026-06-30T16:00:00+00:00,20025.5,20026.5,20024.25,20025.25,0.0
2026-06-30T16:01:00+00:00,20025.25,20026.25,20024.0,20025.0,0.0
2026-06-30T16:02:00+00:00,20025.0,20026.0,20023.75,20024.75,0.0
2026-06-30T16:03:00+00:00,20024.75,20025.75,20023.5,20024.5,0.0
2026-06-30T16:04:00+00:00,20024.5,20025.5,20023.25,20024.25,0.0
2026-06-30T16:05:00+00:00,20024.25,20025.25,20023.25,20024.25,0.0
2026-06-30T16:06:00+00:00,20024.25,20025.25,20023.0,20024.0,0.0
2026-06-30T16:07:00+00:00,20024.0,20025.0,20022.75,20023.75,0.0
2026-06-30T16:08:00+00:00,20023.75,20024.75,20022.5,20023.5,0.0
2026-06-30T16:09:00+00:00,20023.5,20024.5,20022.25,20023.25,0.0
2026-06-30T16:10:00+00:00,20023.25,20024.25,20022.0,20023.0,0.0
2026-06-30T16:11:00+00:00,20023.0,20024.0,20021.75,20022.75,0.0
2026-06-30T16:12:00+00:00,20022.75,20023.75,20021.5,20022.5,0.0
2026-06-30T16:13:00+00:00,20022.5,20023.5,20021.25,20022.25,0.0
2026-06-30T16:14:00+00:00,20022.25,20023.25,20021.0,20022.0,0.0
2026-06-30T16:15:00+00:00,20022.0,20023.0,20020.75,20021.75,0.0
2026-06-30T16:16:00+00:00,20021.75,20022.75,20020.5,20021.5,0.0
2026-06-30T16:17:00+00:00,20021.5,20022.5,20020.25,20021.25,0.0
2026-06-30T16:18:00+00:00,20021.25,20022.25,20020.25,20021.25,0.0
2026-06-30T16:19:00+00:00,20021.25,20022.25,20020.0,20021.0,0.0
2026-06-30T16:20:00+00:00,20021.0,20022.0,20019.75,20020.75,0.0
2026-06-30T16:21:00+00:00,20020.75,20021.75,20019.5,20020.5,0.0
2026-06-30T16:22:00+00:00,20020.5,20021.5,20019.25,20020.25,0.0
2026-06-30T16:23:00+00:00,20020.25,20021.25,20019.0,20020.0,0.0
2026-06-30T16:24:00+00:00,20020.0,20021.0,20018.75,20019.75,0.0
2026-06-30T16:25:00+00:00,20019.75,20020.75,20018.5,20019.5,0.0
2026-06-30T16:26:00+00:00,20019.5,20020.5,20018.25,20019.25,0.0
2026-06-30T16:27:00+00:00,20019.25,20020.25,20018.0,20019.0,0.0
2026-06-30T16:28:00+00:00,20019.0,20020.0,20017.75,20018.75,0.0
2026-06-30T16:29:00+00:00,20018.75,20019.75,20017.5,20018.5,0.0
2026-06-30T16:30:00+00:00,20018.5,20019.5,20017.25,20018.25,0.0
2026-06-30T16:31:00+00:00,20018.25,20019.25,20017.0,20018.0,0.0
2026-06-30T16:32:00+00:00,20018.0,20019.0,20017.0,20018.0,0.0
2026-06-30T16:33:00+00:00,20018.0,20019.0,20016.75,20017.75,0.0
2026-06-30T16:34:00+00:00,20017.75,20018.75,20016.5,20017.5,0.0
2026-06-30T16:35:00+00:00,20017.5,20018.5,20016.25,20017.25,0.0
2026-06-30T16:36:00+00:00,20017.25,20018.25,20016.0,20017.0,0.0
2026-06-30T16:37:00+00:00,20017.0,20018.0,20015.75,20016.75,0.0
2026-06-30T16:38:00+00:00,20016.75,20017.75,20015.5,20016.5,0.0
2026-06-30T16:39:00+00:00,20016.5,20017.5,20015.25,20016.25,0.0
2026-06-30T16:40:00+00:00,20016.25,20017.25,20015.0,20016.0,0.0
2026-06-30T16:41:00+00:00,20016.0,20017.0,20014.75,20015.75,0.0
2026-06-30T16:42:00+00:00,20015.75,20016.75,20014.5,20015.5,0.0
2026-06-30T16:43:00+00:00,20015.5,20016.5,20014.25,20015.25,0.0
2026-06-30T16:44:00+00:00,20015.25,20016.25,20014.0,20015.0,0.0
2026-06-30T16:45:00+00:00,20015.0,20016.0,20014.0,20015.0,0.0
2026-06-30T16:46:00+00:00,20015.0,20016.0,20013.75,20014.75,0.0
2026-06-30T16:47:00+00:00,20014.75,20015.75,20013.5,20014.5,0.0
2026-06-30T16:48:00+00:00,20014.5,20015.5,20013.25,20014.25,0.0
2026-06-30T16:49:00+00:00,20014.25,20015.25,20013.0,20014.0,0.0
2026-06-30T16:50:00+00:00,20014.0,20015.0,20012.75,20013.75,0.0
2026-06-30T16:51:00+00:00,20013.75,20014.75,20012.5,20013.5,0.0
2026-06-30T16:52:00+00:00,20013.5,20014.5,20012.25,20013.25,0.0
2026-06-30T16:53:00+00:00,20013.25,20014.25,20012.0,20013.0,0.0
2026-06-30T16:54:00+00:00,20013.0,20014.0,20011.75,20012.75,0.0
2026-06-30T16:55:00+00:00,20012.75,20013.75,20011.5,20012.5,0.0
2026-06-30T16:56:00+00:00,20012.5,20013.5,20011.25,20012.25,0.0
2026-06-30T16:57:00+00:00,20012.25,20013.25,20011.0,20012.0,0.0
2026-06-30T16:58:00+00:00,20012.0,20013.0,20011.0,20012.0,0.0
2026-06-30T16:59:00+00:00,20012.0,20013.0,20010.75,20011.75,0.0
2026-06-30T17:00:00+00:00,20011.75,20012.75,20010.5,20011.5,0.0
2026-06-30T17:01:00+00:00,20011.5,20012.5,20010.25,20011.25,0.0
2026-06-30T17:02:00+00:00,20011.25,20012.25,20010.0,20011.0,0.0
2026-06-30T17:03:00+00:00,20011.0,20012.0,20009.75,20010.75,0.0
2026-06-30T17:04:00+00:00,20010.75,20011.75,20009.5,20010.5,0.0
2026-06-30T17:05:00+00:00,20010.5,20011.5,20009.25,20010.25,0.0
2026-06-30T17:06:00+00:00,20010.25,20011.25,20009.0,20010.0,0.0
2026-06-30T17:07:00+00:00,20010.0,20011.0,20008.75,20009.75,0.0
2026-06-30T17:08:00+00:00,20009.75,20010.75,20008.5,20009.5,0.0
2026-06-30T17:09:00+00:00,20009.5,20010.5,20008.25,20009.25,0.0
2026-06-30T17:10:00+00:00,20009.25,20010.25,20008.0,20009.0,0.0
2026-06-30T17:11:00+00:00,20009.0,20010.0,20007.75,20008.75,0.0
2026-06-30T17:12:00+00:00,20008.75,20009.75,20007.75,20008.75,0.0
2026-06-30T17:13:00+00:00,20008.75,20009.75,20007.5,20008.5,0.0
2026-06-30T17:14:00+00:00,20008.5,20009.5,20007.25,20008.25,0.0
2026-06-30T17:15:00+00:00,20008.25,20009.25,20007.0,20008.0,0.0
2026-06-30T17:16:00+00:00,20008.0,20009.0,20006.75,20007.75,0.0
2026-06-30T17:17:00+00:00,20007.75,20008.75,20006.5,20007.5,0.0
2026-06-30T17:18:00+00:00,20007.5,20008.5,20006.25,20007.25,0.0
2026-06-30T17:19:00+00:00,20007.25,20008.25,20006.0,20007.0,0.0
2026-06-30T17:20:00+00:00,20007.0,20008.0,20005.75,20006.75,0.0
2026-06-30T17:21:00+00:00,20006.75,20007.75,20005.5,20006.5,0.0
2026-06-30T17:22:00+00:00,20006.5,20007.5,20005.25,20006.25,0.0
2026-06-30T17:23:00+00:00,20006.25,20007.25,20005.0,20006.0,0.0
2026-06-30T17:24:00+00:00,20006.0,20007.0,20004.75,20005.75,0.0
2026-06-30T17:25:00+00:00,20005.75,20006.75,20004.75,20005.75,0.0
2026-06-30T17:26:00+00:00,20005.75,20006.75,20004.5,20005.5,0.0
2026-06-30T17:27:00+00:00,20005.5,20006.5,20004.25,20005.25,0.0
2026-06-30T17:28:00+00:00,20005.25,20006.25,20004.0,20005.0,0.0
2026-06-30T17:29:00+00:00,20005.0,20006.0,20003.75,20004.75,0.0
2026-06-30T17:30:00+00:00,20004.75,20005.75,20003.5,20004.5,0.0
2026-06-30T17:31:00+00:00,20004.5,20005.5,20003.25,20004.25,0.0
2026-06-30T17:32:00+00:00,20004.25,20005.25,20003.0,20004.0,0.0
2026-06-30T17:33:00+00:00,20004.0,20005.0,20002.75,20003.75,0.0
2026-06-30T17:34:00+00:00,20003.75,20004.75,20002.5,20003.5,0.0
2026-06-30T17:35:00+00:00,20003.5,20004.5,20002.25,20003.25,0.0
2026-06-30T17:36:00+00:00,20003.25,20004.25,20002.0,20003.0,0.0
2026-06-30T17:37:00+00:00,20003.0,20004.0,20001.75,20002.75,0.0
2026-06-30T17:38:00+00:00,20002.75,20003.75,20001.5,20002.5,0.0
2026-06-30T17:39:00+00:00,20002.5,20003.5,20001.5,20002.5,0.0
2026-06-30T17:40:00+00:00,20002.5,20003.5,20001.25,20002.25,0.0
2026-06-30T17:41:00+00:00,20002.25,20003.25,20001.0,20002.0,0.0
2026-06-30T17:42:00+00:00,20002.0,20003.0,20000.75,20001.75,0.0
2026-06-30T17:43:00+00:00,20001.75,20002.75,20000.5,20001.5,0.0
2026-06-30T17:44:00+00:00,20001.5,20002.5,20000.25,20001.25,0.0
2026-06-30T17:45:00+00:00,20001.25,20002.25,20000.0,20001.0,0.0
2026-06-30T17:46:00+00:00,20001.0,20002.0,19999.75,20000.75,0.0
2026-06-30T17:47:00+00:00,20000.75,20001.75,19999.5,20000.5,0.0
2026-06-30T17:48:00+00:00,20000.5,20001.5,19999.25,20000.25,0.0
2026-06-30T17:49:00+00:00,20000.25,20001.25,19999.0,20000.0,0.0
2026-06-30T17:50:00+00:00,20000.0,20001.0,19998.75,19999.75,0.0
2026-06-30T17:51:00+00:00,19999.75,20000.75,19998.5,19999.5,0.0
2026-06-30T17:52:00+00:00,19999.5,20000.5,19998.5,19999.5,0.0
2026-06-30T17:53:00+00:00,19999.5,20000.5,19998.25,19999.25,0.0
2026-06-30T17:54:00+00:00,19999.25,20000.25,19998.0,19999.0,0.0
2026-06-30T17:55:00+00:00,19999.0,20000.0,19997.75,19998.75,0.0
2026-06-30T17:56:00+00:00,19998.75,19999.75,19997.5,19998.5,0.0
2026-06-30T17:57:00+00:00,19998.5,19999.5,19997.25,19998.25,0.0
2026-06-30T17:58:00+00:00,19998.25,19999.25,19997.0,19998.0,0.0
2026-06-30T17:59:00+00:00,19998.0,19999.0,19996.75,19997.75,0.0
2026-06-30T18:00:00+00:00,19997.75,19998.75,19996.5,19997.5,0.0
2026-06-30T18:01:00+00:00,19997.5,19998.5,19996.25,19997.25,0.0
2026-06-30T18:02:00+00:00,19997.25,19998.25,19996.0,19997.0,0.0
2026-06-30T18:03:00+00:00,19997.0,19998.0,19995.75,19996.75,0.0
2026-06-30T18:04:00+00:00,19996.75,19997.75,19995.5,19996.5,0.0
2026-06-30T18:05:00+00:00,19996.5,19997.5,19995.5,19996.5,0.0
2026-06-30T18:06:00+00:00,19996.5,19997.5,19995.25,19996.25,0.0
2026-06-30T18:07:00+00:00,19996.25,19997.25,19995.0,19996.0,0.0
2026-06-30T18:08:00+00:00,19996.0,19997.0,19994.75,19995.75,0.0
2026-06-30T18:09:00+00:00,19995.75,19996.75,19994.5,19995.5,0.0
2026-06-30T18:10:00+00:00,19995.5,19996.5,19994.25,19995.25,0.0
2026-06-30T18:11:00+00:00,19995.25,19996.25,19994.0,19995.0,0.0
2026-06-30T18:12:00+00:00,19995.0,19996.0,19993.75,19994.75,0.0
2026-06-30T18:13:00+00:00,19994.75,19995.75,19993.5,19994.5,0.0
2026-06-30T18:14:00+00:00,19994.5,19995.5,19993.25,19994.25,0.0
2026-06-30T18:15:00+00:00,19994.25,19995.25,19993.0,19994.0,0.0
2026-06-30T18:16:00+00:00,19994.0,19995.0,19992.75,19993.75,0.0
2026-06-30T18:17:00+00:00,19993.75,19994.75,19992.5,19993.5,0.0
2026-06-30T18:18:00+00:00,19993.5,19994.5,19992.25,19993.25,0.0
2026-06-30T18:19:00+00:00,19993.25,19994.25,19992.25,19993.25,0.0
2026-06-30T18:20:00+00:00,19993.25,19994.25,19992.0,19993.0,0.0
2026-06-30T18:21:00+00:00,19993.0,19994.0,19991.75,19992.75,0.0
2026-06-30T18:22:00+00:00,19992.75,19993.75,19991.5,19992.5,0.0
2026-06-30T18:23:00+00:00,19992.5,19993.5,19991.25,19992.25,0.0
2026-06-30T18:24:00+00:00,19992.25,19993.25,19991.0,19992.0,0.0
2026-06-30T18:25:00+00:00,19992.0,19993.0,19990.75,19991.75,0.0
2026-06-30T18:26:00+00:00,19991.75,19992.75,19990.5,19991.5,0.0
2026-06-30T18:27:00+00:00,19991.5,19992.5,19990.25,19991.25,0.0
2026-06-30T18:28:00+00:00,19991.25,19992.25,19990.0,19991.0,0.0
2026-06-30T18:29:00+00:00,19991.0,19992.0,19989.75,19990.75,0.0
2026-06-30T18:30:00+00:00,19990.75,19991.75,19989.5,19990.5,0.0
2026-06-30T18:31:00+00:00,19990.5,19991.5,19989.25,19990.25,0.0
2026-06-30T18:32:00+00:00,19990.25,19991.25,19989.25,19990.25,0.0
2026-06-30T18:33:00+00:00,19990.25,19991.25,19989.0,19990.0,0.0
2026-06-30T18:34:00+00:00,19990.0,19991.0,19988.75,19989.75,0.0
2026-06-30T18:35:00+00:00,19989.75,19990.75,19988.5,19989.5,0.0
2026-06-30T18:36:00+00:00,19989.5,19990.5,19988.25,19989.25,0.0
2026-06-30T18:37:00+00:00,19989.25,19990.25,19988.0,19989.0,0.0
2026-06-30T18:38:00+00:00,19989.0,19990.0,19987.75,19988.75,0.0
2026-06-30T18:39:00+00:00,19988.75,19989.75,19987.5,19988.5,0.0
2026-06-30T18:40:00+00:00,19988.5,19989.5,19987.25,19988.25,0.0
2026-06-30T18:41:00+00:00,19988.25,19989.25,19987.0,19988.0,0.0
2026-06-30T18:42:00+00:00,19988.0,19989.0,19986.75,19987.75,0.0
2026-06-30T18:43:00+00:00,19987.75,19988.75,19986.5,19987.5,0.0
2026-06-30T18:44:00+00:00,19987.5,19988.5,19986.25,19987.25,0.0
2026-06-30T18:45:00+00:00,19987.25,19988.25,19986.0,19987.0,0.0
2026-06-30T18:46:00+00:00,19987.0,19988.0,19986.0,19987.0,0.0
2026-06-30T18:47:00+00:00,19987.0,19988.0,19985.75,19986.75,0.0
2026-06-30T18:48:00+00:00,19986.75,19987.75,19985.5,19986.5,0.0
2026-06-30T18:49:00+00:00,19986.5,19987.5,19985.25,19986.25,0.0
2026-06-30T18:50:00+00:00,19986.25,19987.25,19985.0,19986.0,0.0
2026-06-30T18:51:00+00:00,19986.0,19987.0,19984.75,19985.75,0.0
2026-06-30T18:52:00+00:00,19985.75,19986.75,19984.5,19985.5,0.0
2026-06-30T18:53:00+00:00,19985.5,19986.5,19984.25,19985.25,0.0
2026-06-30T18:54:00+00:00,19985.25,19986.25,19984.0,19985.0,0.0
2026-06-30T18:55:00+00:00,19985.0,19986.0,19983.75,19984.75,0.0
2026-06-30T18:56:00+00:00,19984.75,19985.75,19983.5,19984.5,0.0
2026-06-30T18:57:00+00:00,19984.5,19985.5,19983.25,19984.25,0.0
2026-06-30T18:58:00+00:00,19984.25,19985.25,19983.0,19984.0,0.0
2026-06-30T18:59:00+00:00,19984.0,19985.0,19983.0,19984.0,0.0
2026-06-30T19:00:00+00:00,19984.0,19985.0,19982.75,19983.75,0.0
2026-06-30T19:01:00+00:00,19983.75,19984.75,19982.5,19983.5,0.0
2026-06-30T19:02:00+00:00,19983.5,19984.5,19982.25,19983.25,0.0
2026-06-30T19:03:00+00:00,19983.25,19984.25,19982.0,19983.0,0.0
2026-06-30T19:04:00+00:00,19983.0,19984.0,19981.75,19982.75,0.0
2026-06-30T19:05:00+00:00,19982.75,19983.75,19981.5,19982.5,0.0
2026-06-30T19:06:00+00:00,19982.5,19983.5,19981.25,19982.25,0.0
2026-06-30T19:07:00+00:00,19982.25,19983.25,19981.0,19982.0,0.0
2026-06-30T19:08:00+00:00,19982.0,19983.0,19980.75,19981.75,0.0
2026-06-30T19:09:00+00:00,19981.75,19982.75,19980.5,19981.5,0.0
2026-06-30T19:10:00+00:00,19981.5,19982.5,19980.25,19981.25,0.0
2026-06-30T19:11:00+00:00,19981.25,19982.25,19980.0,19981.0,0.0
2026-06-30T19:12:00+00:00,19981.0,19982.0,19979.75,19980.75,0.0
2026-06-30T19:13:00+00:00,19980.75,19981.75,19979.75,19980.75,0.0
2026-06-30T19:14:00+00:00,19980.75,19981.75,19979.5,19980.5,0.0
2026-06-30T19:15:00+00:00,19980.5,19981.5,19979.25,19980.25,0.0
2026-06-30T19:16:00+00:00,19980.25,19981.25,19979.0,19980.0,0.0
2026-06-30T19:17:00+00:00,19980.0,19981.0,19978.75,19979.75,0.0
2026-06-30T19:18:00+00:00,19979.75,19980.75,19978.5,19979.5,0.0
2026-06-30T19:19:00+00:00,19979.5,19980.5,19978.25,19979.25,0.0
2026-06-30T19:20:00+00:00,19979.25,19980.25,19978.0,19979.0,0.0
2026-06-30T19:21:00+00:00,19979.0,19980.0,19977.75,19978.75,0.0
2026-06-30T19:22:00+00:00,19978.75,19979.75,19977.5,19978.5,0.0
2026-06-30T19:23:00+00:00,19978.5,19979.5,19977.25,19978.25,0.0
2026-06-30T19:24:00+00:00,19978.25,19979.25,19977.0,19978.0,0.0
2026-06-30T19:25:00+00:00,19978.0,19979.0,19976.75,19977.75,0.0
2026-06-30T19:26:00+00:00,19977.75,19978.75,19976.75,19977.75,0.0
2026-06-30T19:27:00+00:00,19977.75,19978.75,19976.5,19977.5,0.0
2026-06-30T19:28:00+00:00,19977.5,19978.5,19976.25,19977.25,0.0
2026-06-30T19:29:00+00:00,19977.25,19978.25,19976.0,19977.0,0.0
2026-06-30T19:30:00+00:00,19977.0,19978.0,19975.75,19976.75,0.0
2026-06-30T19:31:00+00:00,19976.75,19977.75,19975.5,19976.5,0.0
2026-06-30T19:32:00+00:00,19976.5,19977.5,19975.25,19976.25,0.0
2026-06-30T19:33:00+00:00,19976.25,19977.25,19975.0,19976.0,0.0
2026-06-30T19:34:00+00:00,19976.0,19977.0,19974.75,19975.75,0.0
2026-06-30T19:35:00+00:00,19975.75,19976.75,19974.5,19975.5,0.0
2026-06-30T19:36:00+00:00,19975.5,19976.5,19974.25,19975.25,0.0
2026-06-30T19:37:00+00:00,19975.25,19976.25,19974.0,19975.0,0.0
2026-06-30T19:38:00+00:00,19975.0,19976.0,19973.75,19974.75,0.0
2026-06-30T19:39:00+00:00,19974.75,19975.75,19973.75,19974.75,0.0
2026-06-30T19:40:00+00:00,19974.75,19975.75,19973.5,19974.5,0.0
2026-06-30T19:41:00+00:00,19974.5,19975.5,19973.25,19974.25,0.0
2026-06-30T19:42:00+00:00,19974.25,19975.25,19973.0,19974.0,0.0
2026-06-30T19:43:00+00:00,19974.0,19975.0,19972.75,19973.75,0.0
2026-06-30T19:44:00+00:00,19973.75,19974.75,19972.5,19973.5,0.0
2026-06-30T19:45:00+00:00,19973.5,19974.5,19972.25,19973.25,0.0
2026-06-30T19:46:00+00:00,19973.25,19974.25,19972.0,19973.0,0.0
2026-06-30T19:47:00+00:00,19973.0,19974.0,19971.75,19972.75,0.0
2026-06-30T19:48:00+00:00,19972.75,19973.75,19971.5,19972.5,0.0
2026-06-30T19:49:00+00:00,19972.5,19973.5,19971.25,19972.25,0.0
2026-06-30T19:50:00+00:00,19972.25,19973.25,19971.0,19972.0,0.0
2026-06-30T19:51:00+00:00,19972.0,19973.0,19970.75,19971.75,0.0
2026-06-30T19:52:00+00:00,19971.75,19972.75,19970.5,19971.5,0.0
2026-06-30T19:53:00+00:00,19971.5,19972.5,19970.5,19971.5,0.0
2026-06-30T19:54:00+00:00,19971.5,19972.5,19970.25,19971.25,0.0
2026-06-30T19:55:00+00:00,19971.25,19972.25,19970.0,19971.0,0.0
2026-06-30T19:56:00+00:00,19971.0,19972.0,19969.75,19970.75,0.0
2026-06-30T19:57:00+00:00,19970.75,19971.75,19969.5,19970.5,0.0
2026-06-30T19:58:00+00:00,19970.5,19971.5,19969.25,19970.25,0.0
2026-06-30T19:59:00+00:00,19970.25,19971.25,19800.0,19970.0,0.0
2026-07-07T13:30:00+00:00,20060.0,20080.0,20059.0,20060.0,0.0
2026-07-07T13:31:00+00:00,20060.0,20061.0,20058.75,20059.75,0.0
2026-07-07T13:32:00+00:00,20059.75,20060.75,20058.5,20059.5,0.0
2026-07-07T13:33:00+00:00,20059.5,20060.5,20058.25,20059.25,0.0
2026-07-07T13:34:00+00:00,20059.25,20060.25,20058.0,20059.0,0.0
2026-07-07T13:35:00+00:00,20059.0,20060.0,20057.75,20058.75,0.0
2026-07-07T13:36:00+00:00,20058.75,20059.75,20057.5,20058.5,0.0
2026-07-07T13:37:00+00:00,20058.5,20059.5,20057.5,20058.5,0.0
2026-07-07T13:38:00+00:00,20058.5,20059.5,20057.25,20058.25,0.0
2026-07-07T13:39:00+00:00,20058.25,20059.25,20057.0,20058.0,0.0
2026-07-07T13:40:00+00:00,20058.0,20059.0,20056.75,20057.75,0.0
2026-07-07T13:41:00+00:00,20057.75,20058.75,20056.5,20057.5,0.0
2026-07-07T13:42:00+00:00,20057.5,20058.5,20056.25,20057.25,0.0
2026-07-07T13:43:00+00:00,20057.25,20058.25,20056.0,20057.0,0.0
2026-07-07T13:44:00+00:00,20057.0,20058.0,20055.75,20056.75,0.0
2026-07-07T13:45:00+00:00,20056.75,20057.75,20055.5,20056.5,0.0
2026-07-07T13:46:00+00:00,20056.5,20057.5,20055.25,20056.25,0.0
2026-07-07T13:47:00+00:00,20056.25,20057.25,20055.0,20056.0,0.0
2026-07-07T13:48:00+00:00,20056.0,20057.0,20054.75,20055.75,0.0
2026-07-07T13:49:00+00:00,20055.75,20056.75,20054.5,20055.5,0.0
2026-07-07T13:50:00+00:00,20055.5,20056.5,20054.25,20055.25,0.0
2026-07-07T13:51:00+00:00,20055.25,20056.25,20054.25,20055.25,0.0
2026-07-07T13:52:00+00:00,20055.25,20056.25,20054.0,20055.0,0.0
2026-07-07T13:53:00+00:00,20055.0,20056.0,20053.75,20054.75,0.0
2026-07-07T13:54:00+00:00,20054.75,20055.75,20053.5,20054.5,0.0
2026-07-07T13:55:00+00:00,20054.5,20055.5,20053.25,20054.25,0.0
2026-07-07T13:56:00+00:00,20054.25,20055.25,20053.0,20054.0,0.0
2026-07-07T13:57:00+00:00,20054.0,20055.0,20052.75,20053.75,0.0
2026-07-07T13:58:00+00:00,20053.75,20054.75,20052.5,20053.5,0.0
2026-07-07T13:59:00+00:00,20053.5,20054.5,20052.25,20053.25,0.0
2026-07-07T14:00:00+00:00,20053.25,20054.25,20052.0,20053.0,0.0
2026-07-07T14:01:00+00:00,20053.0,20054.0,20051.75,20052.75,0.0
2026-07-07T14:02:00+00:00,20052.75,20053.75,20051.5,20052.5,0.0
2026-07-07T14:03:00+00:00,20052.5,20053.5,20051.25,20052.25,0.0
2026-07-07T14:04:00+00:00,20052.25,20053.25,20051.25,20052.25,0.0
2026-07-07T14:05:00+00:00,20052.25,20053.25,20051.0,20052.0,0.0
2026-07-07T14:06:00+00:00,20052.0,20053.0,20050.75,20051.75,0.0
2026-07-07T14:07:00+00:00,20051.75,20052.75,20050.5,20051.5,0.0
2026-07-07T14:08:00+00:00,20051.5,20052.5,20050.25,20051.25,0.0
2026-07-07T14:09:00+00:00,20051.25,20052.25,20050.0,20051.0,0.0
2026-07-07T14:10:00+00:00,20051.0,20052.0,20049.75,20050.75,0.0
2026-07-07T14:11:00+00:00,20050.75,20051.75,20049.5,20050.5,0.0
2026-07-07T14:12:00+00:00,20050.5,20051.5,20049.25,20050.25,0.0
2026-07-07T14:13:00+00:00,20050.25,20051.25,20049.0,20050.0,0.0
2026-07-07T14:14:00+00:00,20050.0,20051.0,20048.75,20049.75,0.0
2026-07-07T14:15:00+00:00,20049.75,20050.75,20048.5,20049.5,0.0
2026-07-07T14:16:00+00:00,20049.5,20050.5,20048.25,20049.25,0.0
2026-07-07T14:17:00+00:00,20049.25,20050.25,20048.25,20049.25,0.0
2026-07-07T14:18:00+00:00,20049.25,20050.25,20048.0,20049.0,0.0
2026-07-07T14:19:00+00:00,20049.0,20050.0,20047.75,20048.75,0.0
2026-07-07T14:20:00+00:00,20048.75,20049.75,20047.5,20048.5,0.0
2026-07-07T14:21:00+00:00,20048.5,20049.5,20047.25,20048.25,0.0
2026-07-07T14:22:00+00:00,20048.25,20049.25,20047.0,20048.0,0.0
2026-07-07T14:23:00+00:00,20048.0,20049.0,20046.75,20047.75,0.0
2026-07-07T14:24:00+00:00,20047.75,20048.75,20046.5,20047.5,0.0
2026-07-07T14:25:00+00:00,20047.5,20048.5,20046.25,20047.25,0.0
2026-07-07T14:26:00+00:00,20047.25,20048.25,20046.0,20047.0,0.0
2026-07-07T14:27:00+00:00,20047.0,20048.0,20045.75,20046.75,0.0
2026-07-07T14:28:00+00:00,20046.75,20047.75,20045.5,20046.5,0.0
2026-07-07T14:29:00+00:00,20046.5,20047.5,20045.25,20046.25,0.0
2026-07-07T14:30:00+00:00,20046.25,20047.25,20045.0,20046.0,0.0
2026-07-07T14:31:00+00:00,20046.0,20047.0,20045.0,20046.0,0.0
2026-07-07T14:32:00+00:00,20046.0,20047.0,20044.75,20045.75,0.0
2026-07-07T14:33:00+00:00,20045.75,20046.75,20044.5,20045.5,0.0
2026-07-07T14:34:00+00:00,20045.5,20046.5,20044.25,20045.25,0.0
2026-07-07T14:35:00+00:00,20045.25,20046.25,20044.0,20045.0,0.0
2026-07-07T14:36:00+00:00,20045.0,20046.0,20043.75,20044.75,0.0
2026-07-07T14:37:00+00:00,20044.75,20045.75,20043.5,20044.5,0.0
2026-07-07T14:38:00+00:00,20044.5,20045.5,20043.25,20044.25,0.0
2026-07-07T14:39:00+00:00,20044.25,20045.25,20043.0,20044.0,0.0
2026-07-07T14:40:00+00:00,20044.0,20045.0,20042.75,20043.75,0.0
2026-07-07T14:41:00+00:00,20043.75,20044.75,20042.5,20043.5,0.0
2026-07-07T14:42:00+00:00,20043.5,20044.5,20042.25,20043.25,0.0
2026-07-07T14:43:00+00:00,20043.25,20044.25,20042.0,20043.0,0.0
2026-07-07T14:44:00+00:00,20043.0,20044.0,20042.0,20043.0,0.0
2026-07-07T14:45:00+00:00,20043.0,20044.0,20041.75,20042.75,0.0
2026-07-07T14:46:00+00:00,20042.75,20043.75,20041.5,20042.5,0.0
2026-07-07T14:47:00+00:00,20042.5,20043.5,20041.25,20042.25,0.0
2026-07-07T14:48:00+00:00,20042.25,20043.25,20041.0,20042.0,0.0
2026-07-07T14:49:00+00:00,20042.0,20043.0,20040.75,20041.75,0.0
2026-07-07T14:50:00+00:00,20041.75,20042.75,20040.5,20041.5,0.0
2026-07-07T14:51:00+00:00,20041.5,20042.5,20040.25,20041.25,0.0
2026-07-07T14:52:00+00:00,20041.25,20042.25,20040.0,20041.0,0.0
2026-07-07T14:53:00+00:00,20041.0,20042.0,20039.75,20040.75,0.0
2026-07-07T14:54:00+00:00,20040.75,20041.75,20039.5,20040.5,0.0
2026-07-07T14:55:00+00:00,20040.5,20041.5,20039.25,20040.25,0.0
2026-07-07T14:56:00+00:00,20040.25,20041.25,20039.0,20040.0,0.0
2026-07-07T14:57:00+00:00,20040.0,20041.0,20038.75,20039.75,0.0
2026-07-07T14:58:00+00:00,20039.75,20040.75,20038.75,20039.75,0.0
2026-07-07T14:59:00+00:00,20039.75,20040.75,20038.5,20039.5,0.0
2026-07-07T15:00:00+00:00,20039.5,20040.5,20038.25,20039.25,0.0
2026-07-07T15:01:00+00:00,20039.25,20040.25,20038.0,20039.0,0.0
2026-07-07T15:02:00+00:00,20039.0,20040.0,20037.75,20038.75,0.0
2026-07-07T15:03:00+00:00,20038.75,20039.75,20037.5,20038.5,0.0
2026-07-07T15:04:00+00:00,20038.5,20039.5,20037.25,20038.25,0.0
2026-07-07T15:05:00+00:00,20038.25,20039.25,20037.0,20038.0,0.0
2026-07-07T15:06:00+00:00,20038.0,20039.0,20036.75,20037.75,0.0
2026-07-07T15:07:00+00:00,20037.75,20038.75,20036.5,20037.5,0.0
2026-07-07T15:08:00+00:00,20037.5,20038.5,20036.25,20037.25,0.0
2026-07-07T15:09:00+00:00,20037.25,20038.25,20036.0,20037.0,0.0
2026-07-07T15:10:00+00:00,20037.0,20038.0,20035.75,20036.75,0.0
2026-07-07T15:11:00+00:00,20036.75,20037.75,20035.75,20036.75,0.0
2026-07-07T15:12:00+00:00,20036.75,20037.75,20035.5,20036.5,0.0
2026-07-07T15:13:00+00:00,20036.5,20037.5,20035.25,20036.25,0.0
2026-07-07T15:14:00+00:00,20036.25,20037.25,20035.0,20036.0,0.0
2026-07-07T15:15:00+00:00,20036.0,20037.0,20034.75,20035.75,0.0
2026-07-07T15:16:00+00:00,20035.75,20036.75,20034.5,20035.5,0.0
2026-07-07T15:17:00+00:00,20035.5,20036.5,20034.25,20035.25,0.0
2026-07-07T15:18:00+00:00,20035.25,20036.25,20034.0,20035.0,0.0
2026-07-07T15:19:00+00:00,20035.0,20036.0,20033.75,20034.75,0.0
2026-07-07T15:20:00+00:00,20034.75,20035.75,20033.5,20034.5,0.0
2026-07-07T15:21:00+00:00,20034.5,20035.5,20033.25,20034.25,0.0
2026-07-07T15:22:00+00:00,20034.25,20035.25,20033.0,20034.0,0.0
2026-07-07T15:23:00+00:00,20034.0,20035.0,20032.75,20033.75,0.0
2026-07-07T15:24:00+00:00,20033.75,20034.75,20032.5,20033.5,0.0
2026-07-07T15:25:00+00:00,20033.5,20034.5,20032.5,20033.5,0.0
2026-07-07T15:26:00+00:00,20033.5,20034.5,20032.25,20033.25,0.0
2026-07-07T15:27:00+00:00,20033.25,20034.25,20032.0,20033.0,0.0
2026-07-07T15:28:00+00:00,20033.0,20034.0,20031.75,20032.75,0.0
2026-07-07T15:29:00+00:00,20032.75,20033.75,20031.5,20032.5,0.0
2026-07-07T15:30:00+00:00,20032.5,20033.5,20031.25,20032.25,0.0
2026-07-07T15:31:00+00:00,20032.25,20033.25,20031.0,20032.0,0.0
2026-07-07T15:32:00+00:00,20032.0,20033.0,20030.75,20031.75,0.0
2026-07-07T15:33:00+00:00,20031.75,20032.75,20030.5,20031.5,0.0
2026-07-07T15:34:00+00:00,20031.5,20032.5,20030.25,20031.25,0.0
2026-07-07T15:35:00+00:00,20031.25,20032.25,20030.0,20031.0,0.0
2026-07-07T15:36:00+00:00,20031.0,20032.0,20029.75,20030.75,0.0
2026-07-07T15:37:00+00:00,20030.75,20031.75,20029.5,20030.5,0.0
2026-07-07T15:38:00+00:00,20030.5,20031.5,20029.5,20030.5,0.0
2026-07-07T15:39:00+00:00,20030.5,20031.5,20029.25,20030.25,0.0
2026-07-07T15:40:00+00:00,20030.25,20031.25,20029.0,20030.0,0.0
2026-07-07T15:41:00+00:00,20030.0,20031.0,20028.75,20029.75,0.0
2026-07-07T15:42:00+00:00,20029.75,20030.75,20028.5,20029.5,0.0
2026-07-07T15:43:00+00:00,20029.5,20030.5,20028.25,20029.25,0.0
2026-07-07T15:44:00+00:00,20029.25,20030.25,20028.0,20029.0,0.0
2026-07-07T15:45:00+00:00,20029.0,20030.0,20027.75,20028.75,0.0
2026-07-07T15:46:00+00:00,20028.75,20029.75,20027.5,20028.5,0.0
2026-07-07T15:47:00+00:00,20028.5,20029.5,20027.25,20028.25,0.0
2026-07-07T15:48:00+00:00,20028.25,20029.25,20027.0,20028.0,0.0
2026-07-07T15:49:00+00:00,20028.0,20029.0,20026.75,20027.75,0.0
2026-07-07T15:50:00+00:00,20027.75,20028.75,20026.5,20027.5,0.0
2026-07-07T15:51:00+00:00,20027.5,20028.5,20026.5,20027.5,0.0
2026-07-07T15:52:00+00:00,20027.5,20028.5,20026.25,20027.25,0.0
2026-07-07T15:53:00+00:00,20027.25,20028.25,20026.0,20027.0,0.0
2026-07-07T15:54:00+00:00,20027.0,20028.0,20025.75,20026.75,0.0
2026-07-07T15:55:00+00:00,20026.75,20027.75,20025.5,20026.5,0.0
2026-07-07T15:56:00+00:00,20026.5,20027.5,20025.25,20026.25,0.0
2026-07-07T15:57:00+00:00,20026.25,20027.25,20025.0,20026.0,0.0
2026-07-07T15:58:00+00:00,20026.0,20027.0,20024.75,20025.75,0.0
2026-07-07T15:59:00+00:00,20025.75,20026.75,20024.5,20025.5,0.0
2026-07-07T16:00:00+00:00,20025.5,20026.5,20024.25,20025.25,0.0
2026-07-07T16:01:00+00:00,20025.25,20026.25,20024.0,20025.0,0.0
2026-07-07T16:02:00+00:00,20025.0,20026.0,20023.75,20024.75,0.0
2026-07-07T16:03:00+00:00,20024.75,20025.75,20023.5,20024.5,0.0
2026-07-07T16:04:00+00:00,20024.5,20025.5,20023.25,20024.25,0.0
2026-07-07T16:05:00+00:00,20024.25,20025.25,20023.25,20024.25,0.0
2026-07-07T16:06:00+00:00,20024.25,20025.25,20023.0,20024.0,0.0
2026-07-07T16:07:00+00:00,20024.0,20025.0,20022.75,20023.75,0.0
2026-07-07T16:08:00+00:00,20023.75,20024.75,20022.5,20023.5,0.0
2026-07-07T16:09:00+00:00,20023.5,20024.5,20022.25,20023.25,0.0
2026-07-07T16:10:00+00:00,20023.25,20024.25,20022.0,20023.0,0.0
2026-07-07T16:11:00+00:00,20023.0,20024.0,20021.75,20022.75,0.0
2026-07-07T16:12:00+00:00,20022.75,20023.75,20021.5,20022.5,0.0
2026-07-07T16:13:00+00:00,20022.5,20023.5,20021.25,20022.25,0.0
2026-07-07T16:14:00+00:00,20022.25,20023.25,20021.0,20022.0,0.0
2026-07-07T16:15:00+00:00,20022.0,20023.0,20020.75,20021.75,0.0
2026-07-07T16:16:00+00:00,20021.75,20022.75,20020.5,20021.5,0.0
2026-07-07T16:17:00+00:00,20021.5,20022.5,20020.25,20021.25,0.0
2026-07-07T16:18:00+00:00,20021.25,20022.25,20020.25,20021.25,0.0
2026-07-07T16:19:00+00:00,20021.25,20022.25,20020.0,20021.0,0.0
2026-07-07T16:20:00+00:00,20021.0,20022.0,20019.75,20020.75,0.0
2026-07-07T16:21:00+00:00,20020.75,20021.75,20019.5,20020.5,0.0
2026-07-07T16:22:00+00:00,20020.5,20021.5,20019.25,20020.25,0.0
2026-07-07T16:23:00+00:00,20020.25,20021.25,20019.0,20020.0,0.0
2026-07-07T16:24:00+00:00,20020.0,20021.0,20018.75,20019.75,0.0
2026-07-07T16:25:00+00:00,20019.75,20020.75,20018.5,20019.5,0.0
2026-07-07T16:26:00+00:00,20019.5,20020.5,20018.25,20019.25,0.0
2026-07-07T16:27:00+00:00,20019.25,20020.25,20018.0,20019.0,0.0
2026-07-07T16:28:00+00:00,20019.0,20020.0,20017.75,20018.75,0.0
2026-07-07T16:29:00+00:00,20018.75,20019.75,20017.5,20018.5,0.0
2026-07-07T16:30:00+00:00,20018.5,20019.5,20017.25,20018.25,0.0
2026-07-07T16:31:00+00:00,20018.25,20019.25,20017.0,20018.0,0.0
2026-07-07T16:32:00+00:00,20018.0,20019.0,20017.0,20018.0,0.0
2026-07-07T16:33:00+00:00,20018.0,20019.0,20016.75,20017.75,0.0
2026-07-07T16:34:00+00:00,20017.75,20018.75,20016.5,20017.5,0.0
2026-07-07T16:35:00+00:00,20017.5,20018.5,20016.25,20017.25,0.0
2026-07-07T16:36:00+00:00,20017.25,20018.25,20016.0,20017.0,0.0
2026-07-07T16:37:00+00:00,20017.0,20018.0,20015.75,20016.75,0.0
2026-07-07T16:38:00+00:00,20016.75,20017.75,20015.5,20016.5,0.0
2026-07-07T16:39:00+00:00,20016.5,20017.5,20015.25,20016.25,0.0
2026-07-07T16:40:00+00:00,20016.25,20017.25,20015.0,20016.0,0.0
2026-07-07T16:41:00+00:00,20016.0,20017.0,20014.75,20015.75,0.0
2026-07-07T16:42:00+00:00,20015.75,20016.75,20014.5,20015.5,0.0
2026-07-07T16:43:00+00:00,20015.5,20016.5,20014.25,20015.25,0.0
2026-07-07T16:44:00+00:00,20015.25,20016.25,20014.0,20015.0,0.0
2026-07-07T16:45:00+00:00,20015.0,20016.0,20014.0,20015.0,0.0
2026-07-07T16:46:00+00:00,20015.0,20016.0,20013.75,20014.75,0.0
2026-07-07T16:47:00+00:00,20014.75,20015.75,20013.5,20014.5,0.0
2026-07-07T16:48:00+00:00,20014.5,20015.5,20013.25,20014.25,0.0
2026-07-07T16:49:00+00:00,20014.25,20015.25,20013.0,20014.0,0.0
2026-07-07T16:50:00+00:00,20014.0,20015.0,20012.75,20013.75,0.0
2026-07-07T16:51:00+00:00,20013.75,20014.75,20012.5,20013.5,0.0
2026-07-07T16:52:00+00:00,20013.5,20014.5,20012.25,20013.25,0.0
2026-07-07T16:53:00+00:00,20013.25,20014.25,20012.0,20013.0,0.0
2026-07-07T16:54:00+00:00,20013.0,20014.0,20011.75,20012.75,0.0
2026-07-07T16:55:00+00:00,20012.75,20013.75,20011.5,20012.5,0.0
2026-07-07T16:56:00+00:00,20012.5,20013.5,20011.25,20012.25,0.0
2026-07-07T16:57:00+00:00,20012.25,20013.25,20011.0,20012.0,0.0
2026-07-07T16:58:00+00:00,20012.0,20013.0,20011.0,20012.0,0.0
2026-07-07T16:59:00+00:00,20012.0,20013.0,20010.75,20011.75,0.0
2026-07-07T17:00:00+00:00,20011.75,20012.75,20010.5,20011.5,0.0
2026-07-07T17:01:00+00:00,20011.5,20012.5,20010.25,20011.25,0.0
2026-07-07T17:02:00+00:00,20011.25,20012.25,20010.0,20011.0,0.0
2026-07-07T17:03:00+00:00,20011.0,20012.0,20009.75,20010.75,0.0
2026-07-07T17:04:00+00:00,20010.75,20011.75,20009.5,20010.5,0.0
2026-07-07T17:05:00+00:00,20010.5,20011.5,20009.25,20010.25,0.0
2026-07-07T17:06:00+00:00,20010.25,20011.25,20009.0,20010.0,0.0
2026-07-07T17:07:00+00:00,20010.0,20011.0,20008.75,20009.75,0.0
2026-07-07T17:08:00+00:00,20009.75,20010.75,20008.5,20009.5,0.0
2026-07-07T17:09:00+00:00,20009.5,20010.5,20008.25,20009.25,0.0
2026-07-07T17:10:00+00:00,20009.25,20010.25,20008.0,20009.0,0.0
2026-07-07T17:11:00+00:00,20009.0,20010.0,20007.75,20008.75,0.0
2026-07-07T17:12:00+00:00,20008.75,20009.75,20007.75,20008.75,0.0
2026-07-07T17:13:00+00:00,20008.75,20009.75,20007.5,20008.5,0.0
2026-07-07T17:14:00+00:00,20008.5,20009.5,20007.25,20008.25,0.0
2026-07-07T17:15:00+00:00,20008.25,20009.25,20007.0,20008.0,0.0
2026-07-07T17:16:00+00:00,20008.0,20009.0,20006.75,20007.75,0.0
2026-07-07T17:17:00+00:00,20007.75,20008.75,20006.5,20007.5,0.0
2026-07-07T17:18:00+00:00,20007.5,20008.5,20006.25,20007.25,0.0
2026-07-07T17:19:00+00:00,20007.25,20008.25,20006.0,20007.0,0.0
2026-07-07T17:20:00+00:00,20007.0,20008.0,20005.75,20006.75,0.0
2026-07-07T17:21:00+00:00,20006.75,20007.75,20005.5,20006.5,0.0
2026-07-07T17:22:00+00:00,20006.5,20007.5,20005.25,20006.25,0.0
2026-07-07T17:23:00+00:00,20006.25,20007.25,20005.0,20006.0,0.0
2026-07-07T17:24:00+00:00,20006.0,20007.0,20004.75,20005.75,0.0
2026-07-07T17:25:00+00:00,20005.75,20006.75,20004.75,20005.75,0.0
2026-07-07T17:26:00+00:00,20005.75,20006.75,20004.5,20005.5,0.0
2026-07-07T17:27:00+00:00,20005.5,20006.5,20004.25,20005.25,0.0
2026-07-07T17:28:00+00:00,20005.25,20006.25,20004.0,20005.0,0.0
2026-07-07T17:29:00+00:00,20005.0,20006.0,20003.75,20004.75,0.0
2026-07-07T17:30:00+00:00,20004.75,20005.75,20003.5,20004.5,0.0
2026-07-07T17:31:00+00:00,20004.5,20005.5,20003.25,20004.25,0.0
2026-07-07T17:32:00+00:00,20004.25,20005.25,20003.0,20004.0,0.0
2026-07-07T17:33:00+00:00,20004.0,20005.0,20002.75,20003.75,0.0
2026-07-07T17:34:00+00:00,20003.75,20004.75,20002.5,20003.5,0.0
2026-07-07T17:35:00+00:00,20003.5,20004.5,20002.25,20003.25,0.0
2026-07-07T17:36:00+00:00,20003.25,20004.25,20002.0,20003.0,0.0
2026-07-07T17:37:00+00:00,20003.0,20004.0,20001.75,20002.75,0.0
2026-07-07T17:38:00+00:00,20002.75,20003.75,20001.5,20002.5,0.0
2026-07-07T17:39:00+00:00,20002.5,20003.5,20001.5,20002.5,0.0
2026-07-07T17:40:00+00:00,20002.5,20003.5,20001.25,20002.25,0.0
2026-07-07T17:41:00+00:00,20002.25,20003.25,20001.0,20002.0,0.0
2026-07-07T17:42:00+00:00,20002.0,20003.0,20000.75,20001.75,0.0
2026-07-07T17:43:00+00:00,20001.75,20002.75,20000.5,20001.5,0.0
2026-07-07T17:44:00+00:00,20001.5,20002.5,20000.25,20001.25,0.0
2026-07-07T17:45:00+00:00,20001.25,20002.25,20000.0,20001.0,0.0
2026-07-07T17:46:00+00:00,20001.0,20002.0,19999.75,20000.75,0.0
2026-07-07T17:47:00+00:00,20000.75,20001.75,19999.5,20000.5,0.0
2026-07-07T17:48:00+00:00,20000.5,20001.5,19999.25,20000.25,0.0
2026-07-07T17:49:00+00:00,20000.25,20001.25,19999.0,20000.0,0.0
2026-07-07T17:50:00+00:00,20000.0,20001.0,19998.75,19999.75,0.0
2026-07-07T17:51:00+00:00,19999.75,20000.75,19998.5,19999.5,0.0
2026-07-07T17:52:00+00:00,19999.5,20000.5,19998.5,19999.5,0.0
2026-07-07T17:53:00+00:00,19999.5,20000.5,19998.25,19999.25,0.0
2026-07-07T17:54:00+00:00,19999.25,20000.25,19998.0,19999.0,0.0
2026-07-07T17:55:00+00:00,19999.0,20000.0,19997.75,19998.75,0.0
2026-07-07T17:56:00+00:00,19998.75,19999.75,19997.5,19998.5,0.0
2026-07-07T17:57:00+00:00,19998.5,19999.5,19997.25,19998.25,0.0
2026-07-07T17:58:00+00:00,19998.25,19999.25,19997.0,19998.0,0.0
2026-07-07T17:59:00+00:00,19998.0,19999.0,19996.75,19997.75,0.0
2026-07-07T18:00:00+00:00,19997.75,19998.75,19996.5,19997.5,0.0
2026-07-07T18:01:00+00:00,19997.5,19998.5,19996.25,19997.25,0.0
2026-07-07T18:02:00+00:00,19997.25,19998.25,19996.0,19997.0,0.0
2026-07-07T18:03:00+00:00,19997.0,19998.0,19995.75,19996.75,0.0
2026-07-07T18:04:00+00:00,19996.75,19997.75,19995.5,19996.5,0.0
2026-07-07T18:05:00+00:00,19996.5,19997.5,19995.5,19996.5,0.0
2026-07-07T18:06:00+00:00,19996.5,19997.5,19995.25,19996.25,0.0
2026-07-07T18:07:00+00:00,19996.25,19997.25,19995.0,19996.0,0.0
2026-07-07T18:08:00+00:00,19996.0,19997.0,19994.75,19995.75,0.0
2026-07-07T18:09:00+00:00,19995.75,19996.75,19994.5,19995.5,0.0
2026-07-07T18:10:00+00:00,19995.5,19996.5,19994.25,19995.25,0.0
2026-07-07T18:11:00+00:00,19995.25,19996.25,19994.0,19995.0,0.0
2026-07-07T18:12:00+00:00,19995.0,19996.0,19993.75,19994.75,0.0
2026-07-07T18:13:00+00:00,19994.75,19995.75,19993.5,19994.5,0.0
2026-07-07T18:14:00+00:00,19994.5,19995.5,19993.25,19994.25,0.0
2026-07-07T18:15:00+00:00,19994.25,19995.25,19993.0,19994.0,0.0
2026-07-07T18:16:00+00:00,19994.0,19995.0,19992.75,19993.75,0.0
2026-07-07T18:17:00+00:00,19993.75,19994.75,19992.5,19993.5,0.0
2026-07-07T18:18:00+00:00,19993.5,19994.5,19992.25,19993.25,0.0
2026-07-07T18:19:00+00:00,19993.25,19994.25,19992.25,19993.25,0.0
2026-07-07T18:20:00+00:00,19993.25,19994.25,19992.0,19993.0,0.0
2026-07-07T18:21:00+00:00,19993.0,19994.0,19991.75,19992.75,0.0
2026-07-07T18:22:00+00:00,19992.75,19993.75,19991.5,19992.5,0.0
2026-07-07T18:23:00+00:00,19992.5,19993.5,19991.25,19992.25,0.0
2026-07-07T18:24:00+00:00,19992.25,19993.25,19991.0,19992.0,0.0
2026-07-07T18:25:00+00:00,19992.0,19993.0,19990.75,19991.75,0.0
2026-07-07T18:26:00+00:00,19991.75,19992.75,19990.5,19991.5,0.0
2026-07-07T18:27:00+00:00,19991.5,19992.5,19990.25,19991.25,0.0
2026-07-07T18:28:00+00:00,19991.25,19992.25,19990.0,19991.0,0.0
2026-07-07T18:29:00+00:00,19991.0,19992.0,19989.75,19990.75,0.0
2026-07-07T18:30:00+00:00,19990.75,19991.75,19989.5,19990.5,0.0
2026-07-07T18:31:00+00:00,19990.5,19991.5,19989.25,19990.25,0.0
2026-07-07T18:32:00+00:00,19990.25,19991.25,19989.25,19990.25,0.0
2026-07-07T18:33:00+00:00,19990.25,19991.25,19989.0,19990.0,0.0
2026-07-07T18:34:00+00:00,19990.0,19991.0,19988.75,19989.75,0.0
2026-07-07T18:35:00+00:00,19989.75,19990.75,19988.5,19989.5,0.0
2026-07-07T18:36:00+00:00,19989.5,19990.5,19988.25,19989.25,0.0
2026-07-07T18:37:00+00:00,19989.25,19990.25,19988.0,19989.0,0.0
2026-07-07T18:38:00+00:00,19989.0,19990.0,19987.75,19988.75,0.0
2026-07-07T18:39:00+00:00,19988.75,19989.75,19987.5,19988.5,0.0
2026-07-07T18:40:00+00:00,19988.5,19989.5,19987.25,19988.25,0.0
2026-07-07T18:41:00+00:00,19988.25,19989.25,19987.0,19988.0,0.0
2026-07-07T18:42:00+00:00,19988.0,19989.0,19986.75,19987.75,0.0
2026-07-07T18:43:00+00:00,19987.75,19988.75,19986.5,19987.5,0.0
2026-07-07T18:44:00+00:00,19987.5,19988.5,19986.25,19987.25,0.0
2026-07-07T18:45:00+00:00,19987.25,19988.25,19986.0,19987.0,0.0
2026-07-07T18:46:00+00:00,19987.0,19988.0,19986.0,19987.0,0.0
2026-07-07T18:47:00+00:00,19987.0,19988.0,19985.75,19986.75,0.0
2026-07-07T18:48:00+00:00,19986.75,19987.75,19985.5,19986.5,0.0
2026-07-07T18:49:00+00:00,19986.5,19987.5,19985.25,19986.25,0.0
2026-07-07T18:50:00+00:00,19986.25,19987.25,19985.0,19986.0,0.0
2026-07-07T18:51:00+00:00,19986.0,19987.0,19984.75,19985.75,0.0
2026-07-07T18:52:00+00:00,19985.75,19986.75,19984.5,19985.5,0.0
2026-07-07T18:53:00+00:00,19985.5,19986.5,19984.25,19985.25,0.0
2026-07-07T18:54:00+00:00,19985.25,19986.25,19984.0,19985.0,0.0
2026-07-07T18:55:00+00:00,19985.0,19986.0,19983.75,19984.75,0.0
2026-07-07T18:56:00+00:00,19984.75,19985.75,19983.5,19984.5,0.0
2026-07-07T18:57:00+00:00,19984.5,19985.5,19983.25,19984.25,0.0
2026-07-07T18:58:00+00:00,19984.25,19985.25,19983.0,19984.0,0.0
2026-07-07T18:59:00+00:00,19984.0,19985.0,19983.0,19984.0,0.0
2026-07-07T19:00:00+00:00,19984.0,19985.0,19982.75,19983.75,0.0
2026-07-07T19:01:00+00:00,19983.75,19984.75,19982.5,19983.5,0.0
2026-07-07T19:02:00+00:00,19983.5,19984.5,19982.25,19983.25,0.0
2026-07-07T19:03:00+00:00,19983.25,19984.25,19982.0,19983.0,0.0
2026-07-07T19:04:00+00:00,19983.0,19984.0,19981.75,19982.75,0.0
2026-07-07T19:05:00+00:00,19982.75,19983.75,19981.5,19982.5,0.0
2026-07-07T19:06:00+00:00,19982.5,19983.5,19981.25,19982.25,0.0
2026-07-07T19:07:00+00:00,19982.25,19983.25,19981.0,19982.0,0.0
2026-07-07T19:08:00+00:00,19982.0,19983.0,19980.75,19981.75,0.0
2026-07-07T19:09:00+00:00,19981.75,19982.75,19980.5,19981.5,0.0
2026-07-07T19:10:00+00:00,19981.5,19982.5,19980.25,19981.25,0.0
2026-07-07T19:11:00+00:00,19981.25,19982.25,19980.0,19981.0,0.0
2026-07-07T19:12:00+00:00,19981.0,19982.0,19979.75,19980.75,0.0
2026-07-07T19:13:00+00:00,19980.75,19981.75,19979.75,19980.75,0.0
2026-07-07T19:14:00+00:00,19980.75,19981.75,19979.5,19980.5,0.0
2026-07-07T19:15:00+00:00,19980.5,19981.5,19979.25,19980.25,0.0
2026-07-07T19:16:00+00:00,19980.25,19981.25,19979.0,19980.0,0.0
2026-07-07T19:17:00+00:00,19980.0,19981.0,19978.75,19979.75,0.0
2026-07-07T19:18:00+00:00,19979.75,19980.75,19978.5,19979.5,0.0
2026-07-07T19:19:00+00:00,19979.5,19980.5,19978.25,19979.25,0.0
2026-07-07T19:20:00+00:00,19979.25,19980.25,19978.0,19979.0,0.0
2026-07-07T19:21:00+00:00,19979.0,19980.0,19977.75,19978.75,0.0
2026-07-07T19:22:00+00:00,19978.75,19979.75,19977.5,19978.5,0.0
2026-07-07T19:23:00+00:00,19978.5,19979.5,19977.25,19978.25,0.0
2026-07-07T19:24:00+00:00,19978.25,19979.25,19977.0,19978.0,0.0
2026-07-07T19:25:00+00:00,19978.0,19979.0,19976.75,19977.75,0.0
2026-07-07T19:26:00+00:00,19977.75,19978.75,19976.75,19977.75,0.0
2026-07-07T19:27:00+00:00,19977.75,19978.75,19976.5,19977.5,0.0
2026-07-07T19:28:00+00:00,19977.5,19978.5,19976.25,19977.25,0.0
2026-07-07T19:29:00+00:00,19977.25,19978.25,19976.0,19977.0,0.0
2026-07-07T19:30:00+00:00,19977.0,19978.0,19975.75,19976.75,0.0
2026-07-07T19:31:00+00:00,19976.75,19977.75,19975.5,19976.5,0.0
2026-07-07T19:32:00+00:00,19976.5,19977.5,19975.25,19976.25,0.0
2026-07-07T19:33:00+00:00,19976.25,19977.25,19975.0,19976.0,0.0
2026-07-07T19:34:00+00:00,19976.0,19977.0,19974.75,19975.75,0.0
2026-07-07T19:35:00+00:00,19975.75,19976.75,19974.5,19975.5,0.0
2026-07-07T19:36:00+00:00,19975.5,19976.5,19974.25,19975.25,0.0
2026-07-07T19:37:00+00:00,19975.25,19976.25,19974.0,19975.0,0.0
2026-07-07T19:38:00+00:00,19975.0,19976.0,19973.75,19974.75,0.0
2026-07-07T19:39:00+00:00,19974.75,19975.75,19973.75,19974.75,0.0
2026-07-07T19:40:00+00:00,19974.75,19975.75,19973.5,19974.5,0.0
2026-07-07T19:41:00+00:00,19974.5,19975.5,19973.25,19974.25,0.0
2026-07-07T19:42:00+00:00,19974.25,19975.25,19973.0,19974.0,0.0
2026-07-07T19:43:00+00:00,19974.0,19975.0,19972.75,19973.75,0.0
2026-07-07T19:44:00+00:00,19973.75,19974.75,19972.5,19973.5,0.0
2026-07-07T19:45:00+00:00,19973.5,19974.5,19972.25,19973.25,0.0
2026-07-07T19:46:00+00:00,19973.25,19974.25,19972.0,19973.0,0.0
2026-07-07T19:47:00+00:00,19973.0,19974.0,19971.75,19972.75,0.0
2026-07-07T19:48:00+00:00,19972.75,19973.75,19971.5,19972.5,0.0
2026-07-07T19:49:00+00:00,19972.5,19973.5,19971.25,19972.25,0.0
2026-07-07T19:50:00+00:00,19972.25,19973.25,19971.0,19972.0,0.0
2026-07-07T19:51:00+00:00,19972.0,19973.0,19970.75,19971.75,0.0
2026-07-07T19:52:00+00:00,19971.75,19972.75,19970.5,19971.5,0.0
2026-07-07T19:53:00+00:00,19971.5,19972.5,19970.5,19971.5,0.0
2026-07-07T19:54:00+00:00,19971.5,19972.5,19970.25,19971.25,0.0
2026-07-07T19:55:00+00:00,19971.25,19972.25,19970.0,19971.0,0.0
2026-07-07T19:56:00+00:00,19971.0,19972.0,19969.75,19970.75,0.0
2026-07-07T19:57:00+00:00,19970.75,19971.75,19969.5,19970.5,0.0
2026-07-07T19:58:00+00:00,19970.5,19971.5,19969.25,19970.25,0.0
2026-07-07T19:59:00+00:00,19970.25,19971.25,19800.0,19970.0,0.0
2026-07-14T13:30:00+00:00,20060.0,20080.0,20059.0,20060.0,0.0
2026-07-14T13:31:00+00:00,20060.0,20061.0,20058.75,20059.75,0.0
2026-07-14T13:32:00+00:00,20059.75,20060.75,20058.5,20059.5,0.0
2026-07-14T13:33:00+00:00,20059.5,20060.5,20058.25,20059.25,0.0
2026-07-14T13:34:00+00:00,20059.25,20060.25,20058.0,20059.0,0.0
2026-07-14T13:35:00+00:00,20059.0,20060.0,20057.75,20058.75,0.0
2026-07-14T13:36:00+00:00,20058.75,20059.75,20057.5,20058.5,0.0
2026-07-14T13:37:00+00:00,20058.5,20059.5,20057.5,20058.5,0.0
2026-07-14T13:38:00+00:00,20058.5,20059.5,20057.25,20058.25,0.0
2026-07-14T13:39:00+00:00,20058.25,20059.25,20057.0,20058.0,0.0
2026-07-14T13:40:00+00:00,20058.0,20059.0,20056.75,20057.75,0.0
2026-07-14T13:41:00+00:00,20057.75,20058.75,20056.5,20057.5,0.0
2026-07-14T13:42:00+00:00,20057.5,20058.5,20056.25,20057.25,0.0
2026-07-14T13:43:00+00:00,20057.25,20058.25,20056.0,20057.0,0.0
2026-07-14T13:44:00+00:00,20057.0,20058.0,20055.75,20056.75,0.0
2026-07-14T13:45:00+00:00,20056.75,20057.75,20055.5,20056.5,0.0
2026-07-14T13:46:00+00:00,20056.5,20057.5,20055.25,20056.25,0.0
2026-07-14T13:47:00+00:00,20056.25,20057.25,20055.0,20056.0,0.0
2026-07-14T13:48:00+00:00,20056.0,20057.0,20054.75,20055.75,0.0
2026-07-14T13:49:00+00:00,20055.75,20056.75,20054.5,20055.5,0.0
2026-07-14T13:50:00+00:00,20055.5,20056.5,20054.25,20055.25,0.0
2026-07-14T13:51:00+00:00,20055.25,20056.25,20054.25,20055.25,0.0
2026-07-14T13:52:00+00:00,20055.25,20056.25,20054.0,20055.0,0.0
2026-07-14T13:53:00+00:00,20055.0,20056.0,20053.75,20054.75,0.0
2026-07-14T13:54:00+00:00,20054.75,20055.75,20053.5,20054.5,0.0
2026-07-14T13:55:00+00:00,20054.5,20055.5,20053.25,20054.25,0.0
2026-07-14T13:56:00+00:00,20054.25,20055.25,20053.0,20054.0,0.0
2026-07-14T13:57:00+00:00,20054.0,20055.0,20052.75,20053.75,0.0
2026-07-14T13:58:00+00:00,20053.75,20054.75,20052.5,20053.5,0.0
2026-07-14T13:59:00+00:00,20053.5,20054.5,20052.25,20053.25,0.0
2026-07-14T14:00:00+00:00,20053.25,20054.25,20052.0,20053.0,0.0
2026-07-14T14:01:00+00:00,20053.0,20054.0,20051.75,20052.75,0.0
2026-07-14T14:02:00+00:00,20052.75,20053.75,20051.5,20052.5,0.0
2026-07-14T14:03:00+00:00,20052.5,20053.5,20051.25,20052.25,0.0
2026-07-14T14:04:00+00:00,20052.25,20053.25,20051.25,20052.25,0.0
2026-07-14T14:05:00+00:00,20052.25,20053.25,20051.0,20052.0,0.0
2026-07-14T14:06:00+00:00,20052.0,20053.0,20050.75,20051.75,0.0
2026-07-14T14:07:00+00:00,20051.75,20052.75,20050.5,20051.5,0.0
2026-07-14T14:08:00+00:00,20051.5,20052.5,20050.25,20051.25,0.0
2026-07-14T14:09:00+00:00,20051.25,20052.25,20050.0,20051.0,0.0
2026-07-14T14:10:00+00:00,20051.0,20052.0,20049.75,20050.75,0.0
2026-07-14T14:11:00+00:00,20050.75,20051.75,20049.5,20050.5,0.0
2026-07-14T14:12:00+00:00,20050.5,20051.5,20049.25,20050.25,0.0
2026-07-14T14:13:00+00:00,20050.25,20051.25,20049.0,20050.0,0.0
2026-07-14T14:14:00+00:00,20050.0,20051.0,20048.75,20049.75,0.0
2026-07-14T14:15:00+00:00,20049.75,20050.75,20048.5,20049.5,0.0
2026-07-14T14:16:00+00:00,20049.5,20050.5,20048.25,20049.25,0.0
2026-07-14T14:17:00+00:00,20049.25,20050.25,20048.25,20049.25,0.0
2026-07-14T14:18:00+00:00,20049.25,20050.25,20048.0,20049.0,0.0
2026-07-14T14:19:00+00:00,20049.0,20050.0,20047.75,20048.75,0.0
2026-07-14T14:20:00+00:00,20048.75,20049.75,20047.5,20048.5,0.0
2026-07-14T14:21:00+00:00,20048.5,20049.5,20047.25,20048.25,0.0
2026-07-14T14:22:00+00:00,20048.25,20049.25,20047.0,20048.0,0.0
2026-07-14T14:23:00+00:00,20048.0,20049.0,20046.75,20047.75,0.0
2026-07-14T14:24:00+00:00,20047.75,20048.75,20046.5,20047.5,0.0
2026-07-14T14:25:00+00:00,20047.5,20048.5,20046.25,20047.25,0.0
2026-07-14T14:26:00+00:00,20047.25,20048.25,20046.0,20047.0,0.0
2026-07-14T14:27:00+00:00,20047.0,20048.0,20045.75,20046.75,0.0
2026-07-14T14:28:00+00:00,20046.75,20047.75,20045.5,20046.5,0.0
2026-07-14T14:29:00+00:00,20046.5,20047.5,20045.25,20046.25,0.0
2026-07-14T14:30:00+00:00,20046.25,20047.25,20045.0,20046.0,0.0
2026-07-14T14:31:00+00:00,20046.0,20047.0,20045.0,20046.0,0.0
2026-07-14T14:32:00+00:00,20046.0,20047.0,20044.75,20045.75,0.0
2026-07-14T14:33:00+00:00,20045.75,20046.75,20044.5,20045.5,0.0
2026-07-14T14:34:00+00:00,20045.5,20046.5,20044.25,20045.25,0.0
2026-07-14T14:35:00+00:00,20045.25,20046.25,20044.0,20045.0,0.0
2026-07-14T14:36:00+00:00,20045.0,20046.0,20043.75,20044.75,0.0
2026-07-14T14:37:00+00:00,20044.75,20045.75,20043.5,20044.5,0.0
2026-07-14T14:38:00+00:00,20044.5,20045.5,20043.25,20044.25,0.0
2026-07-14T14:39:00+00:00,20044.25,20045.25,20043.0,20044.0,0.0
2026-07-14T14:40:00+00:00,20044.0,20045.0,20042.75,20043.75,0.0
2026-07-14T14:41:00+00:00,20043.75,20044.75,20042.5,20043.5,0.0
2026-07-14T14:42:00+00:00,20043.5,20044.5,20042.25,20043.25,0.0
2026-07-14T14:43:00+00:00,20043.25,20044.25,20042.0,20043.0,0.0
2026-07-14T14:44:00+00:00,20043.0,20044.0,20042.0,20043.0,0.0
2026-07-14T14:45:00+00:00,20043.0,20044.0,20041.75,20042.75,0.0
2026-07-14T14:46:00+00:00,20042.75,20043.75,20041.5,20042.5,0.0
2026-07-14T14:47:00+00:00,20042.5,20043.5,20041.25,20042.25,0.0
2026-07-14T14:48:00+00:00,20042.25,20043.25,20041.0,20042.0,0.0
2026-07-14T14:49:00+00:00,20042.0,20043.0,20040.75,20041.75,0.0
2026-07-14T14:50:00+00:00,20041.75,20042.75,20040.5,20041.5,0.0
2026-07-14T14:51:00+00:00,20041.5,20042.5,20040.25,20041.25,0.0
2026-07-14T14:52:00+00:00,20041.25,20042.25,20040.0,20041.0,0.0
2026-07-14T14:53:00+00:00,20041.0,20042.0,20039.75,20040.75,0.0
2026-07-14T14:54:00+00:00,20040.75,20041.75,20039.5,20040.5,0.0
2026-07-14T14:55:00+00:00,20040.5,20041.5,20039.25,20040.25,0.0
2026-07-14T14:56:00+00:00,20040.25,20041.25,20039.0,20040.0,0.0
2026-07-14T14:57:00+00:00,20040.0,20041.0,20038.75,20039.75,0.0
2026-07-14T14:58:00+00:00,20039.75,20040.75,20038.75,20039.75,0.0
2026-07-14T14:59:00+00:00,20039.75,20040.75,20038.5,20039.5,0.0
2026-07-14T15:00:00+00:00,20039.5,20040.5,20038.25,20039.25,0.0
2026-07-14T15:01:00+00:00,20039.25,20040.25,20038.0,20039.0,0.0
2026-07-14T15:02:00+00:00,20039.0,20040.0,20037.75,20038.75,0.0
2026-07-14T15:03:00+00:00,20038.75,20039.75,20037.5,20038.5,0.0
2026-07-14T15:04:00+00:00,20038.5,20039.5,20037.25,20038.25,0.0
2026-07-14T15:05:00+00:00,20038.25,20039.25,20037.0,20038.0,0.0
2026-07-14T15:06:00+00:00,20038.0,20039.0,20036.75,20037.75,0.0
2026-07-14T15:07:00+00:00,20037.75,20038.75,20036.5,20037.5,0.0
2026-07-14T15:08:00+00:00,20037.5,20038.5,20036.25,20037.25,0.0
2026-07-14T15:09:00+00:00,20037.25,20038.25,20036.0,20037.0,0.0
2026-07-14T15:10:00+00:00,20037.0,20038.0,20035.75,20036.75,0.0
2026-07-14T15:11:00+00:00,20036.75,20037.75,20035.75,20036.75,0.0
2026-07-14T15:12:00+00:00,20036.75,20037.75,20035.5,20036.5,0.0
2026-07-14T15:13:00+00:00,20036.5,20037.5,20035.25,20036.25,0.0
2026-07-14T15:14:00+00:00,20036.25,20037.25,20035.0,20036.0,0.0
2026-07-14T15:15:00+00:00,20036.0,20037.0,20034.75,20035.75,0.0
2026-07-14T15:16:00+00:00,20035.75,20036.75,20034.5,20035.5,0.0
2026-07-14T15:17:00+00:00,20035.5,20036.5,20034.25,20035.25,0.0
2026-07-14T15:18:00+00:00,20035.25,20036.25,20034.0,20035.0,0.0
2026-07-14T15:19:00+00:00,20035.0,20036.0,20033.75,20034.75,0.0
2026-07-14T15:20:00+00:00,20034.75,20035.75,20033.5,20034.5,0.0
2026-07-14T15:21:00+00:00,20034.5,20035.5,20033.25,20034.25,0.0
2026-07-14T15:22:00+00:00,20034.25,20035.25,20033.0,20034.0,0.0
2026-07-14T15:23:00+00:00,20034.0,20035.0,20032.75,20033.75,0.0
2026-07-14T15:24:00+00:00,20033.75,20034.75,20032.5,20033.5,0.0
2026-07-14T15:25:00+00:00,20033.5,20034.5,20032.5,20033.5,0.0
2026-07-14T15:26:00+00:00,20033.5,20034.5,20032.25,20033.25,0.0
2026-07-14T15:27:00+00:00,20033.25,20034.25,20032.0,20033.0,0.0
2026-07-14T15:28:00+00:00,20033.0,20034.0,20031.75,20032.75,0.0
2026-07-14T15:29:00+00:00,20032.75,20033.75,20031.5,20032.5,0.0
2026-07-14T15:30:00+00:00,20032.5,20033.5,20031.25,20032.25,0.0
2026-07-14T15:31:00+00:00,20032.25,20033.25,20031.0,20032.0,0.0
2026-07-14T15:32:00+00:00,20032.0,20033.0,20030.75,20031.75,0.0
2026-07-14T15:33:00+00:00,20031.75,20032.75,20030.5,20031.5,0.0
2026-07-14T15:34:00+00:00,20031.5,20032.5,20030.25,20031.25,0.0
2026-07-14T15:35:00+00:00,20031.25,20032.25,20030.0,20031.0,0.0
2026-07-14T15:36:00+00:00,20031.0,20032.0,20029.75,20030.75,0.0
2026-07-14T15:37:00+00:00,20030.75,20031.75,20029.5,20030.5,0.0
2026-07-14T15:38:00+00:00,20030.5,20031.5,20029.5,20030.5,0.0
2026-07-14T15:39:00+00:00,20030.5,20031.5,20029.25,20030.25,0.0
2026-07-14T15:40:00+00:00,20030.25,20031.25,20029.0,20030.0,0.0
2026-07-14T15:41:00+00:00,20030.0,20031.0,20028.75,20029.75,0.0
2026-07-14T15:42:00+00:00,20029.75,20030.75,20028.5,20029.5,0.0
2026-07-14T15:43:00+00:00,20029.5,20030.5,20028.25,20029.25,0.0
2026-07-14T15:44:00+00:00,20029.25,20030.25,20028.0,20029.0,0.0
2026-07-14T15:45:00+00:00,20029.0,20030.0,20027.75,20028.75,0.0
2026-07-14T15:46:00+00:00,20028.75,20029.75,20027.5,20028.5,0.0
2026-07-14T15:47:00+00:00,20028.5,20029.5,20027.25,20028.25,0.0
2026-07-14T15:48:00+00:00,20028.25,20029.25,20027.0,20028.0,0.0
2026-07-14T15:49:00+00:00,20028.0,20029.0,20026.75,20027.75,0.0
2026-07-14T15:50:00+00:00,20027.75,20028.75,20026.5,20027.5,0.0
2026-07-14T15:51:00+00:00,20027.5,20028.5,20026.5,20027.5,0.0
2026-07-14T15:52:00+00:00,20027.5,20028.5,20026.25,20027.25,0.0
2026-07-14T15:53:00+00:00,20027.25,20028.25,20026.0,20027.0,0.0
2026-07-14T15:54:00+00:00,20027.0,20028.0,20025.75,20026.75,0.0
2026-07-14T15:55:00+00:00,20026.75,20027.75,20025.5,20026.5,0.0
2026-07-14T15:56:00+00:00,20026.5,20027.5,20025.25,20026.25,0.0
2026-07-14T15:57:00+00:00,20026.25,20027.25,20025.0,20026.0,0.0
2026-07-14T15:58:00+00:00,20026.0,20027.0,20024.75,20025.75,0.0
2026-07-14T15:59:00+00:00,20025.75,20026.75,20024.5,20025.5,0.0
2026-07-14T16:00:00+00:00,20025.5,20026.5,20024.25,20025.25,0.0
2026-07-14T16:01:00+00:00,20025.25,20026.25,20024.0,20025.0,0.0
2026-07-14T16:02:00+00:00,20025.0,20026.0,20023.75,20024.75,0.0
2026-07-14T16:03:00+00:00,20024.75,20025.75,20023.5,20024.5,0.0
2026-07-14T16:04:00+00:00,20024.5,20025.5,20023.25,20024.25,0.0
2026-07-14T16:05:00+00:00,20024.25,20025.25,20023.25,20024.25,0.0
2026-07-14T16:06:00+00:00,20024.25,20025.25,20023.0,20024.0,0.0
2026-07-14T16:07:00+00:00,20024.0,20025.0,20022.75,20023.75,0.0
2026-07-14T16:08:00+00:00,20023.75,20024.75,20022.5,20023.5,0.0
2026-07-14T16:09:00+00:00,20023.5,20024.5,20022.25,20023.25,0.0
2026-07-14T16:10:00+00:00,20023.25,20024.25,20022.0,20023.0,0.0
2026-07-14T16:11:00+00:00,20023.0,20024.0,20021.75,20022.75,0.0
2026-07-14T16:12:00+00:00,20022.75,20023.75,20021.5,20022.5,0.0
2026-07-14T16:13:00+00:00,20022.5,20023.5,20021.25,20022.25,0.0
2026-07-14T16:14:00+00:00,20022.25,20023.25,20021.0,20022.0,0.0
2026-07-14T16:15:00+00:00,20022.0,20023.0,20020.75,20021.75,0.0
2026-07-14T16:16:00+00:00,20021.75,20022.75,20020.5,20021.5,0.0
2026-07-14T16:17:00+00:00,20021.5,20022.5,20020.25,20021.25,0.0
2026-07-14T16:18:00+00:00,20021.25,20022.25,20020.25,20021.25,0.0
2026-07-14T16:19:00+00:00,20021.25,20022.25,20020.0,20021.0,0.0
2026-07-14T16:20:00+00:00,20021.0,20022.0,20019.75,20020.75,0.0
2026-07-14T16:21:00+00:00,20020.75,20021.75,20019.5,20020.5,0.0
2026-07-14T16:22:00+00:00,20020.5,20021.5,20019.25,20020.25,0.0
2026-07-14T16:23:00+00:00,20020.25,20021.25,20019.0,20020.0,0.0
2026-07-14T16:24:00+00:00,20020.0,20021.0,20018.75,20019.75,0.0
2026-07-14T16:25:00+00:00,20019.75,20020.75,20018.5,20019.5,0.0
2026-07-14T16:26:00+00:00,20019.5,20020.5,20018.25,20019.25,0.0
2026-07-14T16:27:00+00:00,20019.25,20020.25,20018.0,20019.0,0.0
2026-07-14T16:28:00+00:00,20019.0,20020.0,20017.75,20018.75,0.0
2026-07-14T16:29:00+00:00,20018.75,20019.75,20017.5,20018.5,0.0
2026-07-14T16:30:00+00:00,20018.5,20019.5,20017.25,20018.25,0.0
2026-07-14T16:31:00+00:00,20018.25,20019.25,20017.0,20018.0,0.0
2026-07-14T16:32:00+00:00,20018.0,20019.0,20017.0,20018.0,0.0
2026-07-14T16:33:00+00:00,20018.0,20019.0,20016.75,20017.75,0.0
2026-07-14T16:34:00+00:00,20017.75,20018.75,20016.5,20017.5,0.0
2026-07-14T16:35:00+00:00,20017.5,20018.5,20016.25,20017.25,0.0
2026-07-14T16:36:00+00:00,20017.25,20018.25,20016.0,20017.0,0.0
2026-07-14T16:37:00+00:00,20017.0,20018.0,20015.75,20016.75,0.0
2026-07-14T16:38:00+00:00,20016.75,20017.75,20015.5,20016.5,0.0
2026-07-14T16:39:00+00:00,20016.5,20017.5,20015.25,20016.25,0.0
2026-07-14T16:40:00+00:00,20016.25,20017.25,20015.0,20016.0,0.0
2026-07-14T16:41:00+00:00,20016.0,20017.0,20014.75,20015.75,0.0
2026-07-14T16:42:00+00:00,20015.75,20016.75,20014.5,20015.5,0.0
2026-07-14T16:43:00+00:00,20015.5,20016.5,20014.25,20015.25,0.0
2026-07-14T16:44:00+00:00,20015.25,20016.25,20014.0,20015.0,0.0
2026-07-14T16:45:00+00:00,20015.0,20016.0,20014.0,20015.0,0.0
2026-07-14T16:46:00+00:00,20015.0,20016.0,20013.75,20014.75,0.0
2026-07-14T16:47:00+00:00,20014.75,20015.75,20013.5,20014.5,0.0
2026-07-14T16:48:00+00:00,20014.5,20015.5,20013.25,20014.25,0.0
2026-07-14T16:49:00+00:00,20014.25,20015.25,20013.0,20014.0,0.0
2026-07-14T16:50:00+00:00,20014.0,20015.0,20012.75,20013.75,0.0
2026-07-14T16:51:00+00:00,20013.75,20014.75,20012.5,20013.5,0.0
2026-07-14T16:52:00+00:00,20013.5,20014.5,20012.25,20013.25,0.0
2026-07-14T16:53:00+00:00,20013.25,20014.25,20012.0,20013.0,0.0
2026-07-14T16:54:00+00:00,20013.0,20014.0,20011.75,20012.75,0.0
2026-07-14T16:55:00+00:00,20012.75,20013.75,20011.5,20012.5,0.0
2026-07-14T16:56:00+00:00,20012.5,20013.5,20011.25,20012.25,0.0
2026-07-14T16:57:00+00:00,20012.25,20013.25,20011.0,20012.0,0.0
2026-07-14T16:58:00+00:00,20012.0,20013.0,20011.0,20012.0,0.0
2026-07-14T16:59:00+00:00,20012.0,20013.0,20010.75,20011.75,0.0
2026-07-14T17:00:00+00:00,20011.75,20012.75,20010.5,20011.5,0.0
2026-07-14T17:01:00+00:00,20011.5,20012.5,20010.25,20011.25,0.0
2026-07-14T17:02:00+00:00,20011.25,20012.25,20010.0,20011.0,0.0
2026-07-14T17:03:00+00:00,20011.0,20012.0,20009.75,20010.75,0.0
2026-07-14T17:04:00+00:00,20010.75,20011.75,20009.5,20010.5,0.0
2026-07-14T17:05:00+00:00,20010.5,20011.5,20009.25,20010.25,0.0
2026-07-14T17:06:00+00:00,20010.25,20011.25,20009.0,20010.0,0.0
2026-07-14T17:07:00+00:00,20010.0,20011.0,20008.75,20009.75,0.0
2026-07-14T17:08:00+00:00,20009.75,20010.75,20008.5,20009.5,0.0
2026-07-14T17:09:00+00:00,20009.5,20010.5,20008.25,20009.25,0.0
2026-07-14T17:10:00+00:00,20009.25,20010.25,20008.0,20009.0,0.0
2026-07-14T17:11:00+00:00,20009.0,20010.0,20007.75,20008.75,0.0
2026-07-14T17:12:00+00:00,20008.75,20009.75,20007.75,20008.75,0.0
2026-07-14T17:13:00+00:00,20008.75,20009.75,20007.5,20008.5,0.0
2026-07-14T17:14:00+00:00,20008.5,20009.5,20007.25,20008.25,0.0
2026-07-14T17:15:00+00:00,20008.25,20009.25,20007.0,20008.0,0.0
2026-07-14T17:16:00+00:00,20008.0,20009.0,20006.75,20007.75,0.0
2026-07-14T17:17:00+00:00,20007.75,20008.75,20006.5,20007.5,0.0
2026-07-14T17:18:00+00:00,20007.5,20008.5,20006.25,20007.25,0.0
2026-07-14T17:19:00+00:00,20007.25,20008.25,20006.0,20007.0,0.0
2026-07-14T17:20:00+00:00,20007.0,20008.0,20005.75,20006.75,0.0
2026-07-14T17:21:00+00:00,20006.75,20007.75,20005.5,20006.5,0.0
2026-07-14T17:22:00+00:00,20006.5,20007.5,20005.25,20006.25,0.0
2026-07-14T17:23:00+00:00,20006.25,20007.25,20005.0,20006.0,0.0
2026-07-14T17:24:00+00:00,20006.0,20007.0,20004.75,20005.75,0.0
2026-07-14T17:25:00+00:00,20005.75,20006.75,20004.75,20005.75,0.0
2026-07-14T17:26:00+00:00,20005.75,20006.75,20004.5,20005.5,0.0
2026-07-14T17:27:00+00:00,20005.5,20006.5,20004.25,20005.25,0.0
2026-07-14T17:28:00+00:00,20005.25,20006.25,20004.0,20005.0,0.0
2026-07-14T17:29:00+00:00,20005.0,20006.0,20003.75,20004.75,0.0
2026-07-14T17:30:00+00:00,20004.75,20005.75,20003.5,20004.5,0.0
2026-07-14T17:31:00+00:00,20004.5,20005.5,20003.25,20004.25,0.0
2026-07-14T17:32:00+00:00,20004.25,20005.25,20003.0,20004.0,0.0
2026-07-14T17:33:00+00:00,20004.0,20005.0,20002.75,20003.75,0.0
2026-07-14T17:34:00+00:00,20003.75,20004.75,20002.5,20003.5,0.0
2026-07-14T17:35:00+00:00,20003.5,20004.5,20002.25,20003.25,0.0
2026-07-14T17:36:00+00:00,20003.25,20004.25,20002.0,20003.0,0.0
2026-07-14T17:37:00+00:00,20003.0,20004.0,20001.75,20002.75,0.0
2026-07-14T17:38:00+00:00,20002.75,20003.75,20001.5,20002.5,0.0
2026-07-14T17:39:00+00:00,20002.5,20003.5,20001.5,20002.5,0.0
2026-07-14T17:40:00+00:00,20002.5,20003.5,20001.25,20002.25,0.0
2026-07-14T17:41:00+00:00,20002.25,20003.25,20001.0,20002.0,0.0
2026-07-14T17:42:00+00:00,20002.0,20003.0,20000.75,20001.75,0.0
2026-07-14T17:43:00+00:00,20001.75,20002.75,20000.5,20001.5,0.0
2026-07-14T17:44:00+00:00,20001.5,20002.5,20000.25,20001.25,0.0
2026-07-14T17:45:00+00:00,20001.25,20002.25,20000.0,20001.0,0.0
2026-07-14T17:46:00+00:00,20001.0,20002.0,19999.75,20000.75,0.0
2026-07-14T17:47:00+00:00,20000.75,20001.75,19999.5,20000.5,0.0
2026-07-14T17:48:00+00:00,20000.5,20001.5,19999.25,20000.25,0.0
2026-07-14T17:49:00+00:00,20000.25,20001.25,19999.0,20000.0,0.0
2026-07-14T17:50:00+00:00,20000.0,20001.0,19998.75,19999.75,0.0
2026-07-14T17:51:00+00:00,19999.75,20000.75,19998.5,19999.5,0.0
2026-07-14T17:52:00+00:00,19999.5,20000.5,19998.5,19999.5,0.0
2026-07-14T17:53:00+00:00,19999.5,20000.5,19998.25,19999.25,0.0
2026-07-14T17:54:00+00:00,19999.25,20000.25,19998.0,19999.0,0.0
2026-07-14T17:55:00+00:00,19999.0,20000.0,19997.75,19998.75,0.0
2026-07-14T17:56:00+00:00,19998.75,19999.75,19997.5,19998.5,0.0
2026-07-14T17:57:00+00:00,19998.5,19999.5,19997.25,19998.25,0.0
2026-07-14T17:58:00+00:00,19998.25,19999.25,19997.0,19998.0,0.0
2026-07-14T17:59:00+00:00,19998.0,19999.0,19996.75,19997.75,0.0
2026-07-14T18:00:00+00:00,19997.75,19998.75,19996.5,19997.5,0.0
2026-07-14T18:01:00+00:00,19997.5,19998.5,19996.25,19997.25,0.0
2026-07-14T18:02:00+00:00,19997.25,19998.25,19996.0,19997.0,0.0
2026-07-14T18:03:00+00:00,19997.0,19998.0,19995.75,19996.75,0.0
2026-07-14T18:04:00+00:00,19996.75,19997.75,19995.5,19996.5,0.0
2026-07-14T18:05:00+00:00,19996.5,19997.5,19995.5,19996.5,0.0
2026-07-14T18:06:00+00:00,19996.5,19997.5,19995.25,19996.25,0.0
2026-07-14T18:07:00+00:00,19996.25,19997.25,19995.0,19996.0,0.0
2026-07-14T18:08:00+00:00,19996.0,19997.0,19994.75,19995.75,0.0
2026-07-14T18:09:00+00:00,19995.75,19996.75,19994.5,19995.5,0.0
2026-07-14T18:10:00+00:00,19995.5,19996.5,19994.25,19995.25,0.0
2026-07-14T18:11:00+00:00,19995.25,19996.25,19994.0,19995.0,0.0
2026-07-14T18:12:00+00:00,19995.0,19996.0,19993.75,19994.75,0.0
2026-07-14T18:13:00+00:00,19994.75,19995.75,19993.5,19994.5,0.0
2026-07-14T18:14:00+00:00,19994.5,19995.5,19993.25,19994.25,0.0
2026-07-14T18:15:00+00:00,19994.25,19995.25,19993.0,19994.0,0.0
2026-07-14T18:16:00+00:00,19994.0,19995.0,19992.75,19993.75,0.0
2026-07-14T18:17:00+00:00,19993.75,19994.75,19992.5,19993.5,0.0
2026-07-14T18:18:00+00:00,19993.5,19994.5,19992.25,19993.25,0.0
2026-07-14T18:19:00+00:00,19993.25,19994.25,19992.25,19993.25,0.0
2026-07-14T18:20:00+00:00,19993.25,19994.25,19992.0,19993.0,0.0
2026-07-14T18:21:00+00:00,19993.0,19994.0,19991.75,19992.75,0.0
2026-07-14T18:22:00+00:00,19992.75,19993.75,19991.5,19992.5,0.0
2026-07-14T18:23:00+00:00,19992.5,19993.5,19991.25,19992.25,0.0
2026-07-14T18:24:00+00:00,19992.25,19993.25,19991.0,19992.0,0.0
2026-07-14T18:25:00+00:00,19992.0,19993.0,19990.75,19991.75,0.0
2026-07-14T18:26:00+00:00,19991.75,19992.75,19990.5,19991.5,0.0
2026-07-14T18:27:00+00:00,19991.5,19992.5,19990.25,19991.25,0.0
2026-07-14T18:28:00+00:00,19991.25,19992.25,19990.0,19991.0,0.0
2026-07-14T18:29:00+00:00,19991.0,19992.0,19989.75,19990.75,0.0
2026-07-14T18:30:00+00:00,19990.75,19991.75,19989.5,19990.5,0.0
2026-07-14T18:31:00+00:00,19990.5,19991.5,19989.25,19990.25,0.0
2026-07-14T18:32:00+00:00,19990.25,19991.25,19989.25,19990.25,0.0
2026-07-14T18:33:00+00:00,19990.25,19991.25,19989.0,19990.0,0.0
2026-07-14T18:34:00+00:00,19990.0,19991.0,19988.75,19989.75,0.0
2026-07-14T18:35:00+00:00,19989.75,19990.75,19988.5,19989.5,0.0
2026-07-14T18:36:00+00:00,19989.5,19990.5,19988.25,19989.25,0.0
2026-07-14T18:37:00+00:00,19989.25,19990.25,19988.0,19989.0,0.0
2026-07-14T18:38:00+00:00,19989.0,19990.0,19987.75,19988.75,0.0
2026-07-14T18:39:00+00:00,19988.75,19989.75,19987.5,19988.5,0.0
2026-07-14T18:40:00+00:00,19988.5,19989.5,19987.25,19988.25,0.0
2026-07-14T18:41:00+00:00,19988.25,19989.25,19987.0,19988.0,0.0
2026-07-14T18:42:00+00:00,19988.0,19989.0,19986.75,19987.75,0.0
2026-07-14T18:43:00+00:00,19987.75,19988.75,19986.5,19987.5,0.0
2026-07-14T18:44:00+00:00,19987.5,19988.5,19986.25,19987.25,0.0
2026-07-14T18:45:00+00:00,19987.25,19988.25,19986.0,19987.0,0.0
2026-07-14T18:46:00+00:00,19987.0,19988.0,19986.0,19987.0,0.0
2026-07-14T18:47:00+00:00,19987.0,19988.0,19985.75,19986.75,0.0
2026-07-14T18:48:00+00:00,19986.75,19987.75,19985.5,19986.5,0.0
2026-07-14T18:49:00+00:00,19986.5,19987.5,19985.25,19986.25,0.0
2026-07-14T18:50:00+00:00,19986.25,19987.25,19985.0,19986.0,0.0
2026-07-14T18:51:00+00:00,19986.0,19987.0,19984.75,19985.75,0.0
2026-07-14T18:52:00+00:00,19985.75,19986.75,19984.5,19985.5,0.0
2026-07-14T18:53:00+00:00,19985.5,19986.5,19984.25,19985.25,0.0
2026-07-14T18:54:00+00:00,19985.25,19986.25,19984.0,19985.0,0.0
2026-07-14T18:55:00+00:00,19985.0,19986.0,19983.75,19984.75,0.0
2026-07-14T18:56:00+00:00,19984.75,19985.75,19983.5,19984.5,0.0
2026-07-14T18:57:00+00:00,19984.5,19985.5,19983.25,19984.25,0.0
2026-07-14T18:58:00+00:00,19984.25,19985.25,19983.0,19984.0,0.0
2026-07-14T18:59:00+00:00,19984.0,19985.0,19983.0,19984.0,0.0
2026-07-14T19:00:00+00:00,19984.0,19985.0,19982.75,19983.75,0.0
2026-07-14T19:01:00+00:00,19983.75,19984.75,19982.5,19983.5,0.0
2026-07-14T19:02:00+00:00,19983.5,19984.5,19982.25,19983.25,0.0
2026-07-14T19:03:00+00:00,19983.25,19984.25,19982.0,19983.0,0.0
2026-07-14T19:04:00+00:00,19983.0,19984.0,19981.75,19982.75,0.0
2026-07-14T19:05:00+00:00,19982.75,19983.75,19981.5,19982.5,0.0
2026-07-14T19:06:00+00:00,19982.5,19983.5,19981.25,19982.25,0.0
2026-07-14T19:07:00+00:00,19982.25,19983.25,19981.0,19982.0,0.0
2026-07-14T19:08:00+00:00,19982.0,19983.0,19980.75,19981.75,0.0
2026-07-14T19:09:00+00:00,19981.75,19982.75,19980.5,19981.5,0.0
2026-07-14T19:10:00+00:00,19981.5,19982.5,19980.25,19981.25,0.0
2026-07-14T19:11:00+00:00,19981.25,19982.25,19980.0,19981.0,0.0
2026-07-14T19:12:00+00:00,19981.0,19982.0,19979.75,19980.75,0.0
2026-07-14T19:13:00+00:00,19980.75,19981.75,19979.75,19980.75,0.0
2026-07-14T19:14:00+00:00,19980.75,19981.75,19979.5,19980.5,0.0
2026-07-14T19:15:00+00:00,19980.5,19981.5,19979.25,19980.25,0.0
2026-07-14T19:16:00+00:00,19980.25,19981.25,19979.0,19980.0,0.0
2026-07-14T19:17:00+00:00,19980.0,19981.0,19978.75,19979.75,0.0
2026-07-14T19:18:00+00:00,19979.75,19980.75,19978.5,19979.5,0.0
2026-07-14T19:19:00+00:00,19979.5,19980.5,19978.25,19979.25,0.0
2026-07-14T19:20:00+00:00,19979.25,19980.25,19978.0,19979.0,0.0
2026-07-14T19:21:00+00:00,19979.0,19980.0,19977.75,19978.75,0.0
2026-07-14T19:22:00+00:00,19978.75,19979.75,19977.5,19978.5,0.0
2026-07-14T19:23:00+00:00,19978.5,19979.5,19977.25,19978.25,0.0
2026-07-14T19:24:00+00:00,19978.25,19979.25,19977.0,19978.0,0.0
2026-07-14T19:25:00+00:00,19978.0,19979.0,19976.75,19977.75,0.0
2026-07-14T19:26:00+00:00,19977.75,19978.75,19976.75,19977.75,0.0
2026-07-14T19:27:00+00:00,19977.75,19978.75,19976.5,19977.5,0.0
2026-07-14T19:28:00+00:00,19977.5,19978.5,19976.25,19977.25,0.0
2026-07-14T19:29:00+00:00,19977.25,19978.25,19976.0,19977.0,0.0
2026-07-14T19:30:00+00:00,19977.0,19978.0,19975.75,19976.75,0.0
2026-07-14T19:31:00+00:00,19976.75,19977.75,19975.5,19976.5,0.0
2026-07-14T19:32:00+00:00,19976.5,19977.5,19975.25,19976.25,0.0
2026-07-14T19:33:00+00:00,19976.25,19977.25,19975.0,19976.0,0.0
2026-07-14T19:34:00+00:00,19976.0,19977.0,19974.75,19975.75,0.0
2026-07-14T19:35:00+00:00,19975.75,19976.75,19974.5,19975.5,0.0
2026-07-14T19:36:00+00:00,19975.5,19976.5,19974.25,19975.25,0.0
2026-07-14T19:37:00+00:00,19975.25,19976.25,19974.0,19975.0,0.0
2026-07-14T19:38:00+00:00,19975.0,19976.0,19973.75,19974.75,0.0
2026-07-14T19:39:00+00:00,19974.75,19975.75,19973.75,19974.75,0.0
2026-07-14T19:40:00+00:00,19974.75,19975.75,19973.5,19974.5,0.0
2026-07-14T19:41:00+00:00,19974.5,19975.5,19973.25,19974.25,0.0
2026-07-14T19:42:00+00:00,19974.25,19975.25,19973.0,19974.0,0.0
2026-07-14T19:43:00+00:00,19974.0,19975.0,19972.75,19973.75,0.0
2026-07-14T19:44:00+00:00,19973.75,19974.75,19972.5,19973.5,0.0
2026-07-14T19:45:00+00:00,19973.5,19974.5,19972.25,19973.25,0.0
2026-07-14T19:46:00+00:00,19973.25,19974.25,19972.0,19973.0,0.0
2026-07-14T19:47:00+00:00,19973.0,19974.0,19971.75,19972.75,0.0
2026-07-14T19:48:00+00:00,19972.75,19973.75,19971.5,19972.5,0.0
2026-07-14T19:49:00+00:00,19972.5,19973.5,19971.25,19972.25,0.0
2026-07-14T19:50:00+00:00,19972.25,19973.25,19971.0,19972.0,0.0
2026-07-14T19:51:00+00:00,19972.0,19973.0,19970.75,19971.75,0.0
2026-07-14T19:52:00+00:00,19971.75,19972.75,19970.5,19971.5,0.0
2026-07-14T19:53:00+00:00,19971.5,19972.5,19970.5,19971.5,0.0
2026-07-14T19:54:00+00:00,19971.5,19972.5,19970.25,19971.25,0.0
2026-07-14T19:55:00+00:00,19971.25,19972.25,19970.0,19971.0,0.0
2026-07-14T19:56:00+00:00,19971.0,19972.0,19969.75,19970.75,0.0
2026-07-14T19:57:00+00:00,19970.75,19971.75,19969.5,19970.5,0.0
2026-07-14T19:58:00+00:00,19970.5,19971.5,19969.25,19970.25,0.0
2026-07-14T19:59:00+00:00,19970.25,19971.25,19800.0,19970.0,0.0
2026-07-21T13:30:00+00:00,20060.0,20080.0,20059.0,20060.0,0.0
2026-07-21T13:31:00+00:00,20060.0,20061.0,20058.75,20059.75,0.0
2026-07-21T13:32:00+00:00,20059.75,20060.75,20058.5,20059.5,0.0
2026-07-21T13:33:00+00:00,20059.5,20060.5,20058.25,20059.25,0.0
2026-07-21T13:34:00+00:00,20059.25,20060.25,20058.0,20059.0,0.0
2026-07-21T13:35:00+00:00,20059.0,20060.0,20057.75,20058.75,0.0
2026-07-21T13:36:00+00:00,20058.75,20059.75,20057.5,20058.5,0.0
2026-07-21T13:37:00+00:00,20058.5,20059.5,20057.5,20058.5,0.0
2026-07-21T13:38:00+00:00,20058.5,20059.5,20057.25,20058.25,0.0
2026-07-21T13:39:00+00:00,20058.25,20059.25,20057.0,20058.0,0.0
2026-07-21T13:40:00+00:00,20058.0,20059.0,20056.75,20057.75,0.0
2026-07-21T13:41:00+00:00,20057.75,20058.75,20056.5,20057.5,0.0
2026-07-21T13:42:00+00:00,20057.5,20058.5,20056.25,20057.25,0.0
2026-07-21T13:43:00+00:00,20057.25,20058.25,20056.0,20057.0,0.0
2026-07-21T13:44:00+00:00,20057.0,20058.0,20055.75,20056.75,0.0
2026-07-21T13:45:00+00:00,20056.75,20057.75,20055.5,20056.5,0.0
2026-07-21T13:46:00+00:00,20056.5,20057.5,20055.25,20056.25,0.0
2026-07-21T13:47:00+00:00,20056.25,20057.25,20055.0,20056.0,0.0
2026-07-21T13:48:00+00:00,20056.0,20057.0,20054.75,20055.75,0.0
2026-07-21T13:49:00+00:00,20055.75,20056.75,20054.5,20055.5,0.0
2026-07-21T13:50:00+00:00,20055.5,20056.5,20054.25,20055.25,0.0
2026-07-21T13:51:00+00:00,20055.25,20056.25,20054.25,20055.25,0.0
2026-07-21T13:52:00+00:00,20055.25,20056.25,20054.0,20055.0,0.0
2026-07-21T13:53:00+00:00,20055.0,20056.0,20053.75,20054.75,0.0
2026-07-21T13:54:00+00:00,20054.75,20055.75,20053.5,20054.5,0.0
2026-07-21T13:55:00+00:00,20054.5,20055.5,20053.25,20054.25,0.0
2026-07-21T13:56:00+00:00,20054.25,20055.25,20053.0,20054.0,0.0
2026-07-21T13:57:00+00:00,20054.0,20055.0,20052.75,20053.75,0.0
2026-07-21T13:58:00+00:00,20053.75,20054.75,20052.5,20053.5,0.0
2026-07-21T13:59:00+00:00,20053.5,20054.5,20052.25,20053.25,0.0
2026-07-21T14:00:00+00:00,20053.25,20054.25,20052.0,20053.0,0.0
2026-07-21T14:01:00+00:00,20053.0,20054.0,20051.75,20052.75,0.0
2026-07-21T14:02:00+00:00,20052.75,20053.75,20051.5,20052.5,0.0
2026-07-21T14:03:00+00:00,20052.5,20053.5,20051.25,20052.25,0.0
2026-07-21T14:04:00+00:00,20052.25,20053.25,20051.25,20052.25,0.0
2026-07-21T14:05:00+00:00,20052.25,20053.25,20051.0,20052.0,0.0
2026-07-21T14:06:00+00:00,20052.0,20053.0,20050.75,20051.75,0.0
2026-07-21T14:07:00+00:00,20051.75,20052.75,20050.5,20051.5,0.0
2026-07-21T14:08:00+00:00,20051.5,20052.5,20050.25,20051.25,0.0
2026-07-21T14:09:00+00:00,20051.25,20052.25,20050.0,20051.0,0.0
2026-07-21T14:10:00+00:00,20051.0,20052.0,20049.75,20050.75,0.0
2026-07-21T14:11:00+00:00,20050.75,20051.75,20049.5,20050.5,0.0
2026-07-21T14:12:00+00:00,20050.5,20051.5,20049.25,20050.25,0.0
2026-07-21T14:13:00+00:00,20050.25,20051.25,20049.0,20050.0,0.0
2026-07-21T14:14:00+00:00,20050.0,20051.0,20048.75,20049.75,0.0
2026-07-21T14:15:00+00:00,20049.75,20050.75,20048.5,20049.5,0.0
2026-07-21T14:16:00+00:00,20049.5,20050.5,20048.25,20049.25,0.0
2026-07-21T14:17:00+00:00,20049.25,20050.25,20048.25,20049.25,0.0
2026-07-21T14:18:00+00:00,20049.25,20050.25,20048.0,20049.0,0.0
2026-07-21T14:19:00+00:00,20049.0,20050.0,20047.75,20048.75,0.0
2026-07-21T14:20:00+00:00,20048.75,20049.75,20047.5,20048.5,0.0
2026-07-21T14:21:00+00:00,20048.5,20049.5,20047.25,20048.25,0.0
2026-07-21T14:22:00+00:00,20048.25,20049.25,20047.0,20048.0,0.0
2026-07-21T14:23:00+00:00,20048.0,20049.0,20046.75,20047.75,0.0
2026-07-21T14:24:00+00:00,20047.75,20048.75,20046.5,20047.5,0.0
2026-07-21T14:25:00+00:00,20047.5,20048.5,20046.25,20047.25,0.0
2026-07-21T14:26:00+00:00,20047.25,20048.25,20046.0,20047.0,0.0
2026-07-21T14:27:00+00:00,20047.0,20048.0,20045.75,20046.75,0.0
2026-07-21T14:28:00+00:00,20046.75,20047.75,20045.5,20046.5,0.0
2026-07-21T14:29:00+00:00,20046.5,20047.5,20045.25,20046.25,0.0
2026-07-21T14:30:00+00:00,20046.25,20047.25,20045.0,20046.0,0.0
2026-07-21T14:31:00+00:00,20046.0,20047.0,20045.0,20046.0,0.0
2026-07-21T14:32:00+00:00,20046.0,20047.0,20044.75,20045.75,0.0
2026-07-21T14:33:00+00:00,20045.75,20046.75,20044.5,20045.5,0.0
2026-07-21T14:34:00+00:00,20045.5,20046.5,20044.25,20045.25,0.0
2026-07-21T14:35:00+00:00,20045.25,20046.25,20044.0,20045.0,0.0
2026-07-21T14:36:00+00:00,20045.0,20046.0,20043.75,20044.75,0.0
2026-07-21T14:37:00+00:00,20044.75,20045.75,20043.5,20044.5,0.0
2026-07-21T14:38:00+00:00,20044.5,20045.5,20043.25,20044.25,0.0
2026-07-21T14:39:00+00:00,20044.25,20045.25,20043.0,20044.0,0.0
2026-07-21T14:40:00+00:00,20044.0,20045.0,20042.75,20043.75,0.0
2026-07-21T14:41:00+00:00,20043.75,20044.75,20042.5,20043.5,0.0
2026-07-21T14:42:00+00:00,20043.5,20044.5,20042.25,20043.25,0.0
2026-07-21T14:43:00+00:00,20043.25,20044.25,20042.0,20043.0,0.0
2026-07-21T14:44:00+00:00,20043.0,20044.0,20042.0,20043.0,0.0
2026-07-21T14:45:00+00:00,20043.0,20044.0,20041.75,20042.75,0.0
2026-07-21T14:46:00+00:00,20042.75,20043.75,20041.5,20042.5,0.0
2026-07-21T14:47:00+00:00,20042.5,20043.5,20041.25,20042.25,0.0
2026-07-21T14:48:00+00:00,20042.25,20043.25,20041.0,20042.0,0.0
2026-07-21T14:49:00+00:00,20042.0,20043.0,20040.75,20041.75,0.0
2026-07-21T14:50:00+00:00,20041.75,20042.75,20040.5,20041.5,0.0
2026-07-21T14:51:00+00:00,20041.5,20042.5,20040.25,20041.25,0.0
2026-07-21T14:52:00+00:00,20041.25,20042.25,20040.0,20041.0,0.0
2026-07-21T14:53:00+00:00,20041.0,20042.0,20039.75,20040.75,0.0
2026-07-21T14:54:00+00:00,20040.75,20041.75,20039.5,20040.5,0.0
2026-07-21T14:55:00+00:00,20040.5,20041.5,20039.25,20040.25,0.0
2026-07-21T14:56:00+00:00,20040.25,20041.25,20039.0,20040.0,0.0
2026-07-21T14:57:00+00:00,20040.0,20041.0,20038.75,20039.75,0.0
2026-07-21T14:58:00+00:00,20039.75,20040.75,20038.75,20039.75,0.0
2026-07-21T14:59:00+00:00,20039.75,20040.75,20038.5,20039.5,0.0
2026-07-21T15:00:00+00:00,20039.5,20040.5,20038.25,20039.25,0.0
2026-07-21T15:01:00+00:00,20039.25,20040.25,20038.0,20039.0,0.0
2026-07-21T15:02:00+00:00,20039.0,20040.0,20037.75,20038.75,0.0
2026-07-21T15:03:00+00:00,20038.75,20039.75,20037.5,20038.5,0.0
2026-07-21T15:04:00+00:00,20038.5,20039.5,20037.25,20038.25,0.0
2026-07-21T15:05:00+00:00,20038.25,20039.25,20037.0,20038.0,0.0
2026-07-21T15:06:00+00:00,20038.0,20039.0,20036.75,20037.75,0.0
2026-07-21T15:07:00+00:00,20037.75,20038.75,20036.5,20037.5,0.0
2026-07-21T15:08:00+00:00,20037.5,20038.5,20036.25,20037.25,0.0
2026-07-21T15:09:00+00:00,20037.25,20038.25,20036.0,20037.0,0.0
2026-07-21T15:10:00+00:00,20037.0,20038.0,20035.75,20036.75,0.0
2026-07-21T15:11:00+00:00,20036.75,20037.75,20035.75,20036.75,0.0
2026-07-21T15:12:00+00:00,20036.75,20037.75,20035.5,20036.5,0.0
2026-07-21T15:13:00+00:00,20036.5,20037.5,20035.25,20036.25,0.0
2026-07-21T15:14:00+00:00,20036.25,20037.25,20035.0,20036.0,0.0
2026-07-21T15:15:00+00:00,20036.0,20037.0,20034.75,20035.75,0.0
2026-07-21T15:16:00+00:00,20035.75,20036.75,20034.5,20035.5,0.0
2026-07-21T15:17:00+00:00,20035.5,20036.5,20034.25,20035.25,0.0
2026-07-21T15:18:00+00:00,20035.25,20036.25,20034.0,20035.0,0.0
2026-07-21T15:19:00+00:00,20035.0,20036.0,20033.75,20034.75,0.0
2026-07-21T15:20:00+00:00,20034.75,20035.75,20033.5,20034.5,0.0
2026-07-21T15:21:00+00:00,20034.5,20035.5,20033.25,20034.25,0.0
2026-07-21T15:22:00+00:00,20034.25,20035.25,20033.0,20034.0,0.0
2026-07-21T15:23:00+00:00,20034.0,20035.0,20032.75,20033.75,0.0
2026-07-21T15:24:00+00:00,20033.75,20034.75,20032.5,20033.5,0.0
2026-07-21T15:25:00+00:00,20033.5,20034.5,20032.5,20033.5,0.0
2026-07-21T15:26:00+00:00,20033.5,20034.5,20032.25,20033.25,0.0
2026-07-21T15:27:00+00:00,20033.25,20034.25,20032.0,20033.0,0.0
2026-07-21T15:28:00+00:00,20033.0,20034.0,20031.75,20032.75,0.0
2026-07-21T15:29:00+00:00,20032.75,20033.75,20031.5,20032.5,0.0
2026-07-21T15:30:00+00:00,20032.5,20033.5,20031.25,20032.25,0.0
2026-07-21T15:31:00+00:00,20032.25,20033.25,20031.0,20032.0,0.0
2026-07-21T15:32:00+00:00,20032.0,20033.0,20030.75,20031.75,0.0
2026-07-21T15:33:00+00:00,20031.75,20032.75,20030.5,20031.5,0.0
2026-07-21T15:34:00+00:00,20031.5,20032.5,20030.25,20031.25,0.0
2026-07-21T15:35:00+00:00,20031.25,20032.25,20030.0,20031.0,0.0
2026-07-21T15:36:00+00:00,20031.0,20032.0,20029.75,20030.75,0.0
2026-07-21T15:37:00+00:00,20030.75,20031.75,20029.5,20030.5,0.0
2026-07-21T15:38:00+00:00,20030.5,20031.5,20029.5,20030.5,0.0
2026-07-21T15:39:00+00:00,20030.5,20031.5,20029.25,20030.25,0.0
2026-07-21T15:40:00+00:00,20030.25,20031.25,20029.0,20030.0,0.0
2026-07-21T15:41:00+00:00,20030.0,20031.0,20028.75,20029.75,0.0
2026-07-21T15:42:00+00:00,20029.75,20030.75,20028.5,20029.5,0.0
2026-07-21T15:43:00+00:00,20029.5,20030.5,20028.25,20029.25,0.0
2026-07-21T15:44:00+00:00,20029.25,20030.25,20028.0,20029.0,0.0
2026-07-21T15:45:00+00:00,20029.0,20030.0,20027.75,20028.75,0.0
2026-07-21T15:46:00+00:00,20028.75,20029.75,20027.5,20028.5,0.0
2026-07-21T15:47:00+00:00,20028.5,20029.5,20027.25,20028.25,0.0
2026-07-21T15:48:00+00:00,20028.25,20029.25,20027.0,20028.0,0.0
2026-07-21T15:49:00+00:00,20028.0,20029.0,20026.75,20027.75,0.0
2026-07-21T15:50:00+00:00,20027.75,20028.75,20026.5,20027.5,0.0
2026-07-21T15:51:00+00:00,20027.5,20028.5,20026.5,20027.5,0.0
2026-07-21T15:52:00+00:00,20027.5,20028.5,20026.25,20027.25,0.0
2026-07-21T15:53:00+00:00,20027.25,20028.25,20026.0,20027.0,0.0
2026-07-21T15:54:00+00:00,20027.0,20028.0,20025.75,20026.75,0.0
2026-07-21T15:55:00+00:00,20026.75,20027.75,20025.5,20026.5,0.0
2026-07-21T15:56:00+00:00,20026.5,20027.5,20025.25,20026.25,0.0
2026-07-21T15:57:00+00:00,20026.25,20027.25,20025.0,20026.0,0.0
2026-07-21T15:58:00+00:00,20026.0,20027.0,20024.75,20025.75,0.0
2026-07-21T15:59:00+00:00,20025.75,20026.75,20024.5,20025.5,0.0
2026-07-21T16:00:00+00:00,20025.5,20026.5,20024.25,20025.25,0.0
2026-07-21T16:01:00+00:00,20025.25,20026.25,20024.0,20025.0,0.0
2026-07-21T16:02:00+00:00,20025.0,20026.0,20023.75,20024.75,0.0
2026-07-21T16:03:00+00:00,20024.75,20025.75,20023.5,20024.5,0.0
2026-07-21T16:04:00+00:00,20024.5,20025.5,20023.25,20024.25,0.0
2026-07-21T16:05:00+00:00,20024.25,20025.25,20023.25,20024.25,0.0
2026-07-21T16:06:00+00:00,20024.25,20025.25,20023.0,20024.0,0.0
2026-07-21T16:07:00+00:00,20024.0,20025.0,20022.75,20023.75,0.0
2026-07-21T16:08:00+00:00,20023.75,20024.75,20022.5,20023.5,0.0
2026-07-21T16:09:00+00:00,20023.5,20024.5,20022.25,20023.25,0.0
2026-07-21T16:10:00+00:00,20023.25,20024.25,20022.0,20023.0,0.0
2026-07-21T16:11:00+00:00,20023.0,20024.0,20021.75,20022.75,0.0
2026-07-21T16:12:00+00:00,20022.75,20023.75,20021.5,20022.5,0.0
2026-07-21T16:13:00+00:00,20022.5,20023.5,20021.25,20022.25,0.0
2026-07-21T16:14:00+00:00,20022.25,20023.25,20021.0,20022.0,0.0
2026-07-21T16:15:00+00:00,20022.0,20023.0,20020.75,20021.75,0.0
2026-07-21T16:16:00+00:00,20021.75,20022.75,20020.5,20021.5,0.0
2026-07-21T16:17:00+00:00,20021.5,20022.5,20020.25,20021.25,0.0
2026-07-21T16:18:00+00:00,20021.25,20022.25,20020.25,20021.25,0.0
2026-07-21T16:19:00+00:00,20021.25,20022.25,20020.0,20021.0,0.0
2026-07-21T16:20:00+00:00,20021.0,20022.0,20019.75,20020.75,0.0
2026-07-21T16:21:00+00:00,20020.75,20021.75,20019.5,20020.5,0.0
2026-07-21T16:22:00+00:00,20020.5,20021.5,20019.25,20020.25,0.0
2026-07-21T16:23:00+00:00,20020.25,20021.25,20019.0,20020.0,0.0
2026-07-21T16:24:00+00:00,20020.0,20021.0,20018.75,20019.75,0.0
2026-07-21T16:25:00+00:00,20019.75,20020.75,20018.5,20019.5,0.0
2026-07-21T16:26:00+00:00,20019.5,20020.5,20018.25,20019.25,0.0
2026-07-21T16:27:00+00:00,20019.25,20020.25,20018.0,20019.0,0.0
2026-07-21T16:28:00+00:00,20019.0,20020.0,20017.75,20018.75,0.0
2026-07-21T16:29:00+00:00,20018.75,20019.75,20017.5,20018.5,0.0
2026-07-21T16:30:00+00:00,20018.5,20019.5,20017.25,20018.25,0.0
2026-07-21T16:31:00+00:00,20018.25,20019.25,20017.0,20018.0,0.0
2026-07-21T16:32:00+00:00,20018.0,20019.0,20017.0,20018.0,0.0
2026-07-21T16:33:00+00:00,20018.0,20019.0,20016.75,20017.75,0.0
2026-07-21T16:34:00+00:00,20017.75,20018.75,20016.5,20017.5,0.0
2026-07-21T16:35:00+00:00,20017.5,20018.5,20016.25,20017.25,0.0
2026-07-21T16:36:00+00:00,20017.25,20018.25,20016.0,20017.0,0.0
2026-07-21T16:37:00+00:00,20017.0,20018.0,20015.75,20016.75,0.0
2026-07-21T16:38:00+00:00,20016.75,20017.75,20015.5,20016.5,0.0
2026-07-21T16:39:00+00:00,20016.5,20017.5,20015.25,20016.25,0.0
2026-07-21T16:40:00+00:00,20016.25,20017.25,20015.0,20016.0,0.0
2026-07-21T16:41:00+00:00,20016.0,20017.0,20014.75,20015.75,0.0
2026-07-21T16:42:00+00:00,20015.75,20016.75,20014.5,20015.5,0.0
2026-07-21T16:43:00+00:00,20015.5,20016.5,20014.25,20015.25,0.0
2026-07-21T16:44:00+00:00,20015.25,20016.25,20014.0,20015.0,0.0
2026-07-21T16:45:00+00:00,20015.0,20016.0,20014.0,20015.0,0.0
2026-07-21T16:46:00+00:00,20015.0,20016.0,20013.75,20014.75,0.0
2026-07-21T16:47:00+00:00,20014.75,20015.75,20013.5,20014.5,0.0
2026-07-21T16:48:00+00:00,20014.5,20015.5,20013.25,20014.25,0.0
2026-07-21T16:49:00+00:00,20014.25,20015.25,20013.0,20014.0,0.0
2026-07-21T16:50:00+00:00,20014.0,20015.0,20012.75,20013.75,0.0
2026-07-21T16:51:00+00:00,20013.75,20014.75,20012.5,20013.5,0.0
2026-07-21T16:52:00+00:00,20013.5,20014.5,20012.25,20013.25,0.0
2026-07-21T16:53:00+00:00,20013.25,20014.25,20012.0,20013.0,0.0
2026-07-21T16:54:00+00:00,20013.0,20014.0,20011.75,20012.75,0.0
2026-07-21T16:55:00+00:00,20012.75,20013.75,20011.5,20012.5,0.0
2026-07-21T16:56:00+00:00,20012.5,20013.5,20011.25,20012.25,0.0
2026-07-21T16:57:00+00:00,20012.25,20013.25,20011.0,20012.0,0.0
2026-07-21T16:58:00+00:00,20012.0,20013.0,20011.0,20012.0,0.0
2026-07-21T16:59:00+00:00,20012.0,20013.0,20010.75,20011.75,0.0
2026-07-21T17:00:00+00:00,20011.75,20012.75,20010.5,20011.5,0.0
2026-07-21T17:01:00+00:00,20011.5,20012.5,20010.25,20011.25,0.0
2026-07-21T17:02:00+00:00,20011.25,20012.25,20010.0,20011.0,0.0
2026-07-21T17:03:00+00:00,20011.0,20012.0,20009.75,20010.75,0.0
2026-07-21T17:04:00+00:00,20010.75,20011.75,20009.5,20010.5,0.0
2026-07-21T17:05:00+00:00,20010.5,20011.5,20009.25,20010.25,0.0
2026-07-21T17:06:00+00:00,20010.25,20011.25,20009.0,20010.0,0.0
2026-07-21T17:07:00+00:00,20010.0,20011.0,20008.75,20009.75,0.0
2026-07-21T17:08:00+00:00,20009.75,20010.75,20008.5,20009.5,0.0
2026-07-21T17:09:00+00:00,20009.5,20010.5,20008.25,20009.25,0.0
2026-07-21T17:10:00+00:00,20009.25,20010.25,20008.0,20009.0,0.0
2026-07-21T17:11:00+00:00,20009.0,20010.0,20007.75,20008.75,0.0
2026-07-21T17:12:00+00:00,20008.75,20009.75,20007.75,20008.75,0.0
2026-07-21T17:13:00+00:00,20008.75,20009.75,20007.5,20008.5,0.0
2026-07-21T17:14:00+00:00,20008.5,20009.5,20007.25,20008.25,0.0
2026-07-21T17:15:00+00:00,20008.25,20009.25,20007.0,20008.0,0.0
2026-07-21T17:16:00+00:00,20008.0,20009.0,20006.75,20007.75,0.0
2026-07-21T17:17:00+00:00,20007.75,20008.75,20006.5,20007.5,0.0
2026-07-21T17:18:00+00:00,20007.5,20008.5,20006.25,20007.25,0.0
2026-07-21T17:19:00+00:00,20007.25,20008.25,20006.0,20007.0,0.0
2026-07-21T17:20:00+00:00,20007.0,20008.0,20005.75,20006.75,0.0
2026-07-21T17:21:00+00:00,20006.75,20007.75,20005.5,20006.5,0.0
2026-07-21T17:22:00+00:00,20006.5,20007.5,20005.25,20006.25,0.0
2026-07-21T17:23:00+00:00,20006.25,20007.25,20005.0,20006.0,0.0
2026-07-21T17:24:00+00:00,20006.0,20007.0,20004.75,20005.75,0.0
2026-07-21T17:25:00+00:00,20005.75,20006.75,20004.75,20005.75,0.0
2026-07-21T17:26:00+00:00,20005.75,20006.75,20004.5,20005.5,0.0
2026-07-21T17:27:00+00:00,20005.5,20006.5,20004.25,20005.25,0.0
2026-07-21T17:28:00+00:00,20005.25,20006.25,20004.0,20005.0,0.0
2026-07-21T17:29:00+00:00,20005.0,20006.0,20003.75,20004.75,0.0
2026-07-21T17:30:00+00:00,20004.75,20005.75,20003.5,20004.5,0.0
2026-07-21T17:31:00+00:00,20004.5,20005.5,20003.25,20004.25,0.0
2026-07-21T17:32:00+00:00,20004.25,20005.25,20003.0,20004.0,0.0
2026-07-21T17:33:00+00:00,20004.0,20005.0,20002.75,20003.75,0.0
2026-07-21T17:34:00+00:00,20003.75,20004.75,20002.5,20003.5,0.0
2026-07-21T17:35:00+00:00,20003.5,20004.5,20002.25,20003.25,0.0
2026-07-21T17:36:00+00:00,20003.25,20004.25,20002.0,20003.0,0.0
2026-07-21T17:37:00+00:00,20003.0,20004.0,20001.75,20002.75,0.0
2026-07-21T17:38:00+00:00,20002.75,20003.75,20001.5,20002.5,0.0
2026-07-21T17:39:00+00:00,20002.5,20003.5,20001.5,20002.5,0.0
2026-07-21T17:40:00+00:00,20002.5,20003.5,20001.25,20002.25,0.0
2026-07-21T17:41:00+00:00,20002.25,20003.25,20001.0,20002.0,0.0
2026-07-21T17:42:00+00:00,20002.0,20003.0,20000.75,20001.75,0.0
2026-07-21T17:43:00+00:00,20001.75,20002.75,20000.5,20001.5,0.0
2026-07-21T17:44:00+00:00,20001.5,20002.5,20000.25,20001.25,0.0
2026-07-21T17:45:00+00:00,20001.25,20002.25,20000.0,20001.0,0.0
2026-07-21T17:46:00+00:00,20001.0,20002.0,19999.75,20000.75,0.0
2026-07-21T17:47:00+00:00,20000.75,20001.75,19999.5,20000.5,0.0
2026-07-21T17:48:00+00:00,20000.5,20001.5,19999.25,20000.25,0.0
2026-07-21T17:49:00+00:00,20000.25,20001.25,19999.0,20000.0,0.0
2026-07-21T17:50:00+00:00,20000.0,20001.0,19998.75,19999.75,0.0
2026-07-21T17:51:00+00:00,19999.75,20000.75,19998.5,19999.5,0.0
2026-07-21T17:52:00+00:00,19999.5,20000.5,19998.5,19999.5,0.0
2026-07-21T17:53:00+00:00,19999.5,20000.5,19998.25,19999.25,0.0
2026-07-21T17:54:00+00:00,19999.25,20000.25,19998.0,19999.0,0.0
2026-07-21T17:55:00+00:00,19999.0,20000.0,19997.75,19998.75,0.0
2026-07-21T17:56:00+00:00,19998.75,19999.75,19997.5,19998.5,0.0
2026-07-21T17:57:00+00:00,19998.5,19999.5,19997.25,19998.25,0.0
2026-07-21T17:58:00+00:00,19998.25,19999.25,19997.0,19998.0,0.0
2026-07-21T17:59:00+00:00,19998.0,19999.0,19996.75,19997.75,0.0
2026-07-21T18:00:00+00:00,19997.75,19998.75,19996.5,19997.5,0.0
2026-07-21T18:01:00+00:00,19997.5,19998.5,19996.25,19997.25,0.0
2026-07-21T18:02:00+00:00,19997.25,19998.25,19996.0,19997.0,0.0
2026-07-21T18:03:00+00:00,19997.0,19998.0,19995.75,19996.75,0.0
2026-07-21T18:04:00+00:00,19996.75,19997.75,19995.5,19996.5,0.0
2026-07-21T18:05:00+00:00,19996.5,19997.5,19995.5,19996.5,0.0
2026-07-21T18:06:00+00:00,19996.5,19997.5,19995.25,19996.25,0.0
2026-07-21T18:07:00+00:00,19996.25,19997.25,19995.0,19996.0,0.0
2026-07-21T18:08:00+00:00,19996.0,19997.0,19994.75,19995.75,0.0
2026-07-21T18:09:00+00:00,19995.75,19996.75,19994.5,19995.5,0.0
2026-07-21T18:10:00+00:00,19995.5,19996.5,19994.25,19995.25,0.0
2026-07-21T18:11:00+00:00,19995.25,19996.25,19994.0,19995.0,0.0
2026-07-21T18:12:00+00:00,19995.0,19996.0,19993.75,19994.75,0.0
2026-07-21T18:13:00+00:00,19994.75,19995.75,19993.5,19994.5,0.0
2026-07-21T18:14:00+00:00,19994.5,19995.5,19993.25,19994.25,0.0
2026-07-21T18:15:00+00:00,19994.25,19995.25,19993.0,19994.0,0.0
2026-07-21T18:16:00+00:00,19994.0,19995.0,19992.75,19993.75,0.0
2026-07-21T18:17:00+00:00,19993.75,19994.75,19992.5,19993.5,0.0
2026-07-21T18:18:00+00:00,19993.5,19994.5,19992.25,19993.25,0.0
2026-07-21T18:19:00+00:00,19993.25,19994.25,19992.25,19993.25,0.0
2026-07-21T18:20:00+00:00,19993.25,19994.25,19992.0,19993.0,0.0
2026-07-21T18:21:00+00:00,19993.0,19994.0,19991.75,19992.75,0.0
2026-07-21T18:22:00+00:00,19992.75,19993.75,19991.5,19992.5,0.0
2026-07-21T18:23:00+00:00,19992.5,19993.5,19991.25,19992.25,0.0
2026-07-21T18:24:00+00:00,19992.25,19993.25,19991.0,19992.0,0.0
2026-07-21T18:25:00+00:00,19992.0,19993.0,19990.75,19991.75,0.0
2026-07-21T18:26:00+00:00,19991.75,19992.75,19990.5,19991.5,0.0
2026-07-21T18:27:00+00:00,19991.5,19992.5,19990.25,19991.25,0.0
2026-07-21T18:28:00+00:00,19991.25,19992.25,19990.0,19991.0,0.0
2026-07-21T18:29:00+00:00,19991.0,19992.0,19989.75,19990.75,0.0
2026-07-21T18:30:00+00:00,19990.75,19991.75,19989.5,19990.5,0.0
2026-07-21T18:31:00+00:00,19990.5,19991.5,19989.25,19990.25,0.0
2026-07-21T18:32:00+00:00,19990.25,19991.25,19989.25,19990.25,0.0
2026-07-21T18:33:00+00:00,19990.25,19991.25,19989.0,19990.0,0.0
2026-07-21T18:34:00+00:00,19990.0,19991.0,19988.75,19989.75,0.0
2026-07-21T18:35:00+00:00,19989.75,19990.75,19988.5,19989.5,0.0
2026-07-21T18:36:00+00:00,19989.5,19990.5,19988.25,19989.25,0.0
2026-07-21T18:37:00+00:00,19989.25,19990.25,19988.0,19989.0,0.0
2026-07-21T18:38:00+00:00,19989.0,19990.0,19987.75,19988.75,0.0
2026-07-21T18:39:00+00:00,19988.75,19989.75,19987.5,19988.5,0.0
2026-07-21T18:40:00+00:00,19988.5,19989.5,19987.25,19988.25,0.0
2026-07-21T18:41:00+00:00,19988.25,19989.25,19987.0,19988.0,0.0
2026-07-21T18:42:00+00:00,19988.0,19989.0,19986.75,19987.75,0.0
2026-07-21T18:43:00+00:00,19987.75,19988.75,19986.5,19987.5,0.0
2026-07-21T18:44:00+00:00,19987.5,19988.5,19986.25,19987.25,0.0
2026-07-21T18:45:00+00:00,19987.25,19988.25,19986.0,19987.0,0.0
2026-07-21T18:46:00+00:00,19987.0,19988.0,19986.0,19987.0,0.0
2026-07-21T18:47:00+00:00,19987.0,19988.0,19985.75,19986.75,0.0
2026-07-21T18:48:00+00:00,19986.75,19987.75,19985.5,19986.5,0.0
2026-07-21T18:49:00+00:00,19986.5,19987.5,19985.25,19986.25,0.0
2026-07-21T18:50:00+00:00,19986.25,19987.25,19985.0,19986.0,0.0
2026-07-21T18:51:00+00:00,19986.0,19987.0,19984.75,19985.75,0.0
2026-07-21T18:52:00+00:00,19985.75,19986.75,19984.5,19985.5,0.0
2026-07-21T18:53:00+00:00,19985.5,19986.5,19984.25,19985.25,0.0
2026-07-21T18:54:00+00:00,19985.25,19986.25,19984.0,19985.0,0.0
2026-07-21T18:55:00+00:00,19985.0,19986.0,19983.75,19984.75,0.0
2026-07-21T18:56:00+00:00,19984.75,19985.75,19983.5,19984.5,0.0
2026-07-21T18:57:00+00:00,19984.5,19985.5,19983.25,19984.25,0.0
2026-07-21T18:58:00+00:00,19984.25,19985.25,19983.0,19984.0,0.0
2026-07-21T18:59:00+00:00,19984.0,19985.0,19983.0,19984.0,0.0
2026-07-21T19:00:00+00:00,19984.0,19985.0,19982.75,19983.75,0.0
2026-07-21T19:01:00+00:00,19983.75,19984.75,19982.5,19983.5,0.0
2026-07-21T19:02:00+00:00,19983.5,19984.5,19982.25,19983.25,0.0
2026-07-21T19:03:00+00:00,19983.25,19984.25,19982.0,19983.0,0.0
2026-07-21T19:04:00+00:00,19983.0,19984.0,19981.75,19982.75,0.0
2026-07-21T19:05:00+00:00,19982.75,19983.75,19981.5,19982.5,0.0
2026-07-21T19:06:00+00:00,19982.5,19983.5,19981.25,19982.25,0.0
2026-07-21T19:07:00+00:00,19982.25,19983.25,19981.0,19982.0,0.0
2026-07-21T19:08:00+00:00,19982.0,19983.0,19980.75,19981.75,0.0
2026-07-21T19:09:00+00:00,19981.75,19982.75,19980.5,19981.5,0.0
2026-07-21T19:10:00+00:00,19981.5,19982.5,19980.25,19981.25,0.0
2026-07-21T19:11:00+00:00,19981.25,19982.25,19980.0,19981.0,0.0
2026-07-21T19:12:00+00:00,19981.0,19982.0,19979.75,19980.75,0.0
2026-07-21T19:13:00+00:00,19980.75,19981.75,19979.75,19980.75,0.0
2026-07-21T19:14:00+00:00,19980.75,19981.75,19979.5,19980.5,0.0
2026-07-21T19:15:00+00:00,19980.5,19981.5,19979.25,19980.25,0.0
2026-07-21T19:16:00+00:00,19980.25,19981.25,19979.0,19980.0,0.0
2026-07-21T19:17:00+00:00,19980.0,19981.0,19978.75,19979.75,0.0
2026-07-21T19:18:00+00:00,19979.75,19980.75,19978.5,19979.5,0.0
2026-07-21T19:19:00+00:00,19979.5,19980.5,19978.25,19979.25,0.0
2026-07-21T19:20:00+00:00,19979.25,19980.25,19978.0,19979.0,0.0
2026-07-21T19:21:00+00:00,19979.0,19980.0,19977.75,19978.75,0.0
2026-07-21T19:22:00+00:00,19978.75,19979.75,19977.5,19978.5,0.0
2026-07-21T19:23:00+00:00,19978.5,19979.5,19977.25,19978.25,0.0
2026-07-21T19:24:00+00:00,19978.25,19979.25,19977.0,19978.0,0.0
2026-07-21T19:25:00+00:00,19978.0,19979.0,19976.75,19977.75,0.0
2026-07-21T19:26:00+00:00,19977.75,19978.75,19976.75,19977.75,0.0
2026-07-21T19:27:00+00:00,19977.75,19978.75,19976.5,19977.5,0.0
2026-07-21T19:28:00+00:00,19977.5,19978.5,19976.25,19977.25,0.0
2026-07-21T19:29:00+00:00,19977.25,19978.25,19976.0,19977.0,0.0
2026-07-21T19:30:00+00:00,19977.0,19978.0,19975.75,19976.75,0.0
2026-07-21T19:31:00+00:00,19976.75,19977.75,19975.5,19976.5,0.0
2026-07-21T19:32:00+00:00,19976.5,19977.5,19975.25,19976.25,0.0
2026-07-21T19:33:00+00:00,19976.25,19977.25,19975.0,19976.0,0.0
2026-07-21T19:34:00+00:00,19976.0,19977.0,19974.75,19975.75,0.0
2026-07-21T19:35:00+00:00,19975.75,19976.75,19974.5,19975.5,0.0
2026-07-21T19:36:00+00:00,19975.5,19976.5,19974.25,19975.25,0.0
2026-07-21T19:37:00+00:00,19975.25,19976.25,19974.0,19975.0,0.0
2026-07-21T19:38:00+00:00,19975.0,19976.0,19973.75,19974.75,0.0
2026-07-21T19:39:00+00:00,19974.75,19975.75,19973.75,19974.75,0.0
2026-07-21T19:40:00+00:00,19974.75,19975.75,19973.5,19974.5,0.0
2026-07-21T19:41:00+00:00,19974.5,19975.5,19973.25,19974.25,0.0
2026-07-21T19:42:00+00:00,19974.25,19975.25,19973.0,19974.0,0.0
2026-07-21T19:43:00+00:00,19974.0,19975.0,19972.75,19973.75,0.0
2026-07-21T19:44:00+00:00,19973.75,19974.75,19972.5,19973.5,0.0
2026-07-21T19:45:00+00:00,19973.5,19974.5,19972.25,19973.25,0.0
2026-07-21T19:46:00+00:00,19973.25,19974.25,19972.0,19973.0,0.0
2026-07-21T19:47:00+00:00,19973.0,19974.0,19971.75,19972.75,0.0
2026-07-21T19:48:00+00:00,19972.75,19973.75,19971.5,19972.5,0.0
2026-07-21T19:49:00+00:00,19972.5,19973.5,19971.25,19972.25,0.0
2026-07-21T19:50:00+00:00,19972.25,19973.25,19971.0,19972.0,0.0
2026-07-21T19:51:00+00:00,19972.0,19973.0,19970.75,19971.75,0.0
2026-07-21T19:52:00+00:00,19971.75,19972.75,19970.5,19971.5,0.0
2026-07-21T19:53:00+00:00,19971.5,19972.5,19970.5,19971.5,0.0
2026-07-21T19:54:00+00:00,19971.5,19972.5,19970.25,19971.25,0.0
2026-07-21T19:55:00+00:00,19971.25,19972.25,19970.0,19971.0,0.0
2026-07-21T19:56:00+00:00,19971.0,19972.0,19969.75,19970.75,0.0
2026-07-21T19:57:00+00:00,19970.75,19971.75,19969.5,19970.5,0.0
2026-07-21T19:58:00+00:00,19970.5,19971.5,19969.25,19970.25,0.0
2026-07-21T19:59:00+00:00,19970.25,19971.25,19800.0,19970.0,0.0
2026-07-28T13:30:00+00:00,20060.0,20080.0,20059.0,20060.0,0.0
2026-07-28T13:31:00+00:00,20060.0,20061.0,20058.75,20059.75,0.0
2026-07-28T13:32:00+00:00,20059.75,20060.75,20058.5,20059.5,0.0
2026-07-28T13:33:00+00:00,20059.5,20060.5,20058.25,20059.25,0.0
2026-07-28T13:34:00+00:00,20059.25,20060.25,20058.0,20059.0,0.0
2026-07-28T13:35:00+00:00,20059.0,20060.0,20057.75,20058.75,0.0
2026-07-28T13:36:00+00:00,20058.75,20059.75,20057.5,20058.5,0.0
2026-07-28T13:37:00+00:00,20058.5,20059.5,20057.5,20058.5,0.0
2026-07-28T13:38:00+00:00,20058.5,20059.5,20057.25,20058.25,0.0
2026-07-28T13:39:00+00:00,20058.25,20059.25,20057.0,20058.0,0.0
2026-07-28T13:40:00+00:00,20058.0,20059.0,20056.75,20057.75,0.0
2026-07-28T13:41:00+00:00,20057.75,20058.75,20056.5,20057.5,0.0
2026-07-28T13:42:00+00:00,20057.5,20058.5,20056.25,20057.25,0.0
2026-07-28T13:43:00+00:00,20057.25,20058.25,20056.0,20057.0,0.0
2026-07-28T13:44:00+00:00,20057.0,20058.0,20055.75,20056.75,0.0
2026-07-28T13:45:00+00:00,20056.75,20057.75,20055.5,20056.5,0.0
2026-07-28T13:46:00+00:00,20056.5,20057.5,20055.25,20056.25,0.0
2026-07-28T13:47:00+00:00,20056.25,20057.25,20055.0,20056.0,0.0
2026-07-28T13:48:00+00:00,20056.0,20057.0,20054.75,20055.75,0.0
2026-07-28T13:49:00+00:00,20055.75,20056.75,20054.5,20055.5,0.0
2026-07-28T13:50:00+00:00,20055.5,20056.5,20054.25,20055.25,0.0
2026-07-28T13:51:00+00:00,20055.25,20056.25,20054.25,20055.25,0.0
2026-07-28T13:52:00+00:00,20055.25,20056.25,20054.0,20055.0,0.0
2026-07-28T13:53:00+00:00,20055.0,20056.0,20053.75,20054.75,0.0
2026-07-28T13:54:00+00:00,20054.75,20055.75,20053.5,20054.5,0.0
2026-07-28T13:55:00+00:00,20054.5,20055.5,20053.25,20054.25,0.0
2026-07-28T13:56:00+00:00,20054.25,20055.25,20053.0,20054.0,0.0
2026-07-28T13:57:00+00:00,20054.0,20055.0,20052.75,20053.75,0.0
2026-07-28T13:58:00+00:00,20053.75,20054.75,20052.5,20053.5,0.0
2026-07-28T13:59:00+00:00,20053.5,20054.5,20052.25,20053.25,0.0
2026-07-28T14:00:00+00:00,20053.25,20054.25,20052.0,20053.0,0.0
2026-07-28T14:01:00+00:00,20053.0,20054.0,20051.75,20052.75,0.0
2026-07-28T14:02:00+00:00,20052.75,20053.75,20051.5,20052.5,0.0
2026-07-28T14:03:00+00:00,20052.5,20053.5,20051.25,20052.25,0.0
2026-07-28T14:04:00+00:00,20052.25,20053.25,20051.25,20052.25,0.0
2026-07-28T14:05:00+00:00,20052.25,20053.25,20051.0,20052.0,0.0
2026-07-28T14:06:00+00:00,20052.0,20053.0,20050.75,20051.75,0.0
2026-07-28T14:07:00+00:00,20051.75,20052.75,20050.5,20051.5,0.0
2026-07-28T14:08:00+00:00,20051.5,20052.5,20050.25,20051.25,0.0
2026-07-28T14:09:00+00:00,20051.25,20052.25,20050.0,20051.0,0.0
2026-07-28T14:10:00+00:00,20051.0,20052.0,20049.75,20050.75,0.0
2026-07-28T14:11:00+00:00,20050.75,20051.75,20049.5,20050.5,0.0
2026-07-28T14:12:00+00:00,20050.5,20051.5,20049.25,20050.25,0.0
2026-07-28T14:13:00+00:00,20050.25,20051.25,20049.0,20050.0,0.0
2026-07-28T14:14:00+00:00,20050.0,20051.0,20048.75,20049.75,0.0
2026-07-28T14:15:00+00:00,20049.75,20050.75,20048.5,20049.5,0.0
2026-07-28T14:16:00+00:00,20049.5,20050.5,20048.25,20049.25,0.0
2026-07-28T14:17:00+00:00,20049.25,20050.25,20048.25,20049.25,0.0
2026-07-28T14:18:00+00:00,20049.25,20050.25,20048.0,20049.0,0.0
2026-07-28T14:19:00+00:00,20049.0,20050.0,20047.75,20048.75,0.0
2026-07-28T14:20:00+00:00,20048.75,20049.75,20047.5,20048.5,0.0
2026-07-28T14:21:00+00:00,20048.5,20049.5,20047.25,20048.25,0.0
2026-07-28T14:22:00+00:00,20048.25,20049.25,20047.0,20048.0,0.0
2026-07-28T14:23:00+00:00,20048.0,20049.0,20046.75,20047.75,0.0
2026-07-28T14:24:00+00:00,20047.75,20048.75,20046.5,20047.5,0.0
2026-07-28T14:25:00+00:00,20047.5,20048.5,20046.25,20047.25,0.0
2026-07-28T14:26:00+00:00,20047.25,20048.25,20046.0,20047.0,0.0
2026-07-28T14:27:00+00:00,20047.0,20048.0,20045.75,20046.75,0.0
2026-07-28T14:28:00+00:00,20046.75,20047.75,20045.5,20046.5,0.0
2026-07-28T14:29:00+00:00,20046.5,20047.5,20045.25,20046.25,0.0
2026-07-28T14:30:00+00:00,20046.25,20047.25,20045.0,20046.0,0.0
2026-07-28T14:31:00+00:00,20046.0,20047.0,20045.0,20046.0,0.0
2026-07-28T14:32:00+00:00,20046.0,20047.0,20044.75,20045.75,0.0
2026-07-28T14:33:00+00:00,20045.75,20046.75,20044.5,20045.5,0.0
2026-07-28T14:34:00+00:00,20045.5,20046.5,20044.25,20045.25,0.0
2026-07-28T14:35:00+00:00,20045.25,20046.25,20044.0,20045.0,0.0
2026-07-28T14:36:00+00:00,20045.0,20046.0,20043.75,20044.75,0.0
2026-07-28T14:37:00+00:00,20044.75,20045.75,20043.5,20044.5,0.0
2026-07-28T14:38:00+00:00,20044.5,20045.5,20043.25,20044.25,0.0
2026-07-28T14:39:00+00:00,20044.25,20045.25,20043.0,20044.0,0.0
2026-07-28T14:40:00+00:00,20044.0,20045.0,20042.75,20043.75,0.0
2026-07-28T14:41:00+00:00,20043.75,20044.75,20042.5,20043.5,0.0
2026-07-28T14:42:00+00:00,20043.5,20044.5,20042.25,20043.25,0.0
2026-07-28T14:43:00+00:00,20043.25,20044.25,20042.0,20043.0,0.0
2026-07-28T14:44:00+00:00,20043.0,20044.0,20042.0,20043.0,0.0
2026-07-28T14:45:00+00:00,20043.0,20044.0,20041.75,20042.75,0.0
2026-07-28T14:46:00+00:00,20042.75,20043.75,20041.5,20042.5,0.0
2026-07-28T14:47:00+00:00,20042.5,20043.5,20041.25,20042.25,0.0
2026-07-28T14:48:00+00:00,20042.25,20043.25,20041.0,20042.0,0.0
2026-07-28T14:49:00+00:00,20042.0,20043.0,20040.75,20041.75,0.0
2026-07-28T14:50:00+00:00,20041.75,20042.75,20040.5,20041.5,0.0
2026-07-28T14:51:00+00:00,20041.5,20042.5,20040.25,20041.25,0.0
2026-07-28T14:52:00+00:00,20041.25,20042.25,20040.0,20041.0,0.0
2026-07-28T14:53:00+00:00,20041.0,20042.0,20039.75,20040.75,0.0
2026-07-28T14:54:00+00:00,20040.75,20041.75,20039.5,20040.5,0.0
2026-07-28T14:55:00+00:00,20040.5,20041.5,20039.25,20040.25,0.0
2026-07-28T14:56:00+00:00,20040.25,20041.25,20039.0,20040.0,0.0
2026-07-28T14:57:00+00:00,20040.0,20041.0,20038.75,20039.75,0.0
2026-07-28T14:58:00+00:00,20039.75,20040.75,20038.75,20039.75,0.0
2026-07-28T14:59:00+00:00,20039.75,20040.75,20038.5,20039.5,0.0
2026-07-28T15:00:00+00:00,20039.5,20040.5,20038.25,20039.25,0.0
2026-07-28T15:01:00+00:00,20039.25,20040.25,20038.0,20039.0,0.0
2026-07-28T15:02:00+00:00,20039.0,20040.0,20037.75,20038.75,0.0
2026-07-28T15:03:00+00:00,20038.75,20039.75,20037.5,20038.5,0.0
2026-07-28T15:04:00+00:00,20038.5,20039.5,20037.25,20038.25,0.0
2026-07-28T15:05:00+00:00,20038.25,20039.25,20037.0,20038.0,0.0
2026-07-28T15:06:00+00:00,20038.0,20039.0,20036.75,20037.75,0.0
2026-07-28T15:07:00+00:00,20037.75,20038.75,20036.5,20037.5,0.0
2026-07-28T15:08:00+00:00,20037.5,20038.5,20036.25,20037.25,0.0
2026-07-28T15:09:00+00:00,20037.25,20038.25,20036.0,20037.0,0.0
2026-07-28T15:10:00+00:00,20037.0,20038.0,20035.75,20036.75,0.0
2026-07-28T15:11:00+00:00,20036.75,20037.75,20035.75,20036.75,0.0
2026-07-28T15:12:00+00:00,20036.75,20037.75,20035.5,20036.5,0.0
2026-07-28T15:13:00+00:00,20036.5,20037.5,20035.25,20036.25,0.0
2026-07-28T15:14:00+00:00,20036.25,20037.25,20035.0,20036.0,0.0
2026-07-28T15:15:00+00:00,20036.0,20037.0,20034.75,20035.75,0.0
2026-07-28T15:16:00+00:00,20035.75,20036.75,20034.5,20035.5,0.0
2026-07-28T15:17:00+00:00,20035.5,20036.5,20034.25,20035.25,0.0
2026-07-28T15:18:00+00:00,20035.25,20036.25,20034.0,20035.0,0.0
2026-07-28T15:19:00+00:00,20035.0,20036.0,20033.75,20034.75,0.0
2026-07-28T15:20:00+00:00,20034.75,20035.75,20033.5,20034.5,0.0
2026-07-28T15:21:00+00:00,20034.5,20035.5,20033.25,20034.25,0.0
2026-07-28T15:22:00+00:00,20034.25,20035.25,20033.0,20034.0,0.0
2026-07-28T15:23:00+00:00,20034.0,20035.0,20032.75,20033.75,0.0
2026-07-28T15:24:00+00:00,20033.75,20034.75,20032.5,20033.5,0.0
2026-07-28T15:25:00+00:00,20033.5,20034.5,20032.5,20033.5,0.0
2026-07-28T15:26:00+00:00,20033.5,20034.5,20032.25,20033.25,0.0
2026-07-28T15:27:00+00:00,20033.25,20034.25,20032.0,20033.0,0.0
2026-07-28T15:28:00+00:00,20033.0,20034.0,20031.75,20032.75,0.0
2026-07-28T15:29:00+00:00,20032.75,20033.75,20031.5,20032.5,0.0
2026-07-28T15:30:00+00:00,20032.5,20033.5,20031.25,20032.25,0.0
2026-07-28T15:31:00+00:00,20032.25,20033.25,20031.0,20032.0,0.0
2026-07-28T15:32:00+00:00,20032.0,20033.0,20030.75,20031.75,0.0
2026-07-28T15:33:00+00:00,20031.75,20032.75,20030.5,20031.5,0.0
2026-07-28T15:34:00+00:00,20031.5,20032.5,20030.25,20031.25,0.0
2026-07-28T15:35:00+00:00,20031.25,20032.25,20030.0,20031.0,0.0
2026-07-28T15:36:00+00:00,20031.0,20032.0,20029.75,20030.75,0.0
2026-07-28T15:37:00+00:00,20030.75,20031.75,20029.5,20030.5,0.0
2026-07-28T15:38:00+00:00,20030.5,20031.5,20029.5,20030.5,0.0
2026-07-28T15:39:00+00:00,20030.5,20031.5,20029.25,20030.25,0.0
2026-07-28T15:40:00+00:00,20030.25,20031.25,20029.0,20030.0,0.0
2026-07-28T15:41:00+00:00,20030.0,20031.0,20028.75,20029.75,0.0
2026-07-28T15:42:00+00:00,20029.75,20030.75,20028.5,20029.5,0.0
2026-07-28T15:43:00+00:00,20029.5,20030.5,20028.25,20029.25,0.0
2026-07-28T15:44:00+00:00,20029.25,20030.25,20028.0,20029.0,0.0
2026-07-28T15:45:00+00:00,20029.0,20030.0,20027.75,20028.75,0.0
2026-07-28T15:46:00+00:00,20028.75,20029.75,20027.5,20028.5,0.0
2026-07-28T15:47:00+00:00,20028.5,20029.5,20027.25,20028.25,0.0
2026-07-28T15:48:00+00:00,20028.25,20029.25,20027.0,20028.0,0.0
2026-07-28T15:49:00+00:00,20028.0,20029.0,20026.75,20027.75,0.0
2026-07-28T15:50:00+00:00,20027.75,20028.75,20026.5,20027.5,0.0
2026-07-28T15:51:00+00:00,20027.5,20028.5,20026.5,20027.5,0.0
2026-07-28T15:52:00+00:00,20027.5,20028.5,20026.25,20027.25,0.0
2026-07-28T15:53:00+00:00,20027.25,20028.25,20026.0,20027.0,0.0
2026-07-28T15:54:00+00:00,20027.0,20028.0,20025.75,20026.75,0.0
2026-07-28T15:55:00+00:00,20026.75,20027.75,20025.5,20026.5,0.0
2026-07-28T15:56:00+00:00,20026.5,20027.5,20025.25,20026.25,0.0
2026-07-28T15:57:00+00:00,20026.25,20027.25,20025.0,20026.0,0.0
2026-07-28T15:58:00+00:00,20026.0,20027.0,20024.75,20025.75,0.0
2026-07-28T15:59:00+00:00,20025.75,20026.75,20024.5,20025.5,0.0
2026-07-28T16:00:00+00:00,20025.5,20026.5,20024.25,20025.25,0.0
2026-07-28T16:01:00+00:00,20025.25,20026.25,20024.0,20025.0,0.0
2026-07-28T16:02:00+00:00,20025.0,20026.0,20023.75,20024.75,0.0
2026-07-28T16:03:00+00:00,20024.75,20025.75,20023.5,20024.5,0.0
2026-07-28T16:04:00+00:00,20024.5,20025.5,20023.25,20024.25,0.0
2026-07-28T16:05:00+00:00,20024.25,20025.25,20023.25,20024.25,0.0
2026-07-28T16:06:00+00:00,20024.25,20025.25,20023.0,20024.0,0.0
2026-07-28T16:07:00+00:00,20024.0,20025.0,20022.75,20023.75,0.0
2026-07-28T16:08:00+00:00,20023.75,20024.75,20022.5,20023.5,0.0
2026-07-28T16:09:00+00:00,20023.5,20024.5,20022.25,20023.25,0.0
2026-07-28T16:10:00+00:00,20023.25,20024.25,20022.0,20023.0,0.0
2026-07-28T16:11:00+00:00,20023.0,20024.0,20021.75,20022.75,0.0
2026-07-28T16:12:00+00:00,20022.75,20023.75,20021.5,20022.5,0.0
2026-07-28T16:13:00+00:00,20022.5,20023.5,20021.25,20022.25,0.0
2026-07-28T16:14:00+00:00,20022.25,20023.25,20021.0,20022.0,0.0
2026-07-28T16:15:00+00:00,20022.0,20023.0,20020.75,20021.75,0.0
2026-07-28T16:16:00+00:00,20021.75,20022.75,20020.5,20021.5,0.0
2026-07-28T16:17:00+00:00,20021.5,20022.5,20020.25,20021.25,0.0
2026-07-28T16:18:00+00:00,20021.25,20022.25,20020.25,20021.25,0.0
2026-07-28T16:19:00+00:00,20021.25,20022.25,20020.0,20021.0,0.0
2026-07-28T16:20:00+00:00,20021.0,20022.0,20019.75,20020.75,0.0
2026-07-28T16:21:00+00:00,20020.75,20021.75,20019.5,20020.5,0.0
2026-07-28T16:22:00+00:00,20020.5,20021.5,20019.25,20020.25,0.0
2026-07-28T16:23:00+00:00,20020.25,20021.25,20019.0,20020.0,0.0
2026-07-28T16:24:00+00:00,20020.0,20021.0,20018.75,20019.75,0.0
2026-07-28T16:25:00+00:00,20019.75,20020.75,20018.5,20019.5,0.0
2026-07-28T16:26:00+00:00,20019.5,20020.5,20018.25,20019.25,0.0
2026-07-28T16:27:00+00:00,20019.25,20020.25,20018.0,20019.0,0.0
2026-07-28T16:28:00+00:00,20019.0,20020.0,20017.75,20018.75,0.0
2026-07-28T16:29:00+00:00,20018.75,20019.75,20017.5,20018.5,0.0
2026-07-28T16:30:00+00:00,20018.5,20019.5,20017.25,20018.25,0.0
2026-07-28T16:31:00+00:00,20018.25,20019.25,20017.0,20018.0,0.0
2026-07-28T16:32:00+00:00,20018.0,20019.0,20017.0,20018.0,0.0
2026-07-28T16:33:00+00:00,20018.0,20019.0,20016.75,20017.75,0.0
2026-07-28T16:34:00+00:00,20017.75,20018.75,20016.5,20017.5,0.0
2026-07-28T16:35:00+00:00,20017.5,20018.5,20016.25,20017.25,0.0
2026-07-28T16:36:00+00:00,20017.25,20018.25,20016.0,20017.0,0.0
2026-07-28T16:37:00+00:00,20017.0,20018.0,20015.75,20016.75,0.0
2026-07-28T16:38:00+00:00,20016.75,20017.75,20015.5,20016.5,0.0
2026-07-28T16:39:00+00:00,20016.5,20017.5,20015.25,20016.25,0.0
2026-07-28T16:40:00+00:00,20016.25,20017.25,20015.0,20016.0,0.0
2026-07-28T16:41:00+00:00,20016.0,20017.0,20014.75,20015.75,0.0
2026-07-28T16:42:00+00:00,20015.75,20016.75,20014.5,20015.5,0.0
2026-07-28T16:43:00+00:00,20015.5,20016.5,20014.25,20015.25,0.0
2026-07-28T16:44:00+00:00,20015.25,20016.25,20014.0,20015.0,0.0
2026-07-28T16:45:00+00:00,20015.0,20016.0,20014.0,20015.0,0.0
2026-07-28T16:46:00+00:00,20015.0,20016.0,20013.75,20014.75,0.0
2026-07-28T16:47:00+00:00,20014.75,20015.75,20013.5,20014.5,0.0
2026-07-28T16:48:00+00:00,20014.5,20015.5,20013.25,20014.25,0.0
2026-07-28T16:49:00+00:00,20014.25,20015.25,20013.0,20014.0,0.0
2026-07-28T16:50:00+00:00,20014.0,20015.0,20012.75,20013.75,0.0
2026-07-28T16:51:00+00:00,20013.75,20014.75,20012.5,20013.5,0.0
2026-07-28T16:52:00+00:00,20013.5,20014.5,20012.25,20013.25,0.0
2026-07-28T16:53:00+00:00,20013.25,20014.25,20012.0,20013.0,0.0
2026-07-28T16:54:00+00:00,20013.0,20014.0,20011.75,20012.75,0.0
2026-07-28T16:55:00+00:00,20012.75,20013.75,20011.5,20012.5,0.0
2026-07-28T16:56:00+00:00,20012.5,20013.5,20011.25,20012.25,0.0
2026-07-28T16:57:00+00:00,20012.25,20013.25,20011.0,20012.0,0.0
2026-07-28T16:58:00+00:00,20012.0,20013.0,20011.0,20012.0,0.0
2026-07-28T16:59:00+00:00,20012.0,20013.0,20010.75,20011.75,0.0
2026-07-28T17:00:00+00:00,20011.75,20012.75,20010.5,20011.5,0.0
2026-07-28T17:01:00+00:00,20011.5,20012.5,20010.25,20011.25,0.0
2026-07-28T17:02:00+00:00,20011.25,20012.25,20010.0,20011.0,0.0
2026-07-28T17:03:00+00:00,20011.0,20012.0,20009.75,20010.75,0.0
2026-07-28T17:04:00+00:00,20010.75,20011.75,20009.5,20010.5,0.0
2026-07-28T17:05:00+00:00,20010.5,20011.5,20009.25,20010.25,0.0
2026-07-28T17:06:00+00:00,20010.25,20011.25,20009.0,20010.0,0.0
2026-07-28T17:07:00+00:00,20010.0,20011.0,20008.75,20009.75,0.0
2026-07-28T17:08:00+00:00,20009.75,20010.75,20008.5,20009.5,0.0
2026-07-28T17:09:00+00:00,20009.5,20010.5,20008.25,20009.25,0.0
2026-07-28T17:10:00+00:00,20009.25,20010.25,20008.0,20009.0,0.0
2026-07-28T17:11:00+00:00,20009.0,20010.0,20007.75,20008.75,0.0
2026-07-28T17:12:00+00:00,20008.75,20009.75,20007.75,20008.75,0.0
2026-07-28T17:13:00+00:00,20008.75,20009.75,20007.5,20008.5,0.0
2026-07-28T17:14:00+00:00,20008.5,20009.5,20007.25,20008.25,0.0
2026-07-28T17:15:00+00:00,20008.25,20009.25,20007.0,20008.0,0.0
2026-07-28T17:16:00+00:00,20008.0,20009.0,20006.75,20007.75,0.0
2026-07-28T17:17:00+00:00,20007.75,20008.75,20006.5,20007.5,0.0
2026-07-28T17:18:00+00:00,20007.5,20008.5,20006.25,20007.25,0.0
2026-07-28T17:19:00+00:00,20007.25,20008.25,20006.0,20007.0,0.0
2026-07-28T17:20:00+00:00,20007.0,20008.0,20005.75,20006.75,0.0
2026-07-28T17:21:00+00:00,20006.75,20007.75,20005.5,20006.5,0.0
2026-07-28T17:22:00+00:00,20006.5,20007.5,20005.25,20006.25,0.0
2026-07-28T17:23:00+00:00,20006.25,20007.25,20005.0,20006.0,0.0
2026-07-28T17:24:00+00:00,20006.0,20007.0,20004.75,20005.75,0.0
2026-07-28T17:25:00+00:00,20005.75,20006.75,20004.75,20005.75,0.0
2026-07-28T17:26:00+00:00,20005.75,20006.75,20004.5,20005.5,0.0
2026-07-28T17:27:00+00:00,20005.5,20006.5,20004.25,20005.25,0.0
2026-07-28T17:28:00+00:00,20005.25,20006.25,20004.0,20005.0,0.0
2026-07-28T17:29:00+00:00,20005.0,20006.0,20003.75,20004.75,0.0
2026-07-28T17:30:00+00:00,20004.75,20005.75,20003.5,20004.5,0.0
2026-07-28T17:31:00+00:00,20004.5,20005.5,20003.25,20004.25,0.0
2026-07-28T17:32:00+00:00,20004.25,20005.25,20003.0,20004.0,0.0
2026-07-28T17:33:00+00:00,20004.0,20005.0,20002.75,20003.75,0.0
2026-07-28T17:34:00+00:00,20003.75,20004.75,20002.5,20003.5,0.0
2026-07-28T17:35:00+00:00,20003.5,20004.5,20002.25,20003.25,0.0
2026-07-28T17:36:00+00:00,20003.25,20004.25,20002.0,20003.0,0.0
2026-07-28T17:37:00+00:00,20003.0,20004.0,20001.75,20002.75,0.0
2026-07-28T17:38:00+00:00,20002.75,20003.75,20001.5,20002.5,0.0
2026-07-28T17:39:00+00:00,20002.5,20003.5,20001.5,20002.5,0.0
2026-07-28T17:40:00+00:00,20002.5,20003.5,20001.25,20002.25,0.0
2026-07-28T17:41:00+00:00,20002.25,20003.25,20001.0,20002.0,0.0
2026-07-28T17:42:00+00:00,20002.0,20003.0,20000.75,20001.75,0.0
2026-07-28T17:43:00+00:00,20001.75,20002.75,20000.5,20001.5,0.0
2026-07-28T17:44:00+00:00,20001.5,20002.5,20000.25,20001.25,0.0
2026-07-28T17:45:00+00:00,20001.25,20002.25,20000.0,20001.0,0.0
2026-07-28T17:46:00+00:00,20001.0,20002.0,19999.75,20000.75,0.0
2026-07-28T17:47:00+00:00,20000.75,20001.75,19999.5,20000.5,0.0
2026-07-28T17:48:00+00:00,20000.5,20001.5,19999.25,20000.25,0.0
2026-07-28T17:49:00+00:00,20000.25,20001.25,19999.0,20000.0,0.0
2026-07-28T17:50:00+00:00,20000.0,20001.0,19998.75,19999.75,0.0
2026-07-28T17:51:00+00:00,19999.75,20000.75,19998.5,19999.5,0.0
2026-07-28T17:52:00+00:00,19999.5,20000.5,19998.5,19999.5,0.0
2026-07-28T17:53:00+00:00,19999.5,20000.5,19998.25,19999.25,0.0
2026-07-28T17:54:00+00:00,19999.25,20000.25,19998.0,19999.0,0.0
2026-07-28T17:55:00+00:00,19999.0,20000.0,19997.75,19998.75,0.0
2026-07-28T17:56:00+00:00,19998.75,19999.75,19997.5,19998.5,0.0
2026-07-28T17:57:00+00:00,19998.5,19999.5,19997.25,19998.25,0.0
2026-07-28T17:58:00+00:00,19998.25,19999.25,19997.0,19998.0,0.0
2026-07-28T17:59:00+00:00,19998.0,19999.0,19996.75,19997.75,0.0
2026-07-28T18:00:00+00:00,19997.75,19998.75,19996.5,19997.5,0.0
2026-07-28T18:01:00+00:00,19997.5,19998.5,19996.25,19997.25,0.0
2026-07-28T18:02:00+00:00,19997.25,19998.25,19996.0,19997.0,0.0
2026-07-28T18:03:00+00:00,19997.0,19998.0,19995.75,19996.75,0.0
2026-07-28T18:04:00+00:00,19996.75,19997.75,19995.5,19996.5,0.0
2026-07-28T18:05:00+00:00,19996.5,19997.5,19995.5,19996.5,0.0
2026-07-28T18:06:00+00:00,19996.5,19997.5,19995.25,19996.25,0.0
2026-07-28T18:07:00+00:00,19996.25,19997.25,19995.0,19996.0,0.0
2026-07-28T18:08:00+00:00,19996.0,19997.0,19994.75,19995.75,0.0
2026-07-28T18:09:00+00:00,19995.75,19996.75,19994.5,19995.5,0.0
2026-07-28T18:10:00+00:00,19995.5,19996.5,19994.25,19995.25,0.0
2026-07-28T18:11:00+00:00,19995.25,19996.25,19994.0,19995.0,0.0
2026-07-28T18:12:00+00:00,19995.0,19996.0,19993.75,19994.75,0.0
2026-07-28T18:13:00+00:00,19994.75,19995.75,19993.5,19994.5,0.0
2026-07-28T18:14:00+00:00,19994.5,19995.5,19993.25,19994.25,0.0
2026-07-28T18:15:00+00:00,19994.25,19995.25,19993.0,19994.0,0.0
2026-07-28T18:16:00+00:00,19994.0,19995.0,19992.75,19993.75,0.0
2026-07-28T18:17:00+00:00,19993.75,19994.75,19992.5,19993.5,0.0
2026-07-28T18:18:00+00:00,19993.5,19994.5,19992.25,19993.25,0.0
2026-07-28T18:19:00+00:00,19993.25,19994.25,19992.25,19993.25,0.0
2026-07-28T18:20:00+00:00,19993.25,19994.25,19992.0,19993.0,0.0
2026-07-28T18:21:00+00:00,19993.0,19994.0,19991.75,19992.75,0.0
2026-07-28T18:22:00+00:00,19992.75,19993.75,19991.5,19992.5,0.0
2026-07-28T18:23:00+00:00,19992.5,19993.5,19991.25,19992.25,0.0
2026-07-28T18:24:00+00:00,19992.25,19993.25,19991.0,19992.0,0.0
2026-07-28T18:25:00+00:00,19992.0,19993.0,19990.75,19991.75,0.0
2026-07-28T18:26:00+00:00,19991.75,19992.75,19990.5,19991.5,0.0
2026-07-28T18:27:00+00:00,19991.5,19992.5,19990.25,19991.25,0.0
2026-07-28T18:28:00+00:00,19991.25,19992.25,19990.0,19991.0,0.0
2026-07-28T18:29:00+00:00,19991.0,19992.0,19989.75,19990.75,0.0
2026-07-28T18:30:00+00:00,19990.75,19991.75,19989.5,19990.5,0.0
2026-07-28T18:31:00+00:00,19990.5,19991.5,19989.25,19990.25,0.0
2026-07-28T18:32:00+00:00,19990.25,19991.25,19989.25,19990.25,0.0
2026-07-28T18:33:00+00:00,19990.25,19991.25,19989.0,19990.0,0.0
2026-07-28T18:34:00+00:00,19990.0,19991.0,19988.75,19989.75,0.0
2026-07-28T18:35:00+00:00,19989.75,19990.75,19988.5,19989.5,0.0
2026-07-28T18:36:00+00:00,19989.5,19990.5,19988.25,19989.25,0.0
2026-07-28T18:37:00+00:00,19989.25,19990.25,19988.0,19989.0,0.0
2026-07-28T18:38:00+00:00,19989.0,19990.0,19987.75,19988.75,0.0
2026-07-28T18:39:00+00:00,19988.75,19989.75,19987.5,19988.5,0.0
2026-07-28T18:40:00+00:00,19988.5,19989.5,19987.25,19988.25,0.0
2026-07-28T18:41:00+00:00,19988.25,19989.25,19987.0,19988.0,0.0
2026-07-28T18:42:00+00:00,19988.0,19989.0,19986.75,19987.75,0.0
2026-07-28T18:43:00+00:00,19987.75,19988.75,19986.5,19987.5,0.0
2026-07-28T18:44:00+00:00,19987.5,19988.5,19986.25,19987.25,0.0
2026-07-28T18:45:00+00:00,19987.25,19988.25,19986.0,19987.0,0.0
2026-07-28T18:46:00+00:00,19987.0,19988.0,19986.0,19987.0,0.0
2026-07-28T18:47:00+00:00,19987.0,19988.0,19985.75,19986.75,0.0
2026-07-28T18:48:00+00:00,19986.75,19987.75,19985.5,19986.5,0.0
2026-07-28T18:49:00+00:00,19986.5,19987.5,19985.25,19986.25,0.0
2026-07-28T18:50:00+00:00,19986.25,19987.25,19985.0,19986.0,0.0
2026-07-28T18:51:00+00:00,19986.0,19987.0,19984.75,19985.75,0.0
2026-07-28T18:52:00+00:00,19985.75,19986.75,19984.5,19985.5,0.0
2026-07-28T18:53:00+00:00,19985.5,19986.5,19984.25,19985.25,0.0
2026-07-28T18:54:00+00:00,19985.25,19986.25,19984.0,19985.0,0.0
2026-07-28T18:55:00+00:00,19985.0,19986.0,19983.75,19984.75,0.0
2026-07-28T18:56:00+00:00,19984.75,19985.75,19983.5,19984.5,0.0
2026-07-28T18:57:00+00:00,19984.5,19985.5,19983.25,19984.25,0.0
2026-07-28T18:58:00+00:00,19984.25,19985.25,19983.0,19984.0,0.0
2026-07-28T18:59:00+00:00,19984.0,19985.0,19983.0,19984.0,0.0
2026-07-28T19:00:00+00:00,19984.0,19985.0,19982.75,19983.75,0.0
2026-07-28T19:01:00+00:00,19983.75,19984.75,19982.5,19983.5,0.0
2026-07-28T19:02:00+00:00,19983.5,19984.5,19982.25,19983.25,0.0
2026-07-28T19:03:00+00:00,19983.25,19984.25,19982.0,19983.0,0.0
2026-07-28T19:04:00+00:00,19983.0,19984.0,19981.75,19982.75,0.0
2026-07-28T19:05:00+00:00,19982.75,19983.75,19981.5,19982.5,0.0
2026-07-28T19:06:00+00:00,19982.5,19983.5,19981.25,19982.25,0.0
2026-07-28T19:07:00+00:00,19982.25,19983.25,19981.0,19982.0,0.0
2026-07-28T19:08:00+00:00,19982.0,19983.0,19980.75,19981.75,0.0
2026-07-28T19:09:00+00:00,19981.75,19982.75,19980.5,19981.5,0.0
2026-07-28T19:10:00+00:00,19981.5,19982.5,19980.25,19981.25,0.0
2026-07-28T19:11:00+00:00,19981.25,19982.25,19980.0,19981.0,0.0
2026-07-28T19:12:00+00:00,19981.0,19982.0,19979.75,19980.75,0.0
2026-07-28T19:13:00+00:00,19980.75,19981.75,19979.75,19980.75,0.0
2026-07-28T19:14:00+00:00,19980.75,19981.75,19979.5,19980.5,0.0
2026-07-28T19:15:00+00:00,19980.5,19981.5,19979.25,19980.25,0.0
2026-07-28T19:16:00+00:00,19980.25,19981.25,19979.0,19980.0,0.0
2026-07-28T19:17:00+00:00,19980.0,19981.0,19978.75,19979.75,0.0
2026-07-28T19:18:00+00:00,19979.75,19980.75,19978.5,19979.5,0.0
2026-07-28T19:19:00+00:00,19979.5,19980.5,19978.25,19979.25,0.0
2026-07-28T19:20:00+00:00,19979.25,19980.25,19978.0,19979.0,0.0
2026-07-28T19:21:00+00:00,19979.0,19980.0,19977.75,19978.75,0.0
2026-07-28T19:22:00+00:00,19978.75,19979.75,19977.5,19978.5,0.0
2026-07-28T19:23:00+00:00,19978.5,19979.5,19977.25,19978.25,0.0
2026-07-28T19:24:00+00:00,19978.25,19979.25,19977.0,19978.0,0.0
2026-07-28T19:25:00+00:00,19978.0,19979.0,19976.75,19977.75,0.0
2026-07-28T19:26:00+00:00,19977.75,19978.75,19976.75,19977.75,0.0
2026-07-28T19:27:00+00:00,19977.75,19978.75,19976.5,19977.5,0.0
2026-07-28T19:28:00+00:00,19977.5,19978.5,19976.25,19977.25,0.0
2026-07-28T19:29:00+00:00,19977.25,19978.25,19976.0,19977.0,0.0
2026-07-28T19:30:00+00:00,19977.0,19978.0,19975.75,19976.75,0.0
2026-07-28T19:31:00+00:00,19976.75,19977.75,19975.5,19976.5,0.0
2026-07-28T19:32:00+00:00,19976.5,19977.5,19975.25,19976.25,0.0
2026-07-28T19:33:00+00:00,19976.25,19977.25,19975.0,19976.0,0.0
2026-07-28T19:34:00+00:00,19976.0,19977.0,19974.75,19975.75,0.0
2026-07-28T19:35:00+00:00,19975.75,19976.75,19974.5,19975.5,0.0
2026-07-28T19:36:00+00:00,19975.5,19976.5,19974.25,19975.25,0.0
2026-07-28T19:37:00+00:00,19975.25,19976.25,19974.0,19975.0,0.0
2026-07-28T19:38:00+00:00,19975.0,19976.0,19973.75,19974.75,0.0
2026-07-28T19:39:00+00:00,19974.75,19975.75,19973.75,19974.75,0.0
2026-07-28T19:40:00+00:00,19974.75,19975.75,19973.5,19974.5,0.0
2026-07-28T19:41:00+00:00,19974.5,19975.5,19973.25,19974.25,0.0
2026-07-28T19:42:00+00:00,19974.25,19975.25,19973.0,19974.0,0.0
2026-07-28T19:43:00+00:00,19974.0,19975.0,19972.75,19973.75,0.0
2026-07-28T19:44:00+00:00,19973.75,19974.75,19972.5,19973.5,0.0
2026-07-28T19:45:00+00:00,19973.5,19974.5,19972.25,19973.25,0.0
2026-07-28T19:46:00+00:00,19973.25,19974.25,19972.0,19973.0,0.0
2026-07-28T19:47:00+00:00,19973.0,19974.0,19971.75,19972.75,0.0
2026-07-28T19:48:00+00:00,19972.75,19973.75,19971.5,19972.5,0.0
2026-07-28T19:49:00+00:00,19972.5,19973.5,19971.25,19972.25,0.0
2026-07-28T19:50:00+00:00,19972.25,19973.25,19971.0,19972.0,0.0
2026-07-28T19:51:00+00:00,19972.0,19973.0,19970.75,19971.75,0.0
2026-07-28T19:52:00+00:00,19971.75,19972.75,19970.5,19971.5,0.0
2026-07-28T19:53:00+00:00,19971.5,19972.5,19970.5,19971.5,0.0
2026-07-28T19:54:00+00:00,19971.5,19972.5,19970.25,19971.25,0.0
2026-07-28T19:55:00+00:00,19971.25,19972.25,19970.0,19971.0,0.0
2026-07-28T19:56:00+00:00,19971.0,19972.0,19969.75,19970.75,0.0
2026-07-28T19:57:00+00:00,19970.75,19971.75,19969.5,19970.5,0.0
2026-07-28T19:58:00+00:00,19970.5,19971.5,19969.25,19970.25,0.0
2026-07-28T19:59:00+00:00,19970.25,19971.25,19800.0,19970.0,0.0
2026-08-04T13:30:00+00:00,20060.0,20080.0,20059.0,20060.0,0.0
2026-08-04T13:31:00+00:00,20060.0,20061.0,20058.75,20059.75,0.0
2026-08-04T13:32:00+00:00,20059.75,20060.75,20058.5,20059.5,0.0
2026-08-04T13:33:00+00:00,20059.5,20060.5,20058.25,20059.25,0.0
2026-08-04T13:34:00+00:00,20059.25,20060.25,20058.0,20059.0,0.0
2026-08-04T13:35:00+00:00,20059.0,20060.0,20057.75,20058.75,0.0
2026-08-04T13:36:00+00:00,20058.75,20059.75,20057.5,20058.5,0.0
2026-08-04T13:37:00+00:00,20058.5,20059.5,20057.5,20058.5,0.0
2026-08-04T13:38:00+00:00,20058.5,20059.5,20057.25,20058.25,0.0
2026-08-04T13:39:00+00:00,20058.25,20059.25,20057.0,20058.0,0.0
2026-08-04T13:40:00+00:00,20058.0,20059.0,20056.75,20057.75,0.0
2026-08-04T13:41:00+00:00,20057.75,20058.75,20056.5,20057.5,0.0
2026-08-04T13:42:00+00:00,20057.5,20058.5,20056.25,20057.25,0.0
2026-08-04T13:43:00+00:00,20057.25,20058.25,20056.0,20057.0,0.0
2026-08-04T13:44:00+00:00,20057.0,20058.0,20055.75,20056.75,0.0
2026-08-04T13:45:00+00:00,20056.75,20057.75,20055.5,20056.5,0.0
2026-08-04T13:46:00+00:00,20056.5,20057.5,20055.25,20056.25,0.0
2026-08-04T13:47:00+00:00,20056.25,20057.25,20055.0,20056.0,0.0
2026-08-04T13:48:00+00:00,20056.0,20057.0,20054.75,20055.75,0.0
2026-08-04T13:49:00+00:00,20055.75,20056.75,20054.5,20055.5,0.0
2026-08-04T13:50:00+00:00,20055.5,20056.5,20054.25,20055.25,0.0
2026-08-04T13:51:00+00:00,20055.25,20056.25,20054.25,20055.25,0.0
2026-08-04T13:52:00+00:00,20055.25,20056.25,20054.0,20055.0,0.0
2026-08-04T13:53:00+00:00,20055.0,20056.0,20053.75,20054.75,0.0
2026-08-04T13:54:00+00:00,20054.75,20055.75,20053.5,20054.5,0.0
2026-08-04T13:55:00+00:00,20054.5,20055.5,20053.25,20054.25,0.0
2026-08-04T13:56:00+00:00,20054.25,20055.25,20053.0,20054.0,0.0
2026-08-04T13:57:00+00:00,20054.0,20055.0,20052.75,20053.75,0.0
2026-08-04T13:58:00+00:00,20053.75,20054.75,20052.5,20053.5,0.0
2026-08-04T13:59:00+00:00,20053.5,20054.5,20052.25,20053.25,0.0
2026-08-04T14:00:00+00:00,20053.25,20054.25,20052.0,20053.0,0.0
2026-08-04T14:01:00+00:00,20053.0,20054.0,20051.75,20052.75,0.0
2026-08-04T14:02:00+00:00,20052.75,20053.75,20051.5,20052.5,0.0
2026-08-04T14:03:00+00:00,20052.5,20053.5,20051.25,20052.25,0.0
2026-08-04T14:04:00+00:00,20052.25,20053.25,20051.25,20052.25,0.0
2026-08-04T14:05:00+00:00,20052.25,20053.25,20051.0,20052.0,0.0
2026-08-04T14:06:00+00:00,20052.0,20053.0,20050.75,20051.75,0.0
2026-08-04T14:07:00+00:00,20051.75,20052.75,20050.5,20051.5,0.0
2026-08-04T14:08:00+00:00,20051.5,20052.5,20050.25,20051.25,0.0
2026-08-04T14:09:00+00:00,20051.25,20052.25,20050.0,20051.0,0.0
2026-08-04T14:10:00+00:00,20051.0,20052.0,20049.75,20050.75,0.0
2026-08-04T14:11:00+00:00,20050.75,20051.75,20049.5,20050.5,0.0
2026-08-04T14:12:00+00:00,20050.5,20051.5,20049.25,20050.25,0.0
2026-08-04T14:13:00+00:00,20050.25,20051.25,20049.0,20050.0,0.0
2026-08-04T14:14:00+00:00,20050.0,20051.0,20048.75,20049.75,0.0
2026-08-04T14:15:00+00:00,20049.75,20050.75,20048.5,20049.5,0.0
2026-08-04T14:16:00+00:00,20049.5,20050.5,20048.25,20049.25,0.0
2026-08-04T14:17:00+00:00,20049.25,20050.25,20048.25,20049.25,0.0
2026-08-04T14:18:00+00:00,20049.25,20050.25,20048.0,20049.0,0.0
2026-08-04T14:19:00+00:00,20049.0,20050.0,20047.75,20048.75,0.0
2026-08-04T14:20:00+00:00,20048.75,20049.75,20047.5,20048.5,0.0
2026-08-04T14:21:00+00:00,20048.5,20049.5,20047.25,20048.25,0.0
2026-08-04T14:22:00+00:00,20048.25,20049.25,20047.0,20048.0,0.0
2026-08-04T14:23:00+00:00,20048.0,20049.0,20046.75,20047.75,0.0
2026-08-04T14:24:00+00:00,20047.75,20048.75,20046.5,20047.5,0.0
2026-08-04T14:25:00+00:00,20047.5,20048.5,20046.25,20047.25,0.0
2026-08-04T14:26:00+00:00,20047.25,20048.25,20046.0,20047.0,0.0
2026-08-04T14:27:00+00:00,20047.0,20048.0,20045.75,20046.75,0.0
2026-08-04T14:28:00+00:00,20046.75,20047.75,20045.5,20046.5,0.0
2026-08-04T14:29:00+00:00,20046.5,20047.5,20045.25,20046.25,0.0
2026-08-04T14:30:00+00:00,20046.25,20047.25,20045.0,20046.0,0.0
2026-08-04T14:31:00+00:00,20046.0,20047.0,20045.0,20046.0,0.0
2026-08-04T14:32:00+00:00,20046.0,20047.0,20044.75,20045.75,0.0
2026-08-04T14:33:00+00:00,20045.75,20046.75,20044.5,20045.5,0.0
2026-08-04T14:34:00+00:00,20045.5,20046.5,20044.25,20045.25,0.0
2026-08-04T14:35:00+00:00,20045.25,20046.25,20044.0,20045.0,0.0
2026-08-04T14:36:00+00:00,20045.0,20046.0,20043.75,20044.75,0.0
2026-08-04T14:37:00+00:00,20044.75,20045.75,20043.5,20044.5,0.0
2026-08-04T14:38:00+00:00,20044.5,20045.5,20043.25,20044.25,0.0
2026-08-04T14:39:00+00:00,20044.25,20045.25,20043.0,20044.0,0.0
2026-08-04T14:40:00+00:00,20044.0,20045.0,20042.75,20043.75,0.0
2026-08-04T14:41:00+00:00,20043.75,20044.75,20042.5,20043.5,0.0
2026-08-04T14:42:00+00:00,20043.5,20044.5,20042.25,20043.25,0.0
2026-08-04T14:43:00+00:00,20043.25,20044.25,20042.0,20043.0,0.0
2026-08-04T14:44:00+00:00,20043.0,20044.0,20042.0,20043.0,0.0
2026-08-04T14:45:00+00:00,20043.0,20044.0,20041.75,20042.75,0.0
2026-08-04T14:46:00+00:00,20042.75,20043.75,20041.5,20042.5,0.0
2026-08-04T14:47:00+00:00,20042.5,20043.5,20041.25,20042.25,0.0
2026-08-04T14:48:00+00:00,20042.25,20043.25,20041.0,20042.0,0.0
2026-08-04T14:49:00+00:00,20042.0,20043.0,20040.75,20041.75,0.0
2026-08-04T14:50:00+00:00,20041.75,20042.75,20040.5,20041.5,0.0
2026-08-04T14:51:00+00:00,20041.5,20042.5,20040.25,20041.25,0.0
2026-08-04T14:52:00+00:00,20041.25,20042.25,20040.0,20041.0,0.0
2026-08-04T14:53:00+00:00,20041.0,20042.0,20039.75,20040.75,0.0
2026-08-04T14:54:00+00:00,20040.75,20041.75,20039.5,20040.5,0.0
2026-08-04T14:55:00+00:00,20040.5,20041.5,20039.25,20040.25,0.0
2026-08-04T14:56:00+00:00,20040.25,20041.25,20039.0,20040.0,0.0
2026-08-04T14:57:00+00:00,20040.0,20041.0,20038.75,20039.75,0.0
2026-08-04T14:58:00+00:00,20039.75,20040.75,20038.75,20039.75,0.0
2026-08-04T14:59:00+00:00,20039.75,20040.75,20038.5,20039.5,0.0
2026-08-04T15:00:00+00:00,20039.5,20040.5,20038.25,20039.25,0.0
2026-08-04T15:01:00+00:00,20039.25,20040.25,20038.0,20039.0,0.0
2026-08-04T15:02:00+00:00,20039.0,20040.0,20037.75,20038.75,0.0
2026-08-04T15:03:00+00:00,20038.75,20039.75,20037.5,20038.5,0.0
2026-08-04T15:04:00+00:00,20038.5,20039.5,20037.25,20038.25,0.0
2026-08-04T15:05:00+00:00,20038.25,20039.25,20037.0,20038.0,0.0
2026-08-04T15:06:00+00:00,20038.0,20039.0,20036.75,20037.75,0.0
2026-08-04T15:07:00+00:00,20037.75,20038.75,20036.5,20037.5,0.0
2026-08-04T15:08:00+00:00,20037.5,20038.5,20036.25,20037.25,0.0
2026-08-04T15:09:00+00:00,20037.25,20038.25,20036.0,20037.0,0.0
2026-08-04T15:10:00+00:00,20037.0,20038.0,20035.75,20036.75,0.0
2026-08-04T15:11:00+00:00,20036.75,20037.75,20035.75,20036.75,0.0
2026-08-04T15:12:00+00:00,20036.75,20037.75,20035.5,20036.5,0.0
2026-08-04T15:13:00+00:00,20036.5,20037.5,20035.25,20036.25,0.0
2026-08-04T15:14:00+00:00,20036.25,20037.25,20035.0,20036.0,0.0
2026-08-04T15:15:00+00:00,20036.0,20037.0,20034.75,20035.75,0.0
2026-08-04T15:16:00+00:00,20035.75,20036.75,20034.5,20035.5,0.0
2026-08-04T15:17:00+00:00,20035.5,20036.5,20034.25,20035.25,0.0
2026-08-04T15:18:00+00:00,20035.25,20036.25,20034.0,20035.0,0.0
2026-08-04T15:19:00+00:00,20035.0,20036.0,20033.75,20034.75,0.0
2026-08-04T15:20:00+00:00,20034.75,20035.75,20033.5,20034.5,0.0
2026-08-04T15:21:00+00:00,20034.5,20035.5,20033.25,20034.25,0.0
2026-08-04T15:22:00+00:00,20034.25,20035.25,20033.0,20034.0,0.0
2026-08-04T15:23:00+00:00,20034.0,20035.0,20032.75,20033.75,0.0
2026-08-04T15:24:00+00:00,20033.75,20034.75,20032.5,20033.5,0.0
2026-08-04T15:25:00+00:00,20033.5,20034.5,20032.5,20033.5,0.0
2026-08-04T15:26:00+00:00,20033.5,20034.5,20032.25,20033.25,0.0
2026-08-04T15:27:00+00:00,20033.25,20034.25,20032.0,20033.0,0.0
2026-08-04T15:28:00+00:00,20033.0,20034.0,20031.75,20032.75,0.0
2026-08-04T15:29:00+00:00,20032.75,20033.75,20031.5,20032.5,0.0
2026-08-04T15:30:00+00:00,20032.5,20033.5,20031.25,20032.25,0.0
2026-08-04T15:31:00+00:00,20032.25,20033.25,20031.0,20032.0,0.0
2026-08-04T15:32:00+00:00,20032.0,20033.0,20030.75,20031.75,0.0
2026-08-04T15:33:00+00:00,20031.75,20032.75,20030.5,20031.5,0.0
2026-08-04T15:34:00+00:00,20031.5,20032.5,20030.25,20031.25,0.0
2026-08-04T15:35:00+00:00,20031.25,20032.25,20030.0,20031.0,0.0
2026-08-04T15:36:00+00:00,20031.0,20032.0,20029.75,20030.75,0.0
2026-08-04T15:37:00+00:00,20030.75,20031.75,20029.5,20030.5,0.0
2026-08-04T15:38:00+00:00,20030.5,20031.5,20029.5,20030.5,0.0
2026-08-04T15:39:00+00:00,20030.5,20031.5,20029.25,20030.25,0.0
2026-08-04T15:40:00+00:00,20030.25,20031.25,20029.0,20030.0,0.0
2026-08-04T15:41:00+00:00,20030.0,20031.0,20028.75,20029.75,0.0
2026-08-04T15:42:00+00:00,20029.75,20030.75,20028.5,20029.5,0.0
2026-08-04T15:43:00+00:00,20029.5,20030.5,20028.25,20029.25,0.0
2026-08-04T15:44:00+00:00,20029.25,20030.25,20028.0,20029.0,0.0
2026-08-04T15:45:00+00:00,20029.0,20030.0,20027.75,20028.75,0.0
2026-08-04T15:46:00+00:00,20028.75,20029.75,20027.5,20028.5,0.0
2026-08-04T15:47:00+00:00,20028.5,20029.5,20027.25,20028.25,0.0
2026-08-04T15:48:00+00:00,20028.25,20029.25,20027.0,20028.0,0.0
2026-08-04T15:49:00+00:00,20028.0,20029.0,20026.75,20027.75,0.0
2026-08-04T15:50:00+00:00,20027.75,20028.75,20026.5,20027.5,0.0
2026-08-04T15:51:00+00:00,20027.5,20028.5,20026.5,20027.5,0.0
2026-08-04T15:52:00+00:00,20027.5,20028.5,20026.25,20027.25,0.0
2026-08-04T15:53:00+00:00,20027.25,20028.25,20026.0,20027.0,0.0
2026-08-04T15:54:00+00:00,20027.0,20028.0,20025.75,20026.75,0.0
2026-08-04T15:55:00+00:00,20026.75,20027.75,20025.5,20026.5,0.0
2026-08-04T15:56:00+00:00,20026.5,20027.5,20025.25,20026.25,0.0
2026-08-04T15:57:00+00:00,20026.25,20027.25,20025.0,20026.0,0.0
2026-08-04T15:58:00+00:00,20026.0,20027.0,20024.75,20025.75,0.0
2026-08-04T15:59:00+00:00,20025.75,20026.75,20024.5,20025.5,0.0
2026-08-04T16:00:00+00:00,20025.5,20026.5,20024.25,20025.25,0.0
2026-08-04T16:01:00+00:00,20025.25,20026.25,20024.0,20025.0,0.0
2026-08-04T16:02:00+00:00,20025.0,20026.0,20023.75,20024.75,0.0
2026-08-04T16:03:00+00:00,20024.75,20025.75,20023.5,20024.5,0.0
2026-08-04T16:04:00+00:00,20024.5,20025.5,20023.25,20024.25,0.0
2026-08-04T16:05:00+00:00,20024.25,20025.25,20023.25,20024.25,0.0
2026-08-04T16:06:00+00:00,20024.25,20025.25,20023.0,20024.0,0.0
2026-08-04T16:07:00+00:00,20024.0,20025.0,20022.75,20023.75,0.0
2026-08-04T16:08:00+00:00,20023.75,20024.75,20022.5,20023.5,0.0
2026-08-04T16:09:00+00:00,20023.5,20024.5,20022.25,20023.25,0.0
2026-08-04T16:10:00+00:00,20023.25,20024.25,20022.0,20023.0,0.0
2026-08-04T16:11:00+00:00,20023.0,20024.0,20021.75,20022.75,0.0
2026-08-04T16:12:00+00:00,20022.75,20023.75,20021.5,20022.5,0.0
2026-08-04T16:13:00+00:00,20022.5,20023.5,20021.25,20022.25,0.0
2026-08-04T16:14:00+00:00,20022.25,20023.25,20021.0,20022.0,0.0
2026-08-04T16:15:00+00:00,20022.0,20023.0,20020.75,20021.75,0.0
2026-08-04T16:16:00+00:00,20021.75,20022.75,20020.5,20021.5,0.0
2026-08-04T16:17:00+00:00,20021.5,20022.5,20020.25,20021.25,0.0
2026-08-04T16:18:00+00:00,20021.25,20022.25,20020.25,20021.25,0.0
2026-08-04T16:19:00+00:00,20021.25,20022.25,20020.0,20021.0,0.0
2026-08-04T16:20:00+00:00,20021.0,20022.0,20019.75,20020.75,0.0
2026-08-04T16:21:00+00:00,20020.75,20021.75,20019.5,20020.5,0.0
2026-08-04T16:22:00+00:00,20020.5,20021.5,20019.25,20020.25,0.0
2026-08-04T16:23:00+00:00,20020.25,20021.25,20019.0,20020.0,0.0
2026-08-04T16:24:00+00:00,20020.0,20021.0,20018.75,20019.75,0.0
2026-08-04T16:25:00+00:00,20019.75,20020.75,20018.5,20019.5,0.0
2026-08-04T16:26:00+00:00,20019.5,20020.5,20018.25,20019.25,0.0
2026-08-04T16:27:00+00:00,20019.25,20020.25,20018.0,20019.0,0.0
2026-08-04T16:28:00+00:00,20019.0,20020.0,20017.75,20018.75,0.0
2026-08-04T16:29:00+00:00,20018.75,20019.75,20017.5,20018.5,0.0
2026-08-04T16:30:00+00:00,20018.5,20019.5,20017.25,20018.25,0.0
2026-08-04T16:31:00+00:00,20018.25,20019.25,20017.0,20018.0,0.0
2026-08-04T16:32:00+00:00,20018.0,20019.0,20017.0,20018.0,0.0
2026-08-04T16:33:00+00:00,20018.0,20019.0,20016.75,20017.75,0.0
2026-08-04T16:34:00+00:00,20017.75,20018.75,20016.5,20017.5,0.0
2026-08-04T16:35:00+00:00,20017.5,20018.5,20016.25,20017.25,0.0
2026-08-04T16:36:00+00:00,20017.25,20018.25,20016.0,20017.0,0.0
2026-08-04T16:37:00+00:00,20017.0,20018.0,20015.75,20016.75,0.0
2026-08-04T16:38:00+00:00,20016.75,20017.75,20015.5,20016.5,0.0
2026-08-04T16:39:00+00:00,20016.5,20017.5,20015.25,20016.25,0.0
2026-08-04T16:40:00+00:00,20016.25,20017.25,20015.0,20016.0,0.0
2026-08-04T16:41:00+00:00,20016.0,20017.0,20014.75,20015.75,0.0
2026-08-04T16:42:00+00:00,20015.75,20016.75,20014.5,20015.5,0.0
2026-08-04T16:43:00+00:00,20015.5,20016.5,20014.25,20015.25,0.0
2026-08-04T16:44:00+00:00,20015.25,20016.25,20014.0,20015.0,0.0
2026-08-04T16:45:00+00:00,20015.0,20016.0,20014.0,20015.0,0.0
2026-08-04T16:46:00+00:00,20015.0,20016.0,20013.75,20014.75,0.0
2026-08-04T16:47:00+00:00,20014.75,20015.75,20013.5,20014.5,0.0
2026-08-04T16:48:00+00:00,20014.5,20015.5,20013.25,20014.25,0.0
2026-08-04T16:49:00+00:00,20014.25,20015.25,20013.0,20014.0,0.0
2026-08-04T16:50:00+00:00,20014.0,20015.0,20012.75,20013.75,0.0
2026-08-04T16:51:00+00:00,20013.75,20014.75,20012.5,20013.5,0.0
2026-08-04T16:52:00+00:00,20013.5,20014.5,20012.25,20013.25,0.0
2026-08-04T16:53:00+00:00,20013.25,20014.25,20012.0,20013.0,0.0
2026-08-04T16:54:00+00:00,20013.0,20014.0,20011.75,20012.75,0.0
2026-08-04T16:55:00+00:00,20012.75,20013.75,20011.5,20012.5,0.0
2026-08-04T16:56:00+00:00,20012.5,20013.5,20011.25,20012.25,0.0
2026-08-04T16:57:00+00:00,20012.25,20013.25,20011.0,20012.0,0.0
2026-08-04T16:58:00+00:00,20012.0,20013.0,20011.0,20012.0,0.0
2026-08-04T16:59:00+00:00,20012.0,20013.0,20010.75,20011.75,0.0
2026-08-04T17:00:00+00:00,20011.75,20012.75,20010.5,20011.5,0.0
2026-08-04T17:01:00+00:00,20011.5,20012.5,20010.25,20011.25,0.0
2026-08-04T17:02:00+00:00,20011.25,20012.25,20010.0,20011.0,0.0
2026-08-04T17:03:00+00:00,20011.0,20012.0,20009.75,20010.75,0.0
2026-08-04T17:04:00+00:00,20010.75,20011.75,20009.5,20010.5,0.0
2026-08-04T17:05:00+00:00,20010.5,20011.5,20009.25,20010.25,0.0
2026-08-04T17:06:00+00:00,20010.25,20011.25,20009.0,20010.0,0.0
2026-08-04T17:07:00+00:00,20010.0,20011.0,20008.75,20009.75,0.0
2026-08-04T17:08:00+00:00,20009.75,20010.75,20008.5,20009.5,0.0
2026-08-04T17:09:00+00:00,20009.5,20010.5,20008.25,20009.25,0.0
2026-08-04T17:10:00+00:00,20009.25,20010.25,20008.0,20009.0,0.0
2026-08-04T17:11:00+00:00,20009.0,20010.0,20007.75,20008.75,0.0
2026-08-04T17:12:00+00:00,20008.75,20009.75,20007.75,20008.75,0.0
2026-08-04T17:13:00+00:00,20008.75,20009.75,20007.5,20008.5,0.0
2026-08-04T17:14:00+00:00,20008.5,20009.5,20007.25,20008.25,0.0
2026-08-04T17:15:00+00:00,20008.25,20009.25,20007.0,20008.0,0.0
2026-08-04T17:16:00+00:00,20008.0,20009.0,20006.75,20007.75,0.0
2026-08-04T17:17:00+00:00,20007.75,20008.75,20006.5,20007.5,0.0
2026-08-04T17:18:00+00:00,20007.5,20008.5,20006.25,20007.25,0.0
2026-08-04T17:19:00+00:00,20007.25,20008.25,20006.0,20007.0,0.0
2026-08-04T17:20:00+00:00,20007.0,20008.0,20005.75,20006.75,0.0
2026-08-04T17:21:00+00:00,20006.75,20007.75,20005.5,20006.5,0.0
2026-08-04T17:22:00+00:00,20006.5,20007.5,20005.25,20006.25,0.0
2026-08-04T17:23:00+00:00,20006.25,20007.25,20005.0,20006.0,0.0
2026-08-04T17:24:00+00:00,20006.0,20007.0,20004.75,20005.75,0.0
2026-08-04T17:25:00+00:00,20005.75,20006.75,20004.75,20005.75,0.0
2026-08-04T17:26:00+00:00,20005.75,20006.75,20004.5,20005.5,0.0
2026-08-04T17:27:00+00:00,20005.5,20006.5,20004.25,20005.25,0.0
2026-08-04T17:28:00+00:00,20005.25,20006.25,20004.0,20005.0,0.0
2026-08-04T17:29:00+00:00,20005.0,20006.0,20003.75,20004.75,0.0
2026-08-04T17:30:00+00:00,20004.75,20005.75,20003.5,20004.5,0.0
2026-08-04T17:31:00+00:00,20004.5,20005.5,20003.25,20004.25,0.0
2026-08-04T17:32:00+00:00,20004.25,20005.25,20003.0,20004.0,0.0
2026-08-04T17:33:00+00:00,20004.0,20005.0,20002.75,20003.75,0.0
2026-08-04T17:34:00+00:00,20003.75,20004.75,20002.5,20003.5,0.0
2026-08-04T17:35:00+00:00,20003.5,20004.5,20002.25,20003.25,0.0
2026-08-04T17:36:00+00:00,20003.25,20004.25,20002.0,20003.0,0.0
2026-08-04T17:37:00+00:00,20003.0,20004.0,20001.75,20002.75,0.0
2026-08-04T17:38:00+00:00,20002.75,20003.75,20001.5,20002.5,0.0
2026-08-04T17:39:00+00:00,20002.5,20003.5,20001.5,20002.5,0.0
2026-08-04T17:40:00+00:00,20002.5,20003.5,20001.25,20002.25,0.0
2026-08-04T17:41:00+00:00,20002.25,20003.25,20001.0,20002.0,0.0
2026-08-04T17:42:00+00:00,20002.0,20003.0,20000.75,20001.75,0.0
2026-08-04T17:43:00+00:00,20001.75,20002.75,20000.5,20001.5,0.0
2026-08-04T17:44:00+00:00,20001.5,20002.5,20000.25,20001.25,0.0
2026-08-04T17:45:00+00:00,20001.25,20002.25,20000.0,20001.0,0.0
2026-08-04T17:46:00+00:00,20001.0,20002.0,19999.75,20000.75,0.0
2026-08-04T17:47:00+00:00,20000.75,20001.75,19999.5,20000.5,0.0
2026-08-04T17:48:00+00:00,20000.5,20001.5,19999.25,20000.25,0.0
2026-08-04T17:49:00+00:00,20000.25,20001.25,19999.0,20000.0,0.0
2026-08-04T17:50:00+00:00,20000.0,20001.0,19998.75,19999.75,0.0
2026-08-04T17:51:00+00:00,19999.75,20000.75,19998.5,19999.5,0.0
2026-08-04T17:52:00+00:00,19999.5,20000.5,19998.5,19999.5,0.0
2026-08-04T17:53:00+00:00,19999.5,20000.5,19998.25,19999.25,0.0
2026-08-04T17:54:00+00:00,19999.25,20000.25,19998.0,19999.0,0.0
2026-08-04T17:55:00+00:00,19999.0,20000.0,19997.75,19998.75,0.0
2026-08-04T17:56:00+00:00,19998.75,19999.75,19997.5,19998.5,0.0
2026-08-04T17:57:00+00:00,19998.5,19999.5,19997.25,19998.25,0.0
2026-08-04T17:58:00+00:00,19998.25,19999.25,19997.0,19998.0,0.0
2026-08-04T17:59:00+00:00,19998.0,19999.0,19996.75,19997.75,0.0
2026-08-04T18:00:00+00:00,19997.75,19998.75,19996.5,19997.5,0.0
2026-08-04T18:01:00+00:00,19997.5,19998.5,19996.25,19997.25,0.0
2026-08-04T18:02:00+00:00,19997.25,19998.25,19996.0,19997.0,0.0
2026-08-04T18:03:00+00:00,19997.0,19998.0,19995.75,19996.75,0.0
2026-08-04T18:04:00+00:00,19996.75,19997.75,19995.5,19996.5,0.0
2026-08-04T18:05:00+00:00,19996.5,19997.5,19995.5,19996.5,0.0
2026-08-04T18:06:00+00:00,19996.5,19997.5,19995.25,19996.25,0.0
2026-08-04T18:07:00+00:00,19996.25,19997.25,19995.0,19996.0,0.0
2026-08-04T18:08:00+00:00,19996.0,19997.0,19994.75,19995.75,0.0
2026-08-04T18:09:00+00:00,19995.75,19996.75,19994.5,19995.5,0.0
2026-08-04T18:10:00+00:00,19995.5,19996.5,19994.25,19995.25,0.0
2026-08-04T18:11:00+00:00,19995.25,19996.25,19994.0,19995.0,0.0
2026-08-04T18:12:00+00:00,19995.0,19996.0,19993.75,19994.75,0.0
2026-08-04T18:13:00+00:00,19994.75,19995.75,19993.5,19994.5,0.0
2026-08-04T18:14:00+00:00,19994.5,19995.5,19993.25,19994.25,0.0
2026-08-04T18:15:00+00:00,19994.25,19995.25,19993.0,19994.0,0.0
2026-08-04T18:16:00+00:00,19994.0,19995.0,19992.75,19993.75,0.0
2026-08-04T18:17:00+00:00,19993.75,19994.75,19992.5,19993.5,0.0
2026-08-04T18:18:00+00:00,19993.5,19994.5,19992.25,19993.25,0.0
2026-08-04T18:19:00+00:00,19993.25,19994.25,19992.25,19993.25,0.0
2026-08-04T18:20:00+00:00,19993.25,19994.25,19992.0,19993.0,0.0
2026-08-04T18:21:00+00:00,19993.0,19994.0,19991.75,19992.75,0.0
2026-08-04T18:22:00+00:00,19992.75,19993.75,19991.5,19992.5,0.0
2026-08-04T18:23:00+00:00,19992.5,19993.5,19991.25,19992.25,0.0
2026-08-04T18:24:00+00:00,19992.25,19993.25,19991.0,19992.0,0.0
2026-08-04T18:25:00+00:00,19992.0,19993.0,19990.75,19991.75,0.0
2026-08-04T18:26:00+00:00,19991.75,19992.75,19990.5,19991.5,0.0
2026-08-04T18:27:00+00:00,19991.5,19992.5,19990.25,19991.25,0.0
2026-08-04T18:28:00+00:00,19991.25,19992.25,19990.0,19991.0,0.0
2026-08-04T18:29:00+00:00,19991.0,19992.0,19989.75,19990.75,0.0
2026-08-04T18:30:00+00:00,19990.75,19991.75,19989.5,19990.5,0.0
2026-08-04T18:31:00+00:00,19990.5,19991.5,19989.25,19990.25,0.0
2026-08-04T18:32:00+00:00,19990.25,19991.25,19989.25,19990.25,0.0
2026-08-04T18:33:00+00:00,19990.25,19991.25,19989.0,19990.0,0.0
2026-08-04T18:34:00+00:00,19990.0,19991.0,19988.75,19989.75,0.0
2026-08-04T18:35:00+00:00,19989.75,19990.75,19988.5,19989.5,0.0
2026-08-04T18:36:00+00:00,19989.5,19990.5,19988.25,19989.25,0.0
2026-08-04T18:37:00+00:00,19989.25,19990.25,19988.0,19989.0,0.0
2026-08-04T18:38:00+00:00,19989.0,19990.0,19987.75,19988.75,0.0
2026-08-04T18:39:00+00:00,19988.75,19989.75,19987.5,19988.5,0.0
2026-08-04T18:40:00+00:00,19988.5,19989.5,19987.25,19988.25,0.0
2026-08-04T18:41:00+00:00,19988.25,19989.25,19987.0,19988.0,0.0
2026-08-04T18:42:00+00:00,19988.0,19989.0,19986.75,19987.75,0.0
2026-08-04T18:43:00+00:00,19987.75,19988.75,19986.5,19987.5,0.0
2026-08-04T18:44:00+00:00,19987.5,19988.5,19986.25,19987.25,0.0
2026-08-04T18:45:00+00:00,19987.25,19988.25,19986.0,19987.0,0.0
2026-08-04T18:46:00+00:00,19987.0,19988.0,19986.0,19987.0,0.0
2026-08-04T18:47:00+00:00,19987.0,19988.0,19985.75,19986.75,0.0
2026-08-04T18:48:00+00:00,19986.75,19987.75,19985.5,19986.5,0.0
2026-08-04T18:49:00+00:00,19986.5,19987.5,19985.25,19986.25,0.0
2026-08-04T18:50:00+00:00,19986.25,19987.25,19985.0,19986.0,0.0
2026-08-04T18:51:00+00:00,19986.0,19987.0,19984.75,19985.75,0.0
2026-08-04T18:52:00+00:00,19985.75,19986.75,19984.5,19985.5,0.0
2026-08-04T18:53:00+00:00,19985.5,19986.5,19984.25,19985.25,0.0
2026-08-04T18:54:00+00:00,19985.25,19986.25,19984.0,19985.0,0.0
2026-08-04T18:55:00+00:00,19985.0,19986.0,19983.75,19984.75,0.0
2026-08-04T18:56:00+00:00,19984.75,19985.75,19983.5,19984.5,0.0
2026-08-04T18:57:00+00:00,19984.5,19985.5,19983.25,19984.25,0.0
2026-08-04T18:58:00+00:00,19984.25,19985.25,19983.0,19984.0,0.0
2026-08-04T18:59:00+00:00,19984.0,19985.0,19983.0,19984.0,0.0
2026-08-04T19:00:00+00:00,19984.0,19985.0,19982.75,19983.75,0.0
2026-08-04T19:01:00+00:00,19983.75,19984.75,19982.5,19983.5,0.0
2026-08-04T19:02:00+00:00,19983.5,19984.5,19982.25,19983.25,0.0
2026-08-04T19:03:00+00:00,19983.25,19984.25,19982.0,19983.0,0.0
2026-08-04T19:04:00+00:00,19983.0,19984.0,19981.75,19982.75,0.0
2026-08-04T19:05:00+00:00,19982.75,19983.75,19981.5,19982.5,0.0
2026-08-04T19:06:00+00:00,19982.5,19983.5,19981.25,19982.25,0.0
2026-08-04T19:07:00+00:00,19982.25,19983.25,19981.0,19982.0,0.0
2026-08-04T19:08:00+00:00,19982.0,19983.0,19980.75,19981.75,0.0
2026-08-04T19:09:00+00:00,19981.75,19982.75,19980.5,19981.5,0.0
2026-08-04T19:10:00+00:00,19981.5,19982.5,19980.25,19981.25,0.0
2026-08-04T19:11:00+00:00,19981.25,19982.25,19980.0,19981.0,0.0
2026-08-04T19:12:00+00:00,19981.0,19982.0,19979.75,19980.75,0.0
2026-08-04T19:13:00+00:00,19980.75,19981.75,19979.75,19980.75,0.0
2026-08-04T19:14:00+00:00,19980.75,19981.75,19979.5,19980.5,0.0
2026-08-04T19:15:00+00:00,19980.5,19981.5,19979.25,19980.25,0.0
2026-08-04T19:16:00+00:00,19980.25,19981.25,19979.0,19980.0,0.0
2026-08-04T19:17:00+00:00,19980.0,19981.0,19978.75,19979.75,0.0
2026-08-04T19:18:00+00:00,19979.75,19980.75,19978.5,19979.5,0.0
2026-08-04T19:19:00+00:00,19979.5,19980.5,19978.25,19979.25,0.0
2026-08-04T19:20:00+00:00,19979.25,19980.25,19978.0,19979.0,0.0
2026-08-04T19:21:00+00:00,19979.0,19980.0,19977.75,19978.75,0.0
2026-08-04T19:22:00+00:00,19978.75,19979.75,19977.5,19978.5,0.0
2026-08-04T19:23:00+00:00,19978.5,19979.5,19977.25,19978.25,0.0
2026-08-04T19:24:00+00:00,19978.25,19979.25,19977.0,19978.0,0.0
2026-08-04T19:25:00+00:00,19978.0,19979.0,19976.75,19977.75,0.0
2026-08-04T19:26:00+00:00,19977.75,19978.75,19976.75,19977.75,0.0
2026-08-04T19:27:00+00:00,19977.75,19978.75,19976.5,19977.5,0.0
2026-08-04T19:28:00+00:00,19977.5,19978.5,19976.25,19977.25,0.0
2026-08-04T19:29:00+00:00,19977.25,19978.25,19976.0,19977.0,0.0
2026-08-04T19:30:00+00:00,19977.0,19978.0,19975.75,19976.75,0.0
2026-08-04T19:31:00+00:00,19976.75,19977.75,19975.5,19976.5,0.0
2026-08-04T19:32:00+00:00,19976.5,19977.5,19975.25,19976.25,0.0
2026-08-04T19:33:00+00:00,19976.25,19977.25,19975.0,19976.0,0.0
2026-08-04T19:34:00+00:00,19976.0,19977.0,19974.75,19975.75,0.0
2026-08-04T19:35:00+00:00,19975.75,19976.75,19974.5,19975.5,0.0
2026-08-04T19:36:00+00:00,19975.5,19976.5,19974.25,19975.25,0.0
2026-08-04T19:37:00+00:00,19975.25,19976.25,19974.0,19975.0,0.0
2026-08-04T19:38:00+00:00,19975.0,19976.0,19973.75,19974.75,0.0
2026-08-04T19:39:00+00:00,19974.75,19975.75,19973.75,19974.75,0.0
2026-08-04T19:40:00+00:00,19974.75,19975.75,19973.5,19974.5,0.0
2026-08-04T19:41:00+00:00,19974.5,19975.5,19973.25,19974.25,0.0
2026-08-04T19:42:00+00:00,19974.25,19975.25,19973.0,19974.0,0.0
2026-08-04T19:43:00+00:00,19974.0,19975.0,19972.75,19973.75,0.0
2026-08-04T19:44:00+00:00,19973.75,19974.75,19972.5,19973.5,0.0
2026-08-04T19:45:00+00:00,19973.5,19974.5,19972.25,19973.25,0.0
2026-08-04T19:46:00+00:00,19973.25,19974.25,19972.0,19973.0,0.0
2026-08-04T19:47:00+00:00,19973.0,19974.0,19971.75,19972.75,0.0
2026-08-04T19:48:00+00:00,19972.75,19973.75,19971.5,19972.5,0.0
2026-08-04T19:49:00+00:00,19972.5,19973.5,19971.25,19972.25,0.0
2026-08-04T19:50:00+00:00,19972.25,19973.25,19971.0,19972.0,0.0
2026-08-04T19:51:00+00:00,19972.0,19973.0,19970.75,19971.75,0.0
2026-08-04T19:52:00+00:00,19971.75,19972.75,19970.5,19971.5,0.0
2026-08-04T19:53:00+00:00,19971.5,19972.5,19970.5,19971.5,0.0
2026-08-04T19:54:00+00:00,19971.5,19972.5,19970.25,19971.25,0.0
2026-08-04T19:55:00+00:00,19971.25,19972.25,19970.0,19971.0,0.0
2026-08-04T19:56:00+00:00,19971.0,19972.0,19969.75,19970.75,0.0
2026-08-04T19:57:00+00:00,19970.75,19971.75,19969.5,19970.5,0.0
2026-08-04T19:58:00+00:00,19970.5,19971.5,19969.25,19970.25,0.0
2026-08-04T19:59:00+00:00,19970.25,19971.25,19800.0,19970.0,0.0
2026-08-11T13:30:00+00:00,20060.0,20080.0,20059.0,20060.0,0.0
2026-08-11T13:31:00+00:00,20060.0,20061.0,20058.75,20059.75,0.0
2026-08-11T13:32:00+00:00,20059.75,20060.75,20058.5,20059.5,0.0
2026-08-11T13:33:00+00:00,20059.5,20060.5,20058.25,20059.25,0.0
2026-08-11T13:34:00+00:00,20059.25,20060.25,20058.0,20059.0,0.0
2026-08-11T13:35:00+00:00,20059.0,20060.0,20057.75,20058.75,0.0
2026-08-11T13:36:00+00:00,20058.75,20059.75,20057.5,20058.5,0.0
2026-08-11T13:37:00+00:00,20058.5,20059.5,20057.5,20058.5,0.0
2026-08-11T13:38:00+00:00,20058.5,20059.5,20057.25,20058.25,0.0
2026-08-11T13:39:00+00:00,20058.25,20059.25,20057.0,20058.0,0.0
2026-08-11T13:40:00+00:00,20058.0,20059.0,20056.75,20057.75,0.0
2026-08-11T13:41:00+00:00,20057.75,20058.75,20056.5,20057.5,0.0
2026-08-11T13:42:00+00:00,20057.5,20058.5,20056.25,20057.25,0.0
2026-08-11T13:43:00+00:00,20057.25,20058.25,20056.0,20057.0,0.0
2026-08-11T13:44:00+00:00,20057.0,20058.0,20055.75,20056.75,0.0
2026-08-11T13:45:00+00:00,20056.75,20057.75,20055.5,20056.5,0.0
2026-08-11T13:46:00+00:00,20056.5,20057.5,20055.25,20056.25,0.0
2026-08-11T13:47:00+00:00,20056.25,20057.25,20055.0,20056.0,0.0
2026-08-11T13:48:00+00:00,20056.0,20057.0,20054.75,20055.75,0.0
2026-08-11T13:49:00+00:00,20055.75,20056.75,20054.5,20055.5,0.0
2026-08-11T13:50:00+00:00,20055.5,20056.5,20054.25,20055.25,0.0
2026-08-11T13:51:00+00:00,20055.25,20056.25,20054.25,20055.25,0.0
2026-08-11T13:52:00+00:00,20055.25,20056.25,20054.0,20055.0,0.0
2026-08-11T13:53:00+00:00,20055.0,20056.0,20053.75,20054.75,0.0
2026-08-11T13:54:00+00:00,20054.75,20055.75,20053.5,20054.5,0.0
2026-08-11T13:55:00+00:00,20054.5,20055.5,20053.25,20054.25,0.0
2026-08-11T13:56:00+00:00,20054.25,20055.25,20053.0,20054.0,0.0
2026-08-11T13:57:00+00:00,20054.0,20055.0,20052.75,20053.75,0.0
2026-08-11T13:58:00+00:00,20053.75,20054.75,20052.5,20053.5,0.0
2026-08-11T13:59:00+00:00,20053.5,20054.5,20052.25,20053.25,0.0
2026-08-11T14:00:00+00:00,20053.25,20054.25,20052.0,20053.0,0.0
2026-08-11T14:01:00+00:00,20053.0,20054.0,20051.75,20052.75,0.0
2026-08-11T14:02:00+00:00,20052.75,20053.75,20051.5,20052.5,0.0
2026-08-11T14:03:00+00:00,20052.5,20053.5,20051.25,20052.25,0.0
2026-08-11T14:04:00+00:00,20052.25,20053.25,20051.25,20052.25,0.0
2026-08-11T14:05:00+00:00,20052.25,20053.25,20051.0,20052.0,0.0
2026-08-11T14:06:00+00:00,20052.0,20053.0,20050.75,20051.75,0.0
2026-08-11T14:07:00+00:00,20051.75,20052.75,20050.5,20051.5,0.0
2026-08-11T14:08:00+00:00,20051.5,20052.5,20050.25,20051.25,0.0
2026-08-11T14:09:00+00:00,20051.25,20052.25,20050.0,20051.0,0.0
2026-08-11T14:10:00+00:00,20051.0,20052.0,20049.75,20050.75,0.0
2026-08-11T14:11:00+00:00,20050.75,20051.75,20049.5,20050.5,0.0
2026-08-11T14:12:00+00:00,20050.5,20051.5,20049.25,20050.25,0.0
2026-08-11T14:13:00+00:00,20050.25,20051.25,20049.0,20050.0,0.0
2026-08-11T14:14:00+00:00,20050.0,20051.0,20048.75,20049.75,0.0
2026-08-11T14:15:00+00:00,20049.75,20050.75,20048.5,20049.5,0.0
2026-08-11T14:16:00+00:00,20049.5,20050.5,20048.25,20049.25,0.0
2026-08-11T14:17:00+00:00,20049.25,20050.25,20048.25,20049.25,0.0
2026-08-11T14:18:00+00:00,20049.25,20050.25,20048.0,20049.0,0.0
2026-08-11T14:19:00+00:00,20049.0,20050.0,20047.75,20048.75,0.0
2026-08-11T14:20:00+00:00,20048.75,20049.75,20047.5,20048.5,0.0
2026-08-11T14:21:00+00:00,20048.5,20049.5,20047.25,20048.25,0.0
2026-08-11T14:22:00+00:00,20048.25,20049.25,20047.0,20048.0,0.0
2026-08-11T14:23:00+00:00,20048.0,20049.0,20046.75,20047.75,0.0
2026-08-11T14:24:00+00:00,20047.75,20048.75,20046.5,20047.5,0.0
2026-08-11T14:25:00+00:00,20047.5,20048.5,20046.25,20047.25,0.0
2026-08-11T14:26:00+00:00,20047.25,20048.25,20046.0,20047.0,0.0
2026-08-11T14:27:00+00:00,20047.0,20048.0,20045.75,20046.75,0.0
2026-08-11T14:28:00+00:00,20046.75,20047.75,20045.5,20046.5,0.0
2026-08-11T14:29:00+00:00,20046.5,20047.5,20045.25,20046.25,0.0
2026-08-11T14:30:00+00:00,20046.25,20047.25,20045.0,20046.0,0.0
2026-08-11T14:31:00+00:00,20046.0,20047.0,20045.0,20046.0,0.0
2026-08-11T14:32:00+00:00,20046.0,20047.0,20044.75,20045.75,0.0
2026-08-11T14:33:00+00:00,20045.75,20046.75,20044.5,20045.5,0.0
2026-08-11T14:34:00+00:00,20045.5,20046.5,20044.25,20045.25,0.0
2026-08-11T14:35:00+00:00,20045.25,20046.25,20044.0,20045.0,0.0
2026-08-11T14:36:00+00:00,20045.0,20046.0,20043.75,20044.75,0.0
2026-08-11T14:37:00+00:00,20044.75,20045.75,20043.5,20044.5,0.0
2026-08-11T14:38:00+00:00,20044.5,20045.5,20043.25,20044.25,0.0
2026-08-11T14:39:00+00:00,20044.25,20045.25,20043.0,20044.0,0.0
2026-08-11T14:40:00+00:00,20044.0,20045.0,20042.75,20043.75,0.0
2026-08-11T14:41:00+00:00,20043.75,20044.75,20042.5,20043.5,0.0
2026-08-11T14:42:00+00:00,20043.5,20044.5,20042.25,20043.25,0.0
2026-08-11T14:43:00+00:00,20043.25,20044.25,20042.0,20043.0,0.0
2026-08-11T14:44:00+00:00,20043.0,20044.0,20042.0,20043.0,0.0
2026-08-11T14:45:00+00:00,20043.0,20044.0,20041.75,20042.75,0.0
2026-08-11T14:46:00+00:00,20042.75,20043.75,20041.5,20042.5,0.0
2026-08-11T14:47:00+00:00,20042.5,20043.5,20041.25,20042.25,0.0
2026-08-11T14:48:00+00:00,20042.25,20043.25,20041.0,20042.0,0.0
2026-08-11T14:49:00+00:00,20042.0,20043.0,20040.75,20041.75,0.0
2026-08-11T14:50:00+00:00,20041.75,20042.75,20040.5,20041.5,0.0
2026-08-11T14:51:00+00:00,20041.5,20042.5,20040.25,20041.25,0.0
2026-08-11T14:52:00+00:00,20041.25,20042.25,20040.0,20041.0,0.0
2026-08-11T14:53:00+00:00,20041.0,20042.0,20039.75,20040.75,0.0
2026-08-11T14:54:00+00:00,20040.75,20041.75,20039.5,20040.5,0.0
2026-08-11T14:55:00+00:00,20040.5,20041.5,20039.25,20040.25,0.0
2026-08-11T14:56:00+00:00,20040.25,20041.25,20039.0,20040.0,0.0
2026-08-11T14:57:00+00:00,20040.0,20041.0,20038.75,20039.75,0.0
2026-08-11T14:58:00+00:00,20039.75,20040.75,20038.75,20039.75,0.0
2026-08-11T14:59:00+00:00,20039.75,20040.75,20038.5,20039.5,0.0
2026-08-11T15:00:00+00:00,20039.5,20040.5,20038.25,20039.25,0.0
2026-08-11T15:01:00+00:00,20039.25,20040.25,20038.0,20039.0,0.0
2026-08-11T15:02:00+00:00,20039.0,20040.0,20037.75,20038.75,0.0
2026-08-11T15:03:00+00:00,20038.75,20039.75,20037.5,20038.5,0.0
2026-08-11T15:04:00+00:00,20038.5,20039.5,20037.25,20038.25,0.0
2026-08-11T15:05:00+00:00,20038.25,20039.25,20037.0,20038.0,0.0
2026-08-11T15:06:00+00:00,20038.0,20039.0,20036.75,20037.75,0.0
2026-08-11T15:07:00+00:00,20037.75,20038.75,20036.5,20037.5,0.0
2026-08-11T15:08:00+00:00,20037.5,20038.5,20036.25,20037.25,0.0
2026-08-11T15:09:00+00:00,20037.25,20038.25,20036.0,20037.0,0.0
2026-08-11T15:10:00+00:00,20037.0,20038.0,20035.75,20036.75,0.0
2026-08-11T15:11:00+00:00,20036.75,20037.75,20035.75,20036.75,0.0
2026-08-11T15:12:00+00:00,20036.75,20037.75,20035.5,20036.5,0.0
2026-08-11T15:13:00+00:00,20036.5,20037.5,20035.25,20036.25,0.0
2026-08-11T15:14:00+00:00,20036.25,20037.25,20035.0,20036.0,0.0
2026-08-11T15:15:00+00:00,20036.0,20037.0,20034.75,20035.75,0.0
2026-08-11T15:16:00+00:00,20035.75,20036.75,20034.5,20035.5,0.0
2026-08-11T15:17:00+00:00,20035.5,20036.5,20034.25,20035.25,0.0
2026-08-11T15:18:00+00:00,20035.25,20036.25,20034.0,20035.0,0.0
2026-08-11T15:19:00+00:00,20035.0,20036.0,20033.75,20034.75,0.0
2026-08-11T15:20:00+00:00,20034.75,20035.75,20033.5,20034.5,0.0
2026-08-11T15:21:00+00:00,20034.5,20035.5,20033.25,20034.25,0.0
2026-08-11T15:22:00+00:00,20034.25,20035.25,20033.0,20034.0,0.0
2026-08-11T15:23:00+00:00,20034.0,20035.0,20032.75,20033.75,0.0
2026-08-11T15:24:00+00:00,20033.75,20034.75,20032.5,20033.5,0.0
2026-08-11T15:25:00+00:00,20033.5,20034.5,20032.5,20033.5,0.0
2026-08-11T15:26:00+00:00,20033.5,20034.5,20032.25,20033.25,0.0
2026-08-11T15:27:00+00:00,20033.25,20034.25,20032.0,20033.0,0.0
2026-08-11T15:28:00+00:00,20033.0,20034.0,20031.75,20032.75,0.0
2026-08-11T15:29:00+00:00,20032.75,20033.75,20031.5,20032.5,0.0
2026-08-11T15:30:00+00:00,20032.5,20033.5,20031.25,20032.25,0.0
2026-08-11T15:31:00+00:00,20032.25,20033.25,20031.0,20032.0,0.0
2026-08-11T15:32:00+00:00,20032.0,20033.0,20030.75,20031.75,0.0
2026-08-11T15:33:00+00:00,20031.75,20032.75,20030.5,20031.5,0.0
2026-08-11T15:34:00+00:00,20031.5,20032.5,20030.25,20031.25,0.0
2026-08-11T15:35:00+00:00,20031.25,20032.25,20030.0,20031.0,0.0
2026-08-11T15:36:00+00:00,20031.0,20032.0,20029.75,20030.75,0.0
2026-08-11T15:37:00+00:00,20030.75,20031.75,20029.5,20030.5,0.0
2026-08-11T15:38:00+00:00,20030.5,20031.5,20029.5,20030.5,0.0
2026-08-11T15:39:00+00:00,20030.5,20031.5,20029.25,20030.25,0.0
2026-08-11T15:40:00+00:00,20030.25,20031.25,20029.0,20030.0,0.0
2026-08-11T15:41:00+00:00,20030.0,20031.0,20028.75,20029.75,0.0
2026-08-11T15:42:00+00:00,20029.75,20030.75,20028.5,20029.5,0.0
2026-08-11T15:43:00+00:00,20029.5,20030.5,20028.25,20029.25,0.0
2026-08-11T15:44:00+00:00,20029.25,20030.25,20028.0,20029.0,0.0
2026-08-11T15:45:00+00:00,20029.0,20030.0,20027.75,20028.75,0.0
2026-08-11T15:46:00+00:00,20028.75,20029.75,20027.5,20028.5,0.0
2026-08-11T15:47:00+00:00,20028.5,20029.5,20027.25,20028.25,0.0
2026-08-11T15:48:00+00:00,20028.25,20029.25,20027.0,20028.0,0.0
2026-08-11T15:49:00+00:00,20028.0,20029.0,20026.75,20027.75,0.0
2026-08-11T15:50:00+00:00,20027.75,20028.75,20026.5,20027.5,0.0
2026-08-11T15:51:00+00:00,20027.5,20028.5,20026.5,20027.5,0.0
2026-08-11T15:52:00+00:00,20027.5,20028.5,20026.25,20027.25,0.0
2026-08-11T15:53:00+00:00,20027.25,20028.25,20026.0,20027.0,0.0
2026-08-11T15:54:00+00:00,20027.0,20028.0,20025.75,20026.75,0.0
2026-08-11T15:55:00+00:00,20026.75,20027.75,20025.5,20026.5,0.0
2026-08-11T15:56:00+00:00,20026.5,20027.5,20025.25,20026.25,0.0
2026-08-11T15:57:00+00:00,20026.25,20027.25,20025.0,20026.0,0.0
2026-08-11T15:58:00+00:00,20026.0,20027.0,20024.75,20025.75,0.0
2026-08-11T15:59:00+00:00,20025.75,20026.75,20024.5,20025.5,0.0
2026-08-11T16:00:00+00:00,20025.5,20026.5,20024.25,20025.25,0.0
2026-08-11T16:01:00+00:00,20025.25,20026.25,20024.0,20025.0,0.0
2026-08-11T16:02:00+00:00,20025.0,20026.0,20023.75,20024.75,0.0
2026-08-11T16:03:00+00:00,20024.75,20025.75,20023.5,20024.5,0.0
2026-08-11T16:04:00+00:00,20024.5,20025.5,20023.25,20024.25,0.0
2026-08-11T16:05:00+00:00,20024.25,20025.25,20023.25,20024.25,0.0
2026-08-11T16:06:00+00:00,20024.25,20025.25,20023.0,20024.0,0.0
2026-08-11T16:07:00+00:00,20024.0,20025.0,20022.75,20023.75,0.0
2026-08-11T16:08:00+00:00,20023.75,20024.75,20022.5,20023.5,0.0
2026-08-11T16:09:00+00:00,20023.5,20024.5,20022.25,20023.25,0.0
2026-08-11T16:10:00+00:00,20023.25,20024.25,20022.0,20023.0,0.0
2026-08-11T16:11:00+00:00,20023.0,20024.0,20021.75,20022.75,0.0
2026-08-11T16:12:00+00:00,20022.75,20023.75,20021.5,20022.5,0.0
2026-08-11T16:13:00+00:00,20022.5,20023.5,20021.25,20022.25,0.0
2026-08-11T16:14:00+00:00,20022.25,20023.25,20021.0,20022.0,0.0
2026-08-11T16:15:00+00:00,20022.0,20023.0,20020.75,20021.75,0.0
2026-08-11T16:16:00+00:00,20021.75,20022.75,20020.5,20021.5,0.0
2026-08-11T16:17:00+00:00,20021.5,20022.5,20020.25,20021.25,0.0
2026-08-11T16:18:00+00:00,20021.25,20022.25,20020.25,20021.25,0.0
2026-08-11T16:19:00+00:00,20021.25,20022.25,20020.0,20021.0,0.0
2026-08-11T16:20:00+00:00,20021.0,20022.0,20019.75,20020.75,0.0
2026-08-11T16:21:00+00:00,20020.75,20021.75,20019.5,20020.5,0.0
2026-08-11T16:22:00+00:00,20020.5,20021.5,20019.25,20020.25,0.0
2026-08-11T16:23:00+00:00,20020.25,20021.25,20019.0,20020.0,0.0
2026-08-11T16:24:00+00:00,20020.0,20021.0,20018.75,20019.75,0.0
2026-08-11T16:25:00+00:00,20019.75,20020.75,20018.5,20019.5,0.0
2026-08-11T16:26:00+00:00,20019.5,20020.5,20018.25,20019.25,0.0
2026-08-11T16:27:00+00:00,20019.25,20020.25,20018.0,20019.0,0.0
2026-08-11T16:28:00+00:00,20019.0,20020.0,20017.75,20018.75,0.0
2026-08-11T16:29:00+00:00,20018.75,20019.75,20017.5,20018.5,0.0
2026-08-11T16:30:00+00:00,20018.5,20019.5,20017.25,20018.25,0.0
2026-08-11T16:31:00+00:00,20018.25,20019.25,20017.0,20018.0,0.0
2026-08-11T16:32:00+00:00,20018.0,20019.0,20017.0,20018.0,0.0
2026-08-11T16:33:00+00:00,20018.0,20019.0,20016.75,20017.75,0.0
2026-08-11T16:34:00+00:00,20017.75,20018.75,20016.5,20017.5,0.0
2026-08-11T16:35:00+00:00,20017.5,20018.5,20016.25,20017.25,0.0
2026-08-11T16:36:00+00:00,20017.25,20018.25,20016.0,20017.0,0.0
2026-08-11T16:37:00+00:00,20017.0,20018.0,20015.75,20016.75,0.0
2026-08-11T16:38:00+00:00,20016.75,20017.75,20015.5,20016.5,0.0
2026-08-11T16:39:00+00:00,20016.5,20017.5,20015.25,20016.25,0.0
2026-08-11T16:40:00+00:00,20016.25,20017.25,20015.0,20016.0,0.0
2026-08-11T16:41:00+00:00,20016.0,20017.0,20014.75,20015.75,0.0
2026-08-11T16:42:00+00:00,20015.75,20016.75,20014.5,20015.5,0.0
2026-08-11T16:43:00+00:00,20015.5,20016.5,20014.25,20015.25,0.0
2026-08-11T16:44:00+00:00,20015.25,20016.25,20014.0,20015.0,0.0
2026-08-11T16:45:00+00:00,20015.0,20016.0,20014.0,20015.0,0.0
2026-08-11T16:46:00+00:00,20015.0,20016.0,20013.75,20014.75,0.0
2026-08-11T16:47:00+00:00,20014.75,20015.75,20013.5,20014.5,0.0
2026-08-11T16:48:00+00:00,20014.5,20015.5,20013.25,20014.25,0.0
2026-08-11T16:49:00+00:00,20014.25,20015.25,20013.0,20014.0,0.0
2026-08-11T16:50:00+00:00,20014.0,20015.0,20012.75,20013.75,0.0
2026-08-11T16:51:00+00:00,20013.75,20014.75,20012.5,20013.5,0.0
2026-08-11T16:52:00+00:00,20013.5,20014.5,20012.25,20013.25,0.0
2026-08-11T16:53:00+00:00,20013.25,20014.25,20012.0,20013.0,0.0
2026-08-11T16:54:00+00:00,20013.0,20014.0,20011.75,20012.75,0.0
2026-08-11T16:55:00+00:00,20012.75,20013.75,20011.5,20012.5,0.0
2026-08-11T16:56:00+00:00,20012.5,20013.5,20011.25,20012.25,0.0
2026-08-11T16:57:00+00:00,20012.25,20013.25,20011.0,20012.0,0.0
2026-08-11T16:58:00+00:00,20012.0,20013.0,20011.0,20012.0,0.0
2026-08-11T16:59:00+00:00,20012.0,20013.0,20010.75,20011.75,0.0
2026-08-11T17:00:00+00:00,20011.75,20012.75,20010.5,20011.5,0.0
2026-08-11T17:01:00+00:00,20011.5,20012.5,20010.25,20011.25,0.0
2026-08-11T17:02:00+00:00,20011.25,20012.25,20010.0,20011.0,0.0
2026-08-11T17:03:00+00:00,20011.0,20012.0,20009.75,20010.75,0.0
2026-08-11T17:04:00+00:00,20010.75,20011.75,20009.5,20010.5,0.0
2026-08-11T17:05:00+00:00,20010.5,20011.5,20009.25,20010.25,0.0
2026-08-11T17:06:00+00:00,20010.25,20011.25,20009.0,20010.0,0.0
2026-08-11T17:07:00+00:00,20010.0,20011.0,20008.75,20009.75,0.0
2026-08-11T17:08:00+00:00,20009.75,20010.75,20008.5,20009.5,0.0
2026-08-11T17:09:00+00:00,20009.5,20010.5,20008.25,20009.25,0.0
2026-08-11T17:10:00+00:00,20009.25,20010.25,20008.0,20009.0,0.0
2026-08-11T17:11:00+00:00,20009.0,20010.0,20007.75,20008.75,0.0
2026-08-11T17:12:00+00:00,20008.75,20009.75,20007.75,20008.75,0.0
2026-08-11T17:13:00+00:00,20008.75,20009.75,20007.5,20008.5,0.0
2026-08-11T17:14:00+00:00,20008.5,20009.5,20007.25,20008.25,0.0
2026-08-11T17:15:00+00:00,20008.25,20009.25,20007.0,20008.0,0.0
2026-08-11T17:16:00+00:00,20008.0,20009.0,20006.75,20007.75,0.0
2026-08-11T17:17:00+00:00,20007.75,20008.75,20006.5,20007.5,0.0
2026-08-11T17:18:00+00:00,20007.5,20008.5,20006.25,20007.25,0.0
2026-08-11T17:19:00+00:00,20007.25,20008.25,20006.0,20007.0,0.0
2026-08-11T17:20:00+00:00,20007.0,20008.0,20005.75,20006.75,0.0
2026-08-11T17:21:00+00:00,20006.75,20007.75,20005.5,20006.5,0.0
2026-08-11T17:22:00+00:00,20006.5,20007.5,20005.25,20006.25,0.0
2026-08-11T17:23:00+00:00,20006.25,20007.25,20005.0,20006.0,0.0
2026-08-11T17:24:00+00:00,20006.0,20007.0,20004.75,20005.75,0.0
2026-08-11T17:25:00+00:00,20005.75,20006.75,20004.75,20005.75,0.0
2026-08-11T17:26:00+00:00,20005.75,20006.75,20004.5,20005.5,0.0
2026-08-11T17:27:00+00:00,20005.5,20006.5,20004.25,20005.25,0.0
2026-08-11T17:28:00+00:00,20005.25,20006.25,20004.0,20005.0,0.0
2026-08-11T17:29:00+00:00,20005.0,20006.0,20003.75,20004.75,0.0
2026-08-11T17:30:00+00:00,20004.75,20005.75,20003.5,20004.5,0.0
2026-08-11T17:31:00+00:00,20004.5,20005.5,20003.25,20004.25,0.0
2026-08-11T17:32:00+00:00,20004.25,20005.25,20003.0,20004.0,0.0
2026-08-11T17:33:00+00:00,20004.0,20005.0,20002.75,20003.75,0.0
2026-08-11T17:34:00+00:00,20003.75,20004.75,20002.5,20003.5,0.0
2026-08-11T17:35:00+00:00,20003.5,20004.5,20002.25,20003.25,0.0
2026-08-11T17:36:00+00:00,20003.25,20004.25,20002.0,20003.0,0.0
2026-08-11T17:37:00+00:00,20003.0,20004.0,20001.75,20002.75,0.0
2026-08-11T17:38:00+00:00,20002.75,20003.75,20001.5,20002.5,0.0
2026-08-11T17:39:00+00:00,20002.5,20003.5,20001.5,20002.5,0.0
2026-08-11T17:40:00+00:00,20002.5,20003.5,20001.25,20002.25,0.0
2026-08-11T17:41:00+00:00,20002.25,20003.25,20001.0,20002.0,0.0
2026-08-11T17:42:00+00:00,20002.0,20003.0,20000.75,20001.75,0.0
2026-08-11T17:43:00+00:00,20001.75,20002.75,20000.5,20001.5,0.0
2026-08-11T17:44:00+00:00,20001.5,20002.5,20000.25,20001.25,0.0
2026-08-11T17:45:00+00:00,20001.25,20002.25,20000.0,20001.0,0.0
2026-08-11T17:46:00+00:00,20001.0,20002.0,19999.75,20000.75,0.0
2026-08-11T17:47:00+00:00,20000.75,20001.75,19999.5,20000.5,0.0
2026-08-11T17:48:00+00:00,20000.5,20001.5,19999.25,20000.25,0.0
2026-08-11T17:49:00+00:00,20000.25,20001.25,19999.0,20000.0,0.0
2026-08-11T17:50:00+00:00,20000.0,20001.0,19998.75,19999.75,0.0
2026-08-11T17:51:00+00:00,19999.75,20000.75,19998.5,19999.5,0.0
2026-08-11T17:52:00+00:00,19999.5,20000.5,19998.5,19999.5,0.0
2026-08-11T17:53:00+00:00,19999.5,20000.5,19998.25,19999.25,0.0
2026-08-11T17:54:00+00:00,19999.25,20000.25,19998.0,19999.0,0.0
2026-08-11T17:55:00+00:00,19999.0,20000.0,19997.75,19998.75,0.0
2026-08-11T17:56:00+00:00,19998.75,19999.75,19997.5,19998.5,0.0
2026-08-11T17:57:00+00:00,19998.5,19999.5,19997.25,19998.25,0.0
2026-08-11T17:58:00+00:00,19998.25,19999.25,19997.0,19998.0,0.0
2026-08-11T17:59:00+00:00,19998.0,19999.0,19996.75,19997.75,0.0
2026-08-11T18:00:00+00:00,19997.75,19998.75,19996.5,19997.5,0.0
2026-08-11T18:01:00+00:00,19997.5,19998.5,19996.25,19997.25,0.0
2026-08-11T18:02:00+00:00,19997.25,19998.25,19996.0,19997.0,0.0
2026-08-11T18:03:00+00:00,19997.0,19998.0,19995.75,19996.75,0.0
2026-08-11T18:04:00+00:00,19996.75,19997.75,19995.5,19996.5,0.0
2026-08-11T18:05:00+00:00,19996.5,19997.5,19995.5,19996.5,0.0
2026-08-11T18:06:00+00:00,19996.5,19997.5,19995.25,19996.25,0.0
2026-08-11T18:07:00+00:00,19996.25,19997.25,19995.0,19996.0,0.0
2026-08-11T18:08:00+00:00,19996.0,19997.0,19994.75,19995.75,0.0
2026-08-11T18:09:00+00:00,19995.75,19996.75,19994.5,19995.5,0.0
2026-08-11T18:10:00+00:00,19995.5,19996.5,19994.25,19995.25,0.0
2026-08-11T18:11:00+00:00,19995.25,19996.25,19994.0,19995.0,0.0
2026-08-11T18:12:00+00:00,19995.0,19996.0,19993.75,19994.75,0.0
2026-08-11T18:13:00+00:00,19994.75,19995.75,19993.5,19994.5,0.0
2026-08-11T18:14:00+00:00,19994.5,19995.5,19993.25,19994.25,0.0
2026-08-11T18:15:00+00:00,19994.25,19995.25,19993.0,19994.0,0.0
2026-08-11T18:16:00+00:00,19994.0,19995.0,19992.75,19993.75,0.0
2026-08-11T18:17:00+00:00,19993.75,19994.75,19992.5,19993.5,0.0
2026-08-11T18:18:00+00:00,19993.5,19994.5,19992.25,19993.25,0.0
2026-08-11T18:19:00+00:00,19993.25,19994.25,19992.25,19993.25,0.0
2026-08-11T18:20:00+00:00,19993.25,19994.25,19992.0,19993.0,0.0
2026-08-11T18:21:00+00:00,19993.0,19994.0,19991.75,19992.75,0.0
2026-08-11T18:22:00+00:00,19992.75,19993.75,19991.5,19992.5,0.0
2026-08-11T18:23:00+00:00,19992.5,19993.5,19991.25,19992.25,0.0
2026-08-11T18:24:00+00:00,19992.25,19993.25,19991.0,19992.0,0.0
2026-08-11T18:25:00+00:00,19992.0,19993.0,19990.75,19991.75,0.0
2026-08-11T18:26:00+00:00,19991.75,19992.75,19990.5,19991.5,0.0
2026-08-11T18:27:00+00:00,19991.5,19992.5,19990.25,19991.25,0.0
2026-08-11T18:28:00+00:00,19991.25,19992.25,19990.0,19991.0,0.0
2026-08-11T18:29:00+00:00,19991.0,19992.0,19989.75,19990.75,0.0
2026-08-11T18:30:00+00:00,19990.75,19991.75,19989.5,19990.5,0.0
2026-08-11T18:31:00+00:00,19990.5,19991.5,19989.25,19990.25,0.0
2026-08-11T18:32:00+00:00,19990.25,19991.25,19989.25,19990.25,0.0
2026-08-11T18:33:00+00:00,19990.25,19991.25,19989.0,19990.0,0.0
2026-08-11T18:34:00+00:00,19990.0,19991.0,19988.75,19989.75,0.0
2026-08-11T18:35:00+00:00,19989.75,19990.75,19988.5,19989.5,0.0
2026-08-11T18:36:00+00:00,19989.5,19990.5,19988.25,19989.25,0.0
2026-08-11T18:37:00+00:00,19989.25,19990.25,19988.0,19989.0,0.0
2026-08-11T18:38:00+00:00,19989.0,19990.0,19987.75,19988.75,0.0
2026-08-11T18:39:00+00:00,19988.75,19989.75,19987.5,19988.5,0.0
2026-08-11T18:40:00+00:00,19988.5,19989.5,19987.25,19988.25,0.0
2026-08-11T18:41:00+00:00,19988.25,19989.25,19987.0,19988.0,0.0
2026-08-11T18:42:00+00:00,19988.0,19989.0,19986.75,19987.75,0.0
2026-08-11T18:43:00+00:00,19987.75,19988.75,19986.5,19987.5,0.0
2026-08-11T18:44:00+00:00,19987.5,19988.5,19986.25,19987.25,0.0
2026-08-11T18:45:00+00:00,19987.25,19988.25,19986.0,19987.0,0.0
2026-08-11T18:46:00+00:00,19987.0,19988.0,19986.0,19987.0,0.0
2026-08-11T18:47:00+00:00,19987.0,19988.0,19985.75,19986.75,0.0
2026-08-11T18:48:00+00:00,19986.75,19987.75,19985.5,19986.5,0.0
2026-08-11T18:49:00+00:00,19986.5,19987.5,19985.25,19986.25,0.0
2026-08-11T18:50:00+00:00,19986.25,19987.25,19985.0,19986.0,0.0
2026-08-11T18:51:00+00:00,19986.0,19987.0,19984.75,19985.75,0.0
2026-08-11T18:52:00+00:00,19985.75,19986.75,19984.5,19985.5,0.0
2026-08-11T18:53:00+00:00,19985.5,19986.5,19984.25,19985.25,0.0
2026-08-11T18:54:00+00:00,19985.25,19986.25,19984.0,19985.0,0.0
2026-08-11T18:55:00+00:00,19985.0,19986.0,19983.75,19984.75,0.0
2026-08-11T18:56:00+00:00,19984.75,19985.75,19983.5,19984.5,0.0
2026-08-11T18:57:00+00:00,19984.5,19985.5,19983.25,19984.25,0.0
2026-08-11T18:58:00+00:00,19984.25,19985.25,19983.0,19984.0,0.0
2026-08-11T18:59:00+00:00,19984.0,19985.0,19983.0,19984.0,0.0
2026-08-11T19:00:00+00:00,19984.0,19985.0,19982.75,19983.75,0.0
2026-08-11T19:01:00+00:00,19983.75,19984.75,19982.5,19983.5,0.0
2026-08-11T19:02:00+00:00,19983.5,19984.5,19982.25,19983.25,0.0
2026-08-11T19:03:00+00:00,19983.25,19984.25,19982.0,19983.0,0.0
2026-08-11T19:04:00+00:00,19983.0,19984.0,19981.75,19982.75,0.0
2026-08-11T19:05:00+00:00,19982.75,19983.75,19981.5,19982.5,0.0
2026-08-11T19:06:00+00:00,19982.5,19983.5,19981.25,19982.25,0.0
2026-08-11T19:07:00+00:00,19982.25,19983.25,19981.0,19982.0,0.0
2026-08-11T19:08:00+00:00,19982.0,19983.0,19980.75,19981.75,0.0
2026-08-11T19:09:00+00:00,19981.75,19982.75,19980.5,19981.5,0.0
2026-08-11T19:10:00+00:00,19981.5,19982.5,19980.25,19981.25,0.0
2026-08-11T19:11:00+00:00,19981.25,19982.25,19980.0,19981.0,0.0
2026-08-11T19:12:00+00:00,19981.0,19982.0,19979.75,19980.75,0.0
2026-08-11T19:13:00+00:00,19980.75,19981.75,19979.75,19980.75,0.0
2026-08-11T19:14:00+00:00,19980.75,19981.75,19979.5,19980.5,0.0
2026-08-11T19:15:00+00:00,19980.5,19981.5,19979.25,19980.25,0.0
2026-08-11T19:16:00+00:00,19980.25,19981.25,19979.0,19980.0,0.0
2026-08-11T19:17:00+00:00,19980.0,19981.0,19978.75,19979.75,0.0
2026-08-11T19:18:00+00:00,19979.75,19980.75,19978.5,19979.5,0.0
2026-08-11T19:19:00+00:00,19979.5,19980.5,19978.25,19979.25,0.0
2026-08-11T19:20:00+00:00,19979.25,19980.25,19978.0,19979.0,0.0
2026-08-11T19:21:00+00:00,19979.0,19980.0,19977.75,19978.75,0.0
2026-08-11T19:22:00+00:00,19978.75,19979.75,19977.5,19978.5,0.0
2026-08-11T19:23:00+00:00,19978.5,19979.5,19977.25,19978.25,0.0
2026-08-11T19:24:00+00:00,19978.25,19979.25,19977.0,19978.0,0.0
2026-08-11T19:25:00+00:00,19978.0,19979.0,19976.75,19977.75,0.0
2026-08-11T19:26:00+00:00,19977.75,19978.75,19976.75,19977.75,0.0
2026-08-11T19:27:00+00:00,19977.75,19978.75,19976.5,19977.5,0.0
2026-08-11T19:28:00+00:00,19977.5,19978.5,19976.25,19977.25,0.0
2026-08-11T19:29:00+00:00,19977.25,19978.25,19976.0,19977.0,0.0
2026-08-11T19:30:00+00:00,19977.0,19978.0,19975.75,19976.75,0.0
2026-08-11T19:31:00+00:00,19976.75,19977.75,19975.5,19976.5,0.0
2026-08-11T19:32:00+00:00,19976.5,19977.5,19975.25,19976.25,0.0
2026-08-11T19:33:00+00:00,19976.25,19977.25,19975.0,19976.0,0.0
2026-08-11T19:34:00+00:00,19976.0,19977.0,19974.75,19975.75,0.0
2026-08-11T19:35:00+00:00,19975.75,19976.75,19974.5,19975.5,0.0
2026-08-11T19:36:00+00:00,19975.5,19976.5,19974.25,19975.25,0.0
2026-08-11T19:37:00+00:00,19975.25,19976.25,19974.0,19975.0,0.0
2026-08-11T19:38:00+00:00,19975.0,19976.0,19973.75,19974.75,0.0
2026-08-11T19:39:00+00:00,19974.75,19975.75,19973.75,19974.75,0.0
2026-08-11T19:40:00+00:00,19974.75,19975.75,19973.5,19974.5,0.0
2026-08-11T19:41:00+00:00,19974.5,19975.5,19973.25,19974.25,0.0
2026-08-11T19:42:00+00:00,19974.25,19975.25,19973.0,19974.0,0.0
2026-08-11T19:43:00+00:00,19974.0,19975.0,19972.75,19973.75,0.0
2026-08-11T19:44:00+00:00,19973.75,19974.75,19972.5,19973.5,0.0
2026-08-11T19:45:00+00:00,19973.5,19974.5,19972.25,19973.25,0.0
2026-08-11T19:46:00+00:00,19973.25,19974.25,19972.0,19973.0,0.0
2026-08-11T19:47:00+00:00,19973.0,19974.0,19971.75,19972.75,0.0
2026-08-11T19:48:00+00:00,19972.75,19973.75,19971.5,19972.5,0.0
2026-08-11T19:49:00+00:00,19972.5,19973.5,19971.25,19972.25,0.0
2026-08-11T19:50:00+00:00,19972.25,19973.25,19971.0,19972.0,0.0
2026-08-11T19:51:00+00:00,19972.0,19973.0,19970.75,19971.75,0.0
2026-08-11T19:52:00+00:00,19971.75,19972.75,19970.5,19971.5,0.0
2026-08-11T19:53:00+00:00,19971.5,19972.5,19970.5,19971.5,0.0
2026-08-11T19:54:00+00:00,19971.5,19972.5,19970.25,19971.25,0.0
2026-08-11T19:55:00+00:00,19971.25,19972.25,19970.0,19971.0,0.0
2026-08-11T19:56:00+00:00,19971.0,19972.0,19969.75,19970.75,0.0
2026-08-11T19:57:00+00:00,19970.75,19971.75,19969.5,19970.5,0.0
2026-08-11T19:58:00+00:00,19970.5,19971.5,19969.25,19970.25,0.0
2026-08-11T19:59:00+00:00,19970.25,19971.25,19800.0,19970.0,0.0
2026-08-18T13:30:00+00:00,20060.0,20080.0,20059.0,20060.0,0.0
2026-08-18T13:31:00+00:00,20060.0,20061.0,20058.75,20059.75,0.0
2026-08-18T13:32:00+00:00,20059.75,20060.75,20058.5,20059.5,0.0
2026-08-18T13:33:00+00:00,20059.5,20060.5,20058.25,20059.25,0.0
2026-08-18T13:34:00+00:00,20059.25,20060.25,20058.0,20059.0,0.0
2026-08-18T13:35:00+00:00,20059.0,20060.0,20057.75,20058.75,0.0
2026-08-18T13:36:00+00:00,20058.75,20059.75,20057.5,20058.5,0.0
2026-08-18T13:37:00+00:00,20058.5,20059.5,20057.5,20058.5,0.0
2026-08-18T13:38:00+00:00,20058.5,20059.5,20057.25,20058.25,0.0
2026-08-18T13:39:00+00:00,20058.25,20059.25,20057.0,20058.0,0.0
2026-08-18T13:40:00+00:00,20058.0,20059.0,20056.75,20057.75,0.0
2026-08-18T13:41:00+00:00,20057.75,20058.75,20056.5,20057.5,0.0
2026-08-18T13:42:00+00:00,20057.5,20058.5,20056.25,20057.25,0.0
2026-08-18T13:43:00+00:00,20057.25,20058.25,20056.0,20057.0,0.0
2026-08-18T13:44:00+00:00,20057.0,20058.0,20055.75,20056.75,0.0
2026-08-18T13:45:00+00:00,20056.75,20057.75,20055.5,20056.5,0.0
2026-08-18T13:46:00+00:00,20056.5,20057.5,20055.25,20056.25,0.0
2026-08-18T13:47:00+00:00,20056.25,20057.25,20055.0,20056.0,0.0
2026-08-18T13:48:00+00:00,20056.0,20057.0,20054.75,20055.75,0.0
2026-08-18T13:49:00+00:00,20055.75,20056.75,20054.5,20055.5,0.0
2026-08-18T13:50:00+00:00,20055.5,20056.5,20054.25,20055.25,0.0
2026-08-18T13:51:00+00:00,20055.25,20056.25,20054.25,20055.25,0.0
2026-08-18T13:52:00+00:00,20055.25,20056.25,20054.0,20055.0,0.0
2026-08-18T13:53:00+00:00,20055.0,20056.0,20053.75,20054.75,0.0
2026-08-18T13:54:00+00:00,20054.75,20055.75,20053.5,20054.5,0.0
2026-08-18T13:55:00+00:00,20054.5,20055.5,20053.25,20054.25,0.0
2026-08-18T13:56:00+00:00,20054.25,20055.25,20053.0,20054.0,0.0
2026-08-18T13:57:00+00:00,20054.0,20055.0,20052.75,20053.75,0.0
2026-08-18T13:58:00+00:00,20053.75,20054.75,20052.5,20053.5,0.0
2026-08-18T13:59:00+00:00,20053.5,20054.5,20052.25,20053.25,0.0
2026-08-18T14:00:00+00:00,20053.25,20054.25,20052.0,20053.0,0.0
2026-08-18T14:01:00+00:00,20053.0,20054.0,20051.75,20052.75,0.0
2026-08-18T14:02:00+00:00,20052.75,20053.75,20051.5,20052.5,0.0
2026-08-18T14:03:00+00:00,20052.5,20053.5,20051.25,20052.25,0.0
2026-08-18T14:04:00+00:00,20052.25,20053.25,20051.25,20052.25,0.0
2026-08-18T14:05:00+00:00,20052.25,20053.25,20051.0,20052.0,0.0
2026-08-18T14:06:00+00:00,20052.0,20053.0,20050.75,20051.75,0.0
2026-08-18T14:07:00+00:00,20051.75,20052.75,20050.5,20051.5,0.0
2026-08-18T14:08:00+00:00,20051.5,20052.5,20050.25,20051.25,0.0
2026-08-18T14:09:00+00:00,20051.25,20052.25,20050.0,20051.0,0.0
2026-08-18T14:10:00+00:00,20051.0,20052.0,20049.75,20050.75,0.0
2026-08-18T14:11:00+00:00,20050.75,20051.75,20049.5,20050.5,0.0
2026-08-18T14:12:00+00:00,20050.5,20051.5,20049.25,20050.25,0.0
2026-08-18T14:13:00+00:00,20050.25,20051.25,20049.0,20050.0,0.0
2026-08-18T14:14:00+00:00,20050.0,20051.0,20048.75,20049.75,0.0
2026-08-18T14:15:00+00:00,20049.75,20050.75,20048.5,20049.5,0.0
2026-08-18T14:16:00+00:00,20049.5,20050.5,20048.25,20049.25,0.0
2026-08-18T14:17:00+00:00,20049.25,20050.25,20048.25,20049.25,0.0
2026-08-18T14:18:00+00:00,20049.25,20050.25,20048.0,20049.0,0.0
2026-08-18T14:19:00+00:00,20049.0,20050.0,20047.75,20048.75,0.0
2026-08-18T14:20:00+00:00,20048.75,20049.75,20047.5,20048.5,0.0
2026-08-18T14:21:00+00:00,20048.5,20049.5,20047.25,20048.25,0.0
2026-08-18T14:22:00+00:00,20048.25,20049.25,20047.0,20048.0,0.0
2026-08-18T14:23:00+00:00,20048.0,20049.0,20046.75,20047.75,0.0
2026-08-18T14:24:00+00:00,20047.75,20048.75,20046.5,20047.5,0.0
2026-08-18T14:25:00+00:00,20047.5,20048.5,20046.25,20047.25,0.0
2026-08-18T14:26:00+00:00,20047.25,20048.25,20046.0,20047.0,0.0
2026-08-18T14:27:00+00:00,20047.0,20048.0,20045.75,20046.75,0.0
2026-08-18T14:28:00+00:00,20046.75,20047.75,20045.5,20046.5,0.0
2026-08-18T14:29:00+00:00,20046.5,20047.5,20045.25,20046.25,0.0
2026-08-18T14:30:00+00:00,20046.25,20047.25,20045.0,20046.0,0.0
2026-08-18T14:31:00+00:00,20046.0,20047.0,20045.0,20046.0,0.0
2026-08-18T14:32:00+00:00,20046.0,20047.0,20044.75,20045.75,0.0
2026-08-18T14:33:00+00:00,20045.75,20046.75,20044.5,20045.5,0.0
2026-08-18T14:34:00+00:00,20045.5,20046.5,20044.25,20045.25,0.0
2026-08-18T14:35:00+00:00,20045.25,20046.25,20044.0,20045.0,0.0
2026-08-18T14:36:00+00:00,20045.0,20046.0,20043.75,20044.75,0.0
2026-08-18T14:37:00+00:00,20044.75,20045.75,20043.5,20044.5,0.0
2026-08-18T14:38:00+00:00,20044.5,20045.5,20043.25,20044.25,0.0
2026-08-18T14:39:00+00:00,20044.25,20045.25,20043.0,20044.0,0.0
2026-08-18T14:40:00+00:00,20044.0,20045.0,20042.75,20043.75,0.0
2026-08-18T14:41:00+00:00,20043.75,20044.75,20042.5,20043.5,0.0
2026-08-18T14:42:00+00:00,20043.5,20044.5,20042.25,20043.25,0.0
2026-08-18T14:43:00+00:00,20043.25,20044.25,20042.0,20043.0,0.0
2026-08-18T14:44:00+00:00,20043.0,20044.0,20042.0,20043.0,0.0
2026-08-18T14:45:00+00:00,20043.0,20044.0,20041.75,20042.75,0.0
2026-08-18T14:46:00+00:00,20042.75,20043.75,20041.5,20042.5,0.0
2026-08-18T14:47:00+00:00,20042.5,20043.5,20041.25,20042.25,0.0
2026-08-18T14:48:00+00:00,20042.25,20043.25,20041.0,20042.0,0.0
2026-08-18T14:49:00+00:00,20042.0,20043.0,20040.75,20041.75,0.0
2026-08-18T14:50:00+00:00,20041.75,20042.75,20040.5,20041.5,0.0
2026-08-18T14:51:00+00:00,20041.5,20042.5,20040.25,20041.25,0.0
2026-08-18T14:52:00+00:00,20041.25,20042.25,20040.0,20041.0,0.0
2026-08-18T14:53:00+00:00,20041.0,20042.0,20039.75,20040.75,0.0
2026-08-18T14:54:00+00:00,20040.75,20041.75,20039.5,20040.5,0.0
2026-08-18T14:55:00+00:00,20040.5,20041.5,20039.25,20040.25,0.0
2026-08-18T14:56:00+00:00,20040.25,20041.25,20039.0,20040.0,0.0
2026-08-18T14:57:00+00:00,20040.0,20041.0,20038.75,20039.75,0.0
2026-08-18T14:58:00+00:00,20039.75,20040.75,20038.75,20039.75,0.0
2026-08-18T14:59:00+00:00,20039.75,20040.75,20038.5,20039.5,0.0
2026-08-18T15:00:00+00:00,20039.5,20040.5,20038.25,20039.25,0.0
2026-08-18T15:01:00+00:00,20039.25,20040.25,20038.0,20039.0,0.0
2026-08-18T15:02:00+00:00,20039.0,20040.0,20037.75,20038.75,0.0
2026-08-18T15:03:00+00:00,20038.75,20039.75,20037.5,20038.5,0.0
2026-08-18T15:04:00+00:00,20038.5,20039.5,20037.25,20038.25,0.0
2026-08-18T15:05:00+00:00,20038.25,20039.25,20037.0,20038.0,0.0
2026-08-18T15:06:00+00:00,20038.0,20039.0,20036.75,20037.75,0.0
2026-08-18T15:07:00+00:00,20037.75,20038.75,20036.5,20037.5,0.0
2026-08-18T15:08:00+00:00,20037.5,20038.5,20036.25,20037.25,0.0
2026-08-18T15:09:00+00:00,20037.25,20038.25,20036.0,20037.0,0.0
2026-08-18T15:10:00+00:00,20037.0,20038.0,20035.75,20036.75,0.0
2026-08-18T15:11:00+00:00,20036.75,20037.75,20035.75,20036.75,0.0
2026-08-18T15:12:00+00:00,20036.75,20037.75,20035.5,20036.5,0.0
2026-08-18T15:13:00+00:00,20036.5,20037.5,20035.25,20036.25,0.0
2026-08-18T15:14:00+00:00,20036.25,20037.25,20035.0,20036.0,0.0
2026-08-18T15:15:00+00:00,20036.0,20037.0,20034.75,20035.75,0.0
2026-08-18T15:16:00+00:00,20035.75,20036.75,20034.5,20035.5,0.0
2026-08-18T15:17:00+00:00,20035.5,20036.5,20034.25,20035.25,0.0
2026-08-18T15:18:00+00:00,20035.25,20036.25,20034.0,20035.0,0.0
2026-08-18T15:19:00+00:00,20035.0,20036.0,20033.75,20034.75,0.0
2026-08-18T15:20:00+00:00,20034.75,20035.75,20033.5,20034.5,0.0
2026-08-18T15:21:00+00:00,20034.5,20035.5,20033.25,20034.25,0.0
2026-08-18T15:22:00+00:00,20034.25,20035.25,20033.0,20034.0,0.0
2026-08-18T15:23:00+00:00,20034.0,20035.0,20032.75,20033.75,0.0
2026-08-18T15:24:00+00:00,20033.75,20034.75,20032.5,20033.5,0.0
2026-08-18T15:25:00+00:00,20033.5,20034.5,20032.5,20033.5,0.0
2026-08-18T15:26:00+00:00,20033.5,20034.5,20032.25,20033.25,0.0
2026-08-18T15:27:00+00:00,20033.25,20034.25,20032.0,20033.0,0.0
2026-08-18T15:28:00+00:00,20033.0,20034.0,20031.75,20032.75,0.0
2026-08-18T15:29:00+00:00,20032.75,20033.75,20031.5,20032.5,0.0
2026-08-18T15:30:00+00:00,20032.5,20033.5,20031.25,20032.25,0.0
2026-08-18T15:31:00+00:00,20032.25,20033.25,20031.0,20032.0,0.0
2026-08-18T15:32:00+00:00,20032.0,20033.0,20030.75,20031.75,0.0
2026-08-18T15:33:00+00:00,20031.75,20032.75,20030.5,20031.5,0.0
2026-08-18T15:34:00+00:00,20031.5,20032.5,20030.25,20031.25,0.0
2026-08-18T15:35:00+00:00,20031.25,20032.25,20030.0,20031.0,0.0
2026-08-18T15:36:00+00:00,20031.0,20032.0,20029.75,20030.75,0.0
2026-08-18T15:37:00+00:00,20030.75,20031.75,20029.5,20030.5,0.0
2026-08-18T15:38:00+00:00,20030.5,20031.5,20029.5,20030.5,0.0
2026-08-18T15:39:00+00:00,20030.5,20031.5,20029.25,20030.25,0.0
2026-08-18T15:40:00+00:00,20030.25,20031.25,20029.0,20030.0,0.0
2026-08-18T15:41:00+00:00,20030.0,20031.0,20028.75,20029.75,0.0
2026-08-18T15:42:00+00:00,20029.75,20030.75,20028.5,20029.5,0.0
2026-08-18T15:43:00+00:00,20029.5,20030.5,20028.25,20029.25,0.0
2026-08-18T15:44:00+00:00,20029.25,20030.25,20028.0,20029.0,0.0
2026-08-18T15:45:00+00:00,20029.0,20030.0,20027.75,20028.75,0.0
2026-08-18T15:46:00+00:00,20028.75,20029.75,20027.5,20028.5,0.0
2026-08-18T15:47:00+00:00,20028.5,20029.5,20027.25,20028.25,0.0
2026-08-18T15:48:00+00:00,20028.25,20029.25,20027.0,20028.0,0.0
2026-08-18T15:49:00+00:00,20028.0,20029.0,20026.75,20027.75,0.0
2026-08-18T15:50:00+00:00,20027.75,20028.75,20026.5,20027.5,0.0
2026-08-18T15:51:00+00:00,20027.5,20028.5,20026.5,20027.5,0.0
2026-08-18T15:52:00+00:00,20027.5,20028.5,20026.25,20027.25,0.0
2026-08-18T15:53:00+00:00,20027.25,20028.25,20026.0,20027.0,0.0
2026-08-18T15:54:00+00:00,20027.0,20028.0,20025.75,20026.75,0.0
2026-08-18T15:55:00+00:00,20026.75,20027.75,20025.5,20026.5,0.0
2026-08-18T15:56:00+00:00,20026.5,20027.5,20025.25,20026.25,0.0
2026-08-18T15:57:00+00:00,20026.25,20027.25,20025.0,20026.0,0.0
2026-08-18T15:58:00+00:00,20026.0,20027.0,20024.75,20025.75,0.0
2026-08-18T15:59:00+00:00,20025.75,20026.75,20024.5,20025.5,0.0
2026-08-18T16:00:00+00:00,20025.5,20026.5,20024.25,20025.25,0.0
2026-08-18T16:01:00+00:00,20025.25,20026.25,20024.0,20025.0,0.0
2026-08-18T16:02:00+00:00,20025.0,20026.0,20023.75,20024.75,0.0
2026-08-18T16:03:00+00:00,20024.75,20025.75,20023.5,20024.5,0.0
2026-08-18T16:04:00+00:00,20024.5,20025.5,20023.25,20024.25,0.0
2026-08-18T16:05:00+00:00,20024.25,20025.25,20023.25,20024.25,0.0
2026-08-18T16:06:00+00:00,20024.25,20025.25,20023.0,20024.0,0.0
2026-08-18T16:07:00+00:00,20024.0,20025.0,20022.75,20023.75,0.0
2026-08-18T16:08:00+00:00,20023.75,20024.75,20022.5,20023.5,0.0
2026-08-18T16:09:00+00:00,20023.5,20024.5,20022.25,20023.25,0.0
2026-08-18T16:10:00+00:00,20023.25,20024.25,20022.0,20023.0,0.0
2026-08-18T16:11:00+00:00,20023.0,20024.0,20021.75,20022.75,0.0
2026-08-18T16:12:00+00:00,20022.75,20023.75,20021.5,20022.5,0.0
2026-08-18T16:13:00+00:00,20022.5,20023.5,20021.25,20022.25,0.0
2026-08-18T16:14:00+00:00,20022.25,20023.25,20021.0,20022.0,0.0
2026-08-18T16:15:00+00:00,20022.0,20023.0,20020.75,20021.75,0.0
2026-08-18T16:16:00+00:00,20021.75,20022.75,20020.5,20021.5,0.0
2026-08-18T16:17:00+00:00,20021.5,20022.5,20020.25,20021.25,0.0
2026-08-18T16:18:00+00:00,20021.25,20022.25,20020.25,20021.25,0.0
2026-08-18T16:19:00+00:00,20021.25,20022.25,20020.0,20021.0,0.0
2026-08-18T16:20:00+00:00,20021.0,20022.0,20019.75,20020.75,0.0
2026-08-18T16:21:00+00:00,20020.75,20021.75,20019.5,20020.5,0.0
2026-08-18T16:22:00+00:00,20020.5,20021.5,20019.25,20020.25,0.0
2026-08-18T16:23:00+00:00,20020.25,20021.25,20019.0,20020.0,0.0
2026-08-18T16:24:00+00:00,20020.0,20021.0,20018.75,20019.75,0.0
2026-08-18T16:25:00+00:00,20019.75,20020.75,20018.5,20019.5,0.0
2026-08-18T16:26:00+00:00,20019.5,20020.5,20018.25,20019.25,0.0
2026-08-18T16:27:00+00:00,20019.25,20020.25,20018.0,20019.0,0.0
2026-08-18T16:28:00+00:00,20019.0,20020.0,20017.75,20018.75,0.0
2026-08-18T16:29:00+00:00,20018.75,20019.75,20017.5,20018.5,0.0
2026-08-18T16:30:00+00:00,20018.5,20019.5,20017.25,20018.25,0.0
2026-08-18T16:31:00+00:00,20018.25,20019.25,20017.0,20018.0,0.0
2026-08-18T16:32:00+00:00,20018.0,20019.0,20017.0,20018.0,0.0
2026-08-18T16:33:00+00:00,20018.0,20019.0,20016.75,20017.75,0.0
2026-08-18T16:34:00+00:00,20017.75,20018.75,20016.5,20017.5,0.0
2026-08-18T16:35:00+00:00,20017.5,20018.5,20016.25,20017.25,0.0
2026-08-18T16:36:00+00:00,20017.25,20018.25,20016.0,20017.0,0.0
2026-08-18T16:37:00+00:00,20017.0,20018.0,20015.75,20016.75,0.0
2026-08-18T16:38:00+00:00,20016.75,20017.75,20015.5,20016.5,0.0
2026-08-18T16:39:00+00:00,20016.5,20017.5,20015.25,20016.25,0.0
2026-08-18T16:40:00+00:00,20016.25,20017.25,20015.0,20016.0,0.0
2026-08-18T16:41:00+00:00,20016.0,20017.0,20014.75,20015.75,0.0
2026-08-18T16:42:00+00:00,20015.75,20016.75,20014.5,20015.5,0.0
2026-08-18T16:43:00+00:00,20015.5,20016.5,20014.25,20015.25,0.0
2026-08-18T16:44:00+00:00,20015.25,20016.25,20014.0,20015.0,0.0
2026-08-18T16:45:00+00:00,20015.0,20016.0,20014.0,20015.0,0.0
2026-08-18T16:46:00+00:00,20015.0,20016.0,20013.75,20014.75,0.0
2026-08-18T16:47:00+00:00,20014.75,20015.75,20013.5,20014.5,0.0
2026-08-18T16:48:00+00:00,20014.5,20015.5,20013.25,20014.25,0.0
2026-08-18T16:49:00+00:00,20014.25,20015.25,20013.0,20014.0,0.0
2026-08-18T16:50:00+00:00,20014.0,20015.0,20012.75,20013.75,0.0
2026-08-18T16:51:00+00:00,20013.75,20014.75,20012.5,20013.5,0.0
2026-08-18T16:52:00+00:00,20013.5,20014.5,20012.25,20013.25,0.0
2026-08-18T16:53:00+00:00,20013.25,20014.25,20012.0,20013.0,0.0
2026-08-18T16:54:00+00:00,20013.0,20014.0,20011.75,20012.75,0.0
2026-08-18T16:55:00+00:00,20012.75,20013.75,20011.5,20012.5,0.0
2026-08-18T16:56:00+00:00,20012.5,20013.5,20011.25,20012.25,0.0
2026-08-18T16:57:00+00:00,20012.25,20013.25,20011.0,20012.0,0.0
2026-08-18T16:58:00+00:00,20012.0,20013.0,20011.0,20012.0,0.0
2026-08-18T16:59:00+00:00,20012.0,20013.0,20010.75,20011.75,0.0
2026-08-18T17:00:00+00:00,20011.75,20012.75,20010.5,20011.5,0.0
2026-08-18T17:01:00+00:00,20011.5,20012.5,20010.25,20011.25,0.0
2026-08-18T17:02:00+00:00,20011.25,20012.25,20010.0,20011.0,0.0
2026-08-18T17:03:00+00:00,20011.0,20012.0,20009.75,20010.75,0.0
2026-08-18T17:04:00+00:00,20010.75,20011.75,20009.5,20010.5,0.0
2026-08-18T17:05:00+00:00,20010.5,20011.5,20009.25,20010.25,0.0
2026-08-18T17:06:00+00:00,20010.25,20011.25,20009.0,20010.0,0.0
2026-08-18T17:07:00+00:00,20010.0,20011.0,20008.75,20009.75,0.0
2026-08-18T17:08:00+00:00,20009.75,20010.75,20008.5,20009.5,0.0
2026-08-18T17:09:00+00:00,20009.5,20010.5,20008.25,20009.25,0.0
2026-08-18T17:10:00+00:00,20009.25,20010.25,20008.0,20009.0,0.0
2026-08-18T17:11:00+00:00,20009.0,20010.0,20007.75,20008.75,0.0
2026-08-18T17:12:00+00:00,20008.75,20009.75,20007.75,20008.75,0.0
2026-08-18T17:13:00+00:00,20008.75,20009.75,20007.5,20008.5,0.0
2026-08-18T17:14:00+00:00,20008.5,20009.5,20007.25,20008.25,0.0
2026-08-18T17:15:00+00:00,20008.25,20009.25,20007.0,20008.0,0.0
2026-08-18T17:16:00+00:00,20008.0,20009.0,20006.75,20007.75,0.0
2026-08-18T17:17:00+00:00,20007.75,20008.75,20006.5,20007.5,0.0
2026-08-18T17:18:00+00:00,20007.5,20008.5,20006.25,20007.25,0.0
2026-08-18T17:19:00+00:00,20007.25,20008.25,20006.0,20007.0,0.0
2026-08-18T17:20:00+00:00,20007.0,20008.0,20005.75,20006.75,0.0
2026-08-18T17:21:00+00:00,20006.75,20007.75,20005.5,20006.5,0.0
2026-08-18T17:22:00+00:00,20006.5,20007.5,20005.25,20006.25,0.0
2026-08-18T17:23:00+00:00,20006.25,20007.25,20005.0,20006.0,0.0
2026-08-18T17:24:00+00:00,20006.0,20007.0,20004.75,20005.75,0.0
2026-08-18T17:25:00+00:00,20005.75,20006.75,20004.75,20005.75,0.0
2026-08-18T17:26:00+00:00,20005.75,20006.75,20004.5,20005.5,0.0
2026-08-18T17:27:00+00:00,20005.5,20006.5,20004.25,20005.25,0.0
2026-08-18T17:28:00+00:00,20005.25,20006.25,20004.0,20005.0,0.0
2026-08-18T17:29:00+00:00,20005.0,20006.0,20003.75,20004.75,0.0
2026-08-18T17:30:00+00:00,20004.75,20005.75,20003.5,20004.5,0.0
2026-08-18T17:31:00+00:00,20004.5,20005.5,20003.25,20004.25,0.0
2026-08-18T17:32:00+00:00,20004.25,20005.25,20003.0,20004.0,0.0
2026-08-18T17:33:00+00:00,20004.0,20005.0,20002.75,20003.75,0.0
2026-08-18T17:34:00+00:00,20003.75,20004.75,20002.5,20003.5,0.0
2026-08-18T17:35:00+00:00,20003.5,20004.5,20002.25,20003.25,0.0
2026-08-18T17:36:00+00:00,20003.25,20004.25,20002.0,20003.0,0.0
2026-08-18T17:37:00+00:00,20003.0,20004.0,20001.75,20002.75,0.0
2026-08-18T17:38:00+00:00,20002.75,20003.75,20001.5,20002.5,0.0
2026-08-18T17:39:00+00:00,20002.5,20003.5,20001.5,20002.5,0.0
2026-08-18T17:40:00+00:00,20002.5,20003.5,20001.25,20002.25,0.0
2026-08-18T17:41:00+00:00,20002.25,20003.25,20001.0,20002.0,0.0
2026-08-18T17:42:00+00:00,20002.0,20003.0,20000.75,20001.75,0.0
2026-08-18T17:43:00+00:00,20001.75,20002.75,20000.5,20001.5,0.0
2026-08-18T17:44:00+00:00,20001.5,20002.5,20000.25,20001.25,0.0
2026-08-18T17:45:00+00:00,20001.25,20002.25,20000.0,20001.0,0.0
2026-08-18T17:46:00+00:00,20001.0,20002.0,19999.75,20000.75,0.0
2026-08-18T17:47:00+00:00,20000.75,20001.75,19999.5,20000.5,0.0
2026-08-18T17:48:00+00:00,20000.5,20001.5,19999.25,20000.25,0.0
2026-08-18T17:49:00+00:00,20000.25,20001.25,19999.0,20000.0,0.0
2026-08-18T17:50:00+00:00,20000.0,20001.0,19998.75,19999.75,0.0
2026-08-18T17:51:00+00:00,19999.75,20000.75,19998.5,19999.5,0.0
2026-08-18T17:52:00+00:00,19999.5,20000.5,19998.5,19999.5,0.0
2026-08-18T17:53:00+00:00,19999.5,20000.5,19998.25,19999.25,0.0
2026-08-18T17:54:00+00:00,19999.25,20000.25,19998.0,19999.0,0.0
2026-08-18T17:55:00+00:00,19999.0,20000.0,19997.75,19998.75,0.0
2026-08-18T17:56:00+00:00,19998.75,19999.75,19997.5,19998.5,0.0
2026-08-18T17:57:00+00:00,19998.5,19999.5,19997.25,19998.25,0.0
2026-08-18T17:58:00+00:00,19998.25,19999.25,19997.0,19998.0,0.0
2026-08-18T17:59:00+00:00,19998.0,19999.0,19996.75,19997.75,0.0
2026-08-18T18:00:00+00:00,19997.75,19998.75,19996.5,19997.5,0.0
2026-08-18T18:01:00+00:00,19997.5,19998.5,19996.25,19997.25,0.0
2026-08-18T18:02:00+00:00,19997.25,19998.25,19996.0,19997.0,0.0
2026-08-18T18:03:00+00:00,19997.0,19998.0,19995.75,19996.75,0.0
2026-08-18T18:04:00+00:00,19996.75,19997.75,19995.5,19996.5,0.0
2026-08-18T18:05:00+00:00,19996.5,19997.5,19995.5,19996.5,0.0
2026-08-18T18:06:00+00:00,19996.5,19997.5,19995.25,19996.25,0.0
2026-08-18T18:07:00+00:00,19996.25,19997.25,19995.0,19996.0,0.0
2026-08-18T18:08:00+00:00,19996.0,19997.0,19994.75,19995.75,0.0
2026-08-18T18:09:00+00:00,19995.75,19996.75,19994.5,19995.5,0.0
2026-08-18T18:10:00+00:00,19995.5,19996.5,19994.25,19995.25,0.0
2026-08-18T18:11:00+00:00,19995.25,19996.25,19994.0,19995.0,0.0
2026-08-18T18:12:00+00:00,19995.0,19996.0,19993.75,19994.75,0.0
2026-08-18T18:13:00+00:00,19994.75,19995.75,19993.5,19994.5,0.0
2026-08-18T18:14:00+00:00,19994.5,19995.5,19993.25,19994.25,0.0
2026-08-18T18:15:00+00:00,19994.25,19995.25,19993.0,19994.0,0.0
2026-08-18T18:16:00+00:00,19994.0,19995.0,19992.75,19993.75,0.0
2026-08-18T18:17:00+00:00,19993.75,19994.75,19992.5,19993.5,0.0
2026-08-18T18:18:00+00:00,19993.5,19994.5,19992.25,19993.25,0.0
2026-08-18T18:19:00+00:00,19993.25,19994.25,19992.25,19993.25,0.0
2026-08-18T18:20:00+00:00,19993.25,19994.25,19992.0,19993.0,0.0
2026-08-18T18:21:00+00:00,19993.0,19994.0,19991.75,19992.75,0.0
2026-08-18T18:22:00+00:00,19992.75,19993.75,19991.5,19992.5,0.0
2026-08-18T18:23:00+00:00,19992.5,19993.5,19991.25,19992.25,0.0
2026-08-18T18:24:00+00:00,19992.25,19993.25,19991.0,19992.0,0.0
2026-08-18T18:25:00+00:00,19992.0,19993.0,19990.75,19991.75,0.0
2026-08-18T18:26:00+00:00,19991.75,19992.75,19990.5,19991.5,0.0
2026-08-18T18:27:00+00:00,19991.5,19992.5,19990.25,19991.25,0.0
2026-08-18T18:28:00+00:00,19991.25,19992.25,19990.0,19991.0,0.0
2026-08-18T18:29:00+00:00,19991.0,19992.0,19989.75,19990.75,0.0
2026-08-18T18:30:00+00:00,19990.75,19991.75,19989.5,19990.5,0.0
2026-08-18T18:31:00+00:00,19990.5,19991.5,19989.25,19990.25,0.0
2026-08-18T18:32:00+00:00,19990.25,19991.25,19989.25,19990.25,0.0
2026-08-18T18:33:00+00:00,19990.25,19991.25,19989.0,19990.0,0.0
2026-08-18T18:34:00+00:00,19990.0,19991.0,19988.75,19989.75,0.0
2026-08-18T18:35:00+00:00,19989.75,19990.75,19988.5,19989.5,0.0
2026-08-18T18:36:00+00:00,19989.5,19990.5,19988.25,19989.25,0.0
2026-08-18T18:37:00+00:00,19989.25,19990.25,19988.0,19989.0,0.0
2026-08-18T18:38:00+00:00,19989.0,19990.0,19987.75,19988.75,0.0
2026-08-18T18:39:00+00:00,19988.75,19989.75,19987.5,19988.5,0.0
2026-08-18T18:40:00+00:00,19988.5,19989.5,19987.25,19988.25,0.0
2026-08-18T18:41:00+00:00,19988.25,19989.25,19987.0,19988.0,0.0
2026-08-18T18:42:00+00:00,19988.0,19989.0,19986.75,19987.75,0.0
2026-08-18T18:43:00+00:00,19987.75,19988.75,19986.5,19987.5,0.0
2026-08-18T18:44:00+00:00,19987.5,19988.5,19986.25,19987.25,0.0
2026-08-18T18:45:00+00:00,19987.25,19988.25,19986.0,19987.0,0.0
2026-08-18T18:46:00+00:00,19987.0,19988.0,19986.0,19987.0,0.0
2026-08-18T18:47:00+00:00,19987.0,19988.0,19985.75,19986.75,0.0
2026-08-18T18:48:00+00:00,19986.75,19987.75,19985.5,19986.5,0.0
2026-08-18T18:49:00+00:00,19986.5,19987.5,19985.25,19986.25,0.0
2026-08-18T18:50:00+00:00,19986.25,19987.25,19985.0,19986.0,0.0
2026-08-18T18:51:00+00:00,19986.0,19987.0,19984.75,19985.75,0.0
2026-08-18T18:52:00+00:00,19985.75,19986.75,19984.5,19985.5,0.0
2026-08-18T18:53:00+00:00,19985.5,19986.5,19984.25,19985.25,0.0
2026-08-18T18:54:00+00:00,19985.25,19986.25,19984.0,19985.0,0.0
2026-08-18T18:55:00+00:00,19985.0,19986.0,19983.75,19984.75,0.0
2026-08-18T18:56:00+00:00,19984.75,19985.75,19983.5,19984.5,0.0
2026-08-18T18:57:00+00:00,19984.5,19985.5,19983.25,19984.25,0.0
2026-08-18T18:58:00+00:00,19984.25,19985.25,19983.0,19984.0,0.0
2026-08-18T18:59:00+00:00,19984.0,19985.0,19983.0,19984.0,0.0
2026-08-18T19:00:00+00:00,19984.0,19985.0,19982.75,19983.75,0.0
2026-08-18T19:01:00+00:00,19983.75,19984.75,19982.5,19983.5,0.0
2026-08-18T19:02:00+00:00,19983.5,19984.5,19982.25,19983.25,0.0
2026-08-18T19:03:00+00:00,19983.25,19984.25,19982.0,19983.0,0.0
2026-08-18T19:04:00+00:00,19983.0,19984.0,19981.75,19982.75,0.0
2026-08-18T19:05:00+00:00,19982.75,19983.75,19981.5,19982.5,0.0
2026-08-18T19:06:00+00:00,19982.5,19983.5,19981.25,19982.25,0.0
2026-08-18T19:07:00+00:00,19982.25,19983.25,19981.0,19982.0,0.0
2026-08-18T19:08:00+00:00,19982.0,19983.0,19980.75,19981.75,0.0
2026-08-18T19:09:00+00:00,19981.75,19982.75,19980.5,19981.5,0.0
2026-08-18T19:10:00+00:00,19981.5,19982.5,19980.25,19981.25,0.0
2026-08-18T19:11:00+00:00,19981.25,19982.25,19980.0,19981.0,0.0
2026-08-18T19:12:00+00:00,19981.0,19982.0,19979.75,19980.75,0.0
2026-08-18T19:13:00+00:00,19980.75,19981.75,19979.75,19980.75,0.0
2026-08-18T19:14:00+00:00,19980.75,19981.75,19979.5,19980.5,0.0
2026-08-18T19:15:00+00:00,19980.5,19981.5,19979.25,19980.25,0.0
2026-08-18T19:16:00+00:00,19980.25,19981.25,19979.0,19980.0,0.0
2026-08-18T19:17:00+00:00,19980.0,19981.0,19978.75,19979.75,0.0
2026-08-18T19:18:00+00:00,19979.75,19980.75,19978.5,19979.5,0.0
2026-08-18T19:19:00+00:00,19979.5,19980.5,19978.25,19979.25,0.0
2026-08-18T19:20:00+00:00,19979.25,19980.25,19978.0,19979.0,0.0
2026-08-18T19:21:00+00:00,19979.0,19980.0,19977.75,19978.75,0.0
2026-08-18T19:22:00+00:00,19978.75,19979.75,19977.5,19978.5,0.0
2026-08-18T19:23:00+00:00,19978.5,19979.5,19977.25,19978.25,0.0
2026-08-18T19:24:00+00:00,19978.25,19979.25,19977.0,19978.0,0.0
2026-08-18T19:25:00+00:00,19978.0,19979.0,19976.75,19977.75,0.0
2026-08-18T19:26:00+00:00,19977.75,19978.75,19976.75,19977.75,0.0
2026-08-18T19:27:00+00:00,19977.75,19978.75,19976.5,19977.5,0.0
2026-08-18T19:28:00+00:00,19977.5,19978.5,19976.25,19977.25,0.0
2026-08-18T19:29:00+00:00,19977.25,19978.25,19976.0,19977.0,0.0
2026-08-18T19:30:00+00:00,19977.0,19978.0,19975.75,19976.75,0.0
2026-08-18T19:31:00+00:00,19976.75,19977.75,19975.5,19976.5,0.0
2026-08-18T19:32:00+00:00,19976.5,19977.5,19975.25,19976.25,0.0
2026-08-18T19:33:00+00:00,19976.25,19977.25,19975.0,19976.0,0.0
2026-08-18T19:34:00+00:00,19976.0,19977.0,19974.75,19975.75,0.0
2026-08-18T19:35:00+00:00,19975.75,19976.75,19974.5,19975.5,0.0
2026-08-18T19:36:00+00:00,19975.5,19976.5,19974.25,19975.25,0.0
2026-08-18T19:37:00+00:00,19975.25,19976.25,19974.0,19975.0,0.0
2026-08-18T19:38:00+00:00,19975.0,19976.0,19973.75,19974.75,0.0
2026-08-18T19:39:00+00:00,19974.75,19975.75,19973.75,19974.75,0.0
2026-08-18T19:40:00+00:00,19974.75,19975.75,19973.5,19974.5,0.0
2026-08-18T19:41:00+00:00,19974.5,19975.5,19973.25,19974.25,0.0
2026-08-18T19:42:00+00:00,19974.25,19975.25,19973.0,19974.0,0.0
2026-08-18T19:43:00+00:00,19974.0,19975.0,19972.75,19973.75,0.0
2026-08-18T19:44:00+00:00,19973.75,19974.75,19972.5,19973.5,0.0
2026-08-18T19:45:00+00:00,19973.5,19974.5,19972.25,19973.25,0.0
2026-08-18T19:46:00+00:00,19973.25,19974.25,19972.0,19973.0,0.0
2026-08-18T19:47:00+00:00,19973.0,19974.0,19971.75,19972.75,0.0
2026-08-18T19:48:00+00:00,19972.75,19973.75,19971.5,19972.5,0.0
2026-08-18T19:49:00+00:00,19972.5,19973.5,19971.25,19972.25,0.0
2026-08-18T19:50:00+00:00,19972.25,19973.25,19971.0,19972.0,0.0
2026-08-18T19:51:00+00:00,19972.0,19973.0,19970.75,19971.75,0.0
2026-08-18T19:52:00+00:00,19971.75,19972.75,19970.5,19971.5,0.0
2026-08-18T19:53:00+00:00,19971.5,19972.5,19970.5,19971.5,0.0
2026-08-18T19:54:00+00:00,19971.5,19972.5,19970.25,19971.25,0.0
2026-08-18T19:55:00+00:00,19971.25,19972.25,19970.0,19971.0,0.0
2026-08-18T19:56:00+00:00,19971.0,19972.0,19969.75,19970.75,0.0
2026-08-18T19:57:00+00:00,19970.75,19971.75,19969.5,19970.5,0.0
2026-08-18T19:58:00+00:00,19970.5,19971.5,19969.25,19970.25,0.0
2026-08-18T19:59:00+00:00,19970.25,19971.25,19800.0,19970.0,0.0
2026-08-25T13:30:00+00:00,20060.0,20080.0,20059.0,20060.0,0.0
2026-08-25T13:31:00+00:00,20060.0,20061.0,20058.75,20059.75,0.0
2026-08-25T13:32:00+00:00,20059.75,20060.75,20058.5,20059.5,0.0
2026-08-25T13:33:00+00:00,20059.5,20060.5,20058.25,20059.25,0.0
2026-08-25T13:34:00+00:00,20059.25,20060.25,20058.0,20059.0,0.0
2026-08-25T13:35:00+00:00,20059.0,20060.0,20057.75,20058.75,0.0
2026-08-25T13:36:00+00:00,20058.75,20059.75,20057.5,20058.5,0.0
2026-08-25T13:37:00+00:00,20058.5,20059.5,20057.5,20058.5,0.0
2026-08-25T13:38:00+00:00,20058.5,20059.5,20057.25,20058.25,0.0
2026-08-25T13:39:00+00:00,20058.25,20059.25,20057.0,20058.0,0.0
2026-08-25T13:40:00+00:00,20058.0,20059.0,20056.75,20057.75,0.0
2026-08-25T13:41:00+00:00,20057.75,20058.75,20056.5,20057.5,0.0
2026-08-25T13:42:00+00:00,20057.5,20058.5,20056.25,20057.25,0.0
2026-08-25T13:43:00+00:00,20057.25,20058.25,20056.0,20057.0,0.0
2026-08-25T13:44:00+00:00,20057.0,20058.0,20055.75,20056.75,0.0
2026-08-25T13:45:00+00:00,20056.75,20057.75,20055.5,20056.5,0.0
2026-08-25T13:46:00+00:00,20056.5,20057.5,20055.25,20056.25,0.0
2026-08-25T13:47:00+00:00,20056.25,20057.25,20055.0,20056.0,0.0
2026-08-25T13:48:00+00:00,20056.0,20057.0,20054.75,20055.75,0.0
2026-08-25T13:49:00+00:00,20055.75,20056.75,20054.5,20055.5,0.0
2026-08-25T13:50:00+00:00,20055.5,20056.5,20054.25,20055.25,0.0
2026-08-25T13:51:00+00:00,20055.25,20056.25,20054.25,20055.25,0.0
2026-08-25T13:52:00+00:00,20055.25,20056.25,20054.0,20055.0,0.0
2026-08-25T13:53:00+00:00,20055.0,20056.0,20053.75,20054.75,0.0
2026-08-25T13:54:00+00:00,20054.75,20055.75,20053.5,20054.5,0.0
2026-08-25T13:55:00+00:00,20054.5,20055.5,20053.25,20054.25,0.0
2026-08-25T13:56:00+00:00,20054.25,20055.25,20053.0,20054.0,0.0
2026-08-25T13:57:00+00:00,20054.0,20055.0,20052.75,20053.75,0.0
2026-08-25T13:58:00+00:00,20053.75,20054.75,20052.5,20053.5,0.0
2026-08-25T13:59:00+00:00,20053.5,20054.5,20052.25,20053.25,0.0
2026-08-25T14:00:00+00:00,20053.25,20054.25,20052.0,20053.0,0.0
2026-08-25T14:01:00+00:00,20053.0,20054.0,20051.75,20052.75,0.0
2026-08-25T14:02:00+00:00,20052.75,20053.75,20051.5,20052.5,0.0
2026-08-25T14:03:00+00:00,20052.5,20053.5,20051.25,20052.25,0.0
2026-08-25T14:04:00+00:00,20052.25,20053.25,20051.25,20052.25,0.0
2026-08-25T14:05:00+00:00,20052.25,20053.25,20051.0,20052.0,0.0
2026-08-25T14:06:00+00:00,20052.0,20053.0,20050.75,20051.75,0.0
2026-08-25T14:07:00+00:00,20051.75,20052.75,20050.5,20051.5,0.0
2026-08-25T14:08:00+00:00,20051.5,20052.5,20050.25,20051.25,0.0
2026-08-25T14:09:00+00:00,20051.25,20052.25,20050.0,20051.0,0.0
2026-08-25T14:10:00+00:00,20051.0,20052.0,20049.75,20050.75,0.0
2026-08-25T14:11:00+00:00,20050.75,20051.75,20049.5,20050.5,0.0
2026-08-25T14:12:00+00:00,20050.5,20051.5,20049.25,20050.25,0.0
2026-08-25T14:13:00+00:00,20050.25,20051.25,20049.0,20050.0,0.0
2026-08-25T14:14:00+00:00,20050.0,20051.0,20048.75,20049.75,0.0
2026-08-25T14:15:00+00:00,20049.75,20050.75,20048.5,20049.5,0.0
2026-08-25T14:16:00+00:00,20049.5,20050.5,20048.25,20049.25,0.0
2026-08-25T14:17:00+00:00,20049.25,20050.25,20048.25,20049.25,0.0
2026-08-25T14:18:00+00:00,20049.25,20050.25,20048.0,20049.0,0.0
2026-08-25T14:19:00+00:00,20049.0,20050.0,20047.75,20048.75,0.0
2026-08-25T14:20:00+00:00,20048.75,20049.75,20047.5,20048.5,0.0
2026-08-25T14:21:00+00:00,20048.5,20049.5,20047.25,20048.25,0.0
2026-08-25T14:22:00+00:00,20048.25,20049.25,20047.0,20048.0,0.0
2026-08-25T14:23:00+00:00,20048.0,20049.0,20046.75,20047.75,0.0
2026-08-25T14:24:00+00:00,20047.75,20048.75,20046.5,20047.5,0.0
2026-08-25T14:25:00+00:00,20047.5,20048.5,20046.25,20047.25,0.0
2026-08-25T14:26:00+00:00,20047.25,20048.25,20046.0,20047.0,0.0
2026-08-25T14:27:00+00:00,20047.0,20048.0,20045.75,20046.75,0.0
2026-08-25T14:28:00+00:00,20046.75,20047.75,20045.5,20046.5,0.0
2026-08-25T14:29:00+00:00,20046.5,20047.5,20045.25,20046.25,0.0
2026-08-25T14:30:00+00:00,20046.25,20047.25,20045.0,20046.0,0.0
2026-08-25T14:31:00+00:00,20046.0,20047.0,20045.0,20046.0,0.0
2026-08-25T14:32:00+00:00,20046.0,20047.0,20044.75,20045.75,0.0
2026-08-25T14:33:00+00:00,20045.75,20046.75,20044.5,20045.5,0.0
2026-08-25T14:34:00+00:00,20045.5,20046.5,20044.25,20045.25,0.0
2026-08-25T14:35:00+00:00,20045.25,20046.25,20044.0,20045.0,0.0
2026-08-25T14:36:00+00:00,20045.0,20046.0,20043.75,20044.75,0.0
2026-08-25T14:37:00+00:00,20044.75,20045.75,20043.5,20044.5,0.0
2026-08-25T14:38:00+00:00,20044.5,20045.5,20043.25,20044.25,0.0
2026-08-25T14:39:00+00:00,20044.25,20045.25,20043.0,20044.0,0.0
2026-08-25T14:40:00+00:00,20044.0,20045.0,20042.75,20043.75,0.0
2026-08-25T14:41:00+00:00,20043.75,20044.75,20042.5,20043.5,0.0
2026-08-25T14:42:00+00:00,20043.5,20044.5,20042.25,20043.25,0.0
2026-08-25T14:43:00+00:00,20043.25,20044.25,20042.0,20043.0,0.0
2026-08-25T14:44:00+00:00,20043.0,20044.0,20042.0,20043.0,0.0
2026-08-25T14:45:00+00:00,20043.0,20044.0,20041.75,20042.75,0.0
2026-08-25T14:46:00+00:00,20042.75,20043.75,20041.5,20042.5,0.0
2026-08-25T14:47:00+00:00,20042.5,20043.5,20041.25,20042.25,0.0
2026-08-25T14:48:00+00:00,20042.25,20043.25,20041.0,20042.0,0.0
2026-08-25T14:49:00+00:00,20042.0,20043.0,20040.75,20041.75,0.0
2026-08-25T14:50:00+00:00,20041.75,20042.75,20040.5,20041.5,0.0
2026-08-25T14:51:00+00:00,20041.5,20042.5,20040.25,20041.25,0.0
2026-08-25T14:52:00+00:00,20041.25,20042.25,20040.0,20041.0,0.0
2026-08-25T14:53:00+00:00,20041.0,20042.0,20039.75,20040.75,0.0
2026-08-25T14:54:00+00:00,20040.75,20041.75,20039.5,20040.5,0.0
2026-08-25T14:55:00+00:00,20040.5,20041.5,20039.25,20040.25,0.0
2026-08-25T14:56:00+00:00,20040.25,20041.25,20039.0,20040.0,0.0
2026-08-25T14:57:00+00:00,20040.0,20041.0,20038.75,20039.75,0.0
2026-08-25T14:58:00+00:00,20039.75,20040.75,20038.75,20039.75,0.0
2026-08-25T14:59:00+00:00,20039.75,20040.75,20038.5,20039.5,0.0
2026-08-25T15:00:00+00:00,20039.5,20040.5,20038.25,20039.25,0.0
2026-08-25T15:01:00+00:00,20039.25,20040.25,20038.0,20039.0,0.0
2026-08-25T15:02:00+00:00,20039.0,20040.0,20037.75,20038.75,0.0
2026-08-25T15:03:00+00:00,20038.75,20039.75,20037.5,20038.5,0.0
2026-08-25T15:04:00+00:00,20038.5,20039.5,20037.25,20038.25,0.0
2026-08-25T15:05:00+00:00,20038.25,20039.25,20037.0,20038.0,0.0
2026-08-25T15:06:00+00:00,20038.0,20039.0,20036.75,20037.75,0.0
2026-08-25T15:07:00+00:00,20037.75,20038.75,20036.5,20037.5,0.0
2026-08-25T15:08:00+00:00,20037.5,20038.5,20036.25,20037.25,0.0
2026-08-25T15:09:00+00:00,20037.25,20038.25,20036.0,20037.0,0.0
2026-08-25T15:10:00+00:00,20037.0,20038.0,20035.75,20036.75,0.0
2026-08-25T15:11:00+00:00,20036.75,20037.75,20035.75,20036.75,0.0
2026-08-25T15:12:00+00:00,20036.75,20037.75,20035.5,20036.5,0.0
2026-08-25T15:13:00+00:00,20036.5,20037.5,20035.25,20036.25,0.0
2026-08-25T15:14:00+00:00,20036.25,20037.25,20035.0,20036.0,0.0
2026-08-25T15:15:00+00:00,20036.0,20037.0,20034.75,20035.75,0.0
2026-08-25T15:16:00+00:00,20035.75,20036.75,20034.5,20035.5,0.0
2026-08-25T15:17:00+00:00,20035.5,20036.5,20034.25,20035.25,0.0
2026-08-25T15:18:00+00:00,20035.25,20036.25,20034.0,20035.0,0.0
2026-08-25T15:19:00+00:00,20035.0,20036.0,20033.75,20034.75,0.0
2026-08-25T15:20:00+00:00,20034.75,20035.75,20033.5,20034.5,0.0
2026-08-25T15:21:00+00:00,20034.5,20035.5,20033.25,20034.25,0.0
2026-08-25T15:22:00+00:00,20034.25,20035.25,20033.0,20034.0,0.0
2026-08-25T15:23:00+00:00,20034.0,20035.0,20032.75,20033.75,0.0
2026-08-25T15:24:00+00:00,20033.75,20034.75,20032.5,20033.5,0.0
2026-08-25T15:25:00+00:00,20033.5,20034.5,20032.5,20033.5,0.0
2026-08-25T15:26:00+00:00,20033.5,20034.5,20032.25,20033.25,0.0
2026-08-25T15:27:00+00:00,20033.25,20034.25,20032.0,20033.0,0.0
2026-08-25T15:28:00+00:00,20033.0,20034.0,20031.75,20032.75,0.0
2026-08-25T15:29:00+00:00,20032.75,20033.75,20031.5,20032.5,0.0
2026-08-25T15:30:00+00:00,20032.5,20033.5,20031.25,20032.25,0.0
2026-08-25T15:31:00+00:00,20032.25,20033.25,20031.0,20032.0,0.0
2026-08-25T15:32:00+00:00,20032.0,20033.0,20030.75,20031.75,0.0
2026-08-25T15:33:00+00:00,20031.75,20032.75,20030.5,20031.5,0.0
2026-08-25T15:34:00+00:00,20031.5,20032.5,20030.25,20031.25,0.0
2026-08-25T15:35:00+00:00,20031.25,20032.25,20030.0,20031.0,0.0
2026-08-25T15:36:00+00:00,20031.0,20032.0,20029.75,20030.75,0.0
2026-08-25T15:37:00+00:00,20030.75,20031.75,20029.5,20030.5,0.0
2026-08-25T15:38:00+00:00,20030.5,20031.5,20029.5,20030.5,0.0
2026-08-25T15:39:00+00:00,20030.5,20031.5,20029.25,20030.25,0.0
2026-08-25T15:40:00+00:00,20030.25,20031.25,20029.0,20030.0,0.0
2026-08-25T15:41:00+00:00,20030.0,20031.0,20028.75,20029.75,0.0
2026-08-25T15:42:00+00:00,20029.75,20030.75,20028.5,20029.5,0.0
2026-08-25T15:43:00+00:00,20029.5,20030.5,20028.25,20029.25,0.0
2026-08-25T15:44:00+00:00,20029.25,20030.25,20028.0,20029.0,0.0
2026-08-25T15:45:00+00:00,20029.0,20030.0,20027.75,20028.75,0.0
2026-08-25T15:46:00+00:00,20028.75,20029.75,20027.5,20028.5,0.0
2026-08-25T15:47:00+00:00,20028.5,20029.5,20027.25,20028.25,0.0
2026-08-25T15:48:00+00:00,20028.25,20029.25,20027.0,20028.0,0.0
2026-08-25T15:49:00+00:00,20028.0,20029.0,20026.75,20027.75,0.0
2026-08-25T15:50:00+00:00,20027.75,20028.75,20026.5,20027.5,0.0
2026-08-25T15:51:00+00:00,20027.5,20028.5,20026.5,20027.5,0.0
2026-08-25T15:52:00+00:00,20027.5,20028.5,20026.25,20027.25,0.0
2026-08-25T15:53:00+00:00,20027.25,20028.25,20026.0,20027.0,0.0
2026-08-25T15:54:00+00:00,20027.0,20028.0,20025.75,20026.75,0.0
2026-08-25T15:55:00+00:00,20026.75,20027.75,20025.5,20026.5,0.0
2026-08-25T15:56:00+00:00,20026.5,20027.5,20025.25,20026.25,0.0
2026-08-25T15:57:00+00:00,20026.25,20027.25,20025.0,20026.0,0.0
2026-08-25T15:58:00+00:00,20026.0,20027.0,20024.75,20025.75,0.0
2026-08-25T15:59:00+00:00,20025.75,20026.75,20024.5,20025.5,0.0
2026-08-25T16:00:00+00:00,20025.5,20026.5,20024.25,20025.25,0.0
2026-08-25T16:01:00+00:00,20025.25,20026.25,20024.0,20025.0,0.0
2026-08-25T16:02:00+00:00,20025.0,20026.0,20023.75,20024.75,0.0
2026-08-25T16:03:00+00:00,20024.75,20025.75,20023.5,20024.5,0.0
2026-08-25T16:04:00+00:00,20024.5,20025.5,20023.25,20024.25,0.0
2026-08-25T16:05:00+00:00,20024.25,20025.25,20023.25,20024.25,0.0
2026-08-25T16:06:00+00:00,20024.25,20025.25,20023.0,20024.0,0.0
2026-08-25T16:07:00+00:00,20024.0,20025.0,20022.75,20023.75,0.0
2026-08-25T16:08:00+00:00,20023.75,20024.75,20022.5,20023.5,0.0
2026-08-25T16:09:00+00:00,20023.5,20024.5,20022.25,20023.25,0.0
2026-08-25T16:10:00+00:00,20023.25,20024.25,20022.0,20023.0,0.0
2026-08-25T16:11:00+00:00,20023.0,20024.0,20021.75,20022.75,0.0
2026-08-25T16:12:00+00:00,20022.75,20023.75,20021.5,20022.5,0.0
2026-08-25T16:13:00+00:00,20022.5,20023.5,20021.25,20022.25,0.0
2026-08-25T16:14:00+00:00,20022.25,20023.25,20021.0,20022.0,0.0
2026-08-25T16:15:00+00:00,20022.0,20023.0,20020.75,20021.75,0.0
2026-08-25T16:16:00+00:00,20021.75,20022.75,20020.5,20021.5,0.0
2026-08-25T16:17:00+00:00,20021.5,20022.5,20020.25,20021.25,0.0
2026-08-25T16:18:00+00:00,20021.25,20022.25,20020.25,20021.25,0.0
2026-08-25T16:19:00+00:00,20021.25,20022.25,20020.0,20021.0,0.0
2026-08-25T16:20:00+00:00,20021.0,20022.0,20019.75,20020.75,0.0
2026-08-25T16:21:00+00:00,20020.75,20021.75,20019.5,20020.5,0.0
2026-08-25T16:22:00+00:00,20020.5,20021.5,20019.25,20020.25,0.0
2026-08-25T16:23:00+00:00,20020.25,20021.25,20019.0,20020.0,0.0
2026-08-25T16:24:00+00:00,20020.0,20021.0,20018.75,20019.75,0.0
2026-08-25T16:25:00+00:00,20019.75,20020.75,20018.5,20019.5,0.0
2026-08-25T16:26:00+00:00,20019.5,20020.5,20018.25,20019.25,0.0
2026-08-25T16:27:00+00:00,20019.25,20020.25,20018.0,20019.0,0.0
2026-08-25T16:28:00+00:00,20019.0,20020.0,20017.75,20018.75,0.0
2026-08-25T16:29:00+00:00,20018.75,20019.75,20017.5,20018.5,0.0
2026-08-25T16:30:00+00:00,20018.5,20019.5,20017.25,20018.25,0.0
2026-08-25T16:31:00+00:00,20018.25,20019.25,20017.0,20018.0,0.0
2026-08-25T16:32:00+00:00,20018.0,20019.0,20017.0,20018.0,0.0
2026-08-25T16:33:00+00:00,20018.0,20019.0,20016.75,20017.75,0.0
2026-08-25T16:34:00+00:00,20017.75,20018.75,20016.5,20017.5,0.0
2026-08-25T16:35:00+00:00,20017.5,20018.5,20016.25,20017.25,0.0
2026-08-25T16:36:00+00:00,20017.25,20018.25,20016.0,20017.0,0.0
2026-08-25T16:37:00+00:00,20017.0,20018.0,20015.75,20016.75,0.0
2026-08-25T16:38:00+00:00,20016.75,20017.75,20015.5,20016.5,0.0
2026-08-25T16:39:00+00:00,20016.5,20017.5,20015.25,20016.25,0.0
2026-08-25T16:40:00+00:00,20016.25,20017.25,20015.0,20016.0,0.0
2026-08-25T16:41:00+00:00,20016.0,20017.0,20014.75,20015.75,0.0
2026-08-25T16:42:00+00:00,20015.75,20016.75,20014.5,20015.5,0.0
2026-08-25T16:43:00+00:00,20015.5,20016.5,20014.25,20015.25,0.0
2026-08-25T16:44:00+00:00,20015.25,20016.25,20014.0,20015.0,0.0
2026-08-25T16:45:00+00:00,20015.0,20016.0,20014.0,20015.0,0.0
2026-08-25T16:46:00+00:00,20015.0,20016.0,20013.75,20014.75,0.0
2026-08-25T16:47:00+00:00,20014.75,20015.75,20013.5,20014.5,0.0
2026-08-25T16:48:00+00:00,20014.5,20015.5,20013.25,20014.25,0.0
2026-08-25T16:49:00+00:00,20014.25,20015.25,20013.0,20014.0,0.0
2026-08-25T16:50:00+00:00,20014.0,20015.0,20012.75,20013.75,0.0
2026-08-25T16:51:00+00:00,20013.75,20014.75,20012.5,20013.5,0.0
2026-08-25T16:52:00+00:00,20013.5,20014.5,20012.25,20013.25,0.0
2026-08-25T16:53:00+00:00,20013.25,20014.25,20012.0,20013.0,0.0
2026-08-25T16:54:00+00:00,20013.0,20014.0,20011.75,20012.75,0.0
2026-08-25T16:55:00+00:00,20012.75,20013.75,20011.5,20012.5,0.0
2026-08-25T16:56:00+00:00,20012.5,20013.5,20011.25,20012.25,0.0
2026-08-25T16:57:00+00:00,20012.25,20013.25,20011.0,20012.0,0.0
2026-08-25T16:58:00+00:00,20012.0,20013.0,20011.0,20012.0,0.0
2026-08-25T16:59:00+00:00,20012.0,20013.0,20010.75,20011.75,0.0
2026-08-25T17:00:00+00:00,20011.75,20012.75,20010.5,20011.5,0.0
2026-08-25T17:01:00+00:00,20011.5,20012.5,20010.25,20011.25,0.0
2026-08-25T17:02:00+00:00,20011.25,20012.25,20010.0,20011.0,0.0
2026-08-25T17:03:00+00:00,20011.0,20012.0,20009.75,20010.75,0.0
2026-08-25T17:04:00+00:00,20010.75,20011.75,20009.5,20010.5,0.0
2026-08-25T17:05:00+00:00,20010.5,20011.5,20009.25,20010.25,0.0
2026-08-25T17:06:00+00:00,20010.25,20011.25,20009.0,20010.0,0.0
2026-08-25T17:07:00+00:00,20010.0,20011.0,20008.75,20009.75,0.0
2026-08-25T17:08:00+00:00,20009.75,20010.75,20008.5,20009.5,0.0
2026-08-25T17:09:00+00:00,20009.5,20010.5,20008.25,20009.25,0.0
2026-08-25T17:10:00+00:00,20009.25,20010.25,20008.0,20009.0,0.0
2026-08-25T17:11:00+00:00,20009.0,20010.0,20007.75,20008.75,0.0
2026-08-25T17:12:00+00:00,20008.75,20009.75,20007.75,20008.75,0.0
2026-08-25T17:13:00+00:00,20008.75,20009.75,20007.5,20008.5,0.0
2026-08-25T17:14:00+00:00,20008.5,20009.5,20007.25,20008.25,0.0
2026-08-25T17:15:00+00:00,20008.25,20009.25,20007.0,20008.0,0.0
2026-08-25T17:16:00+00:00,20008.0,20009.0,20006.75,20007.75,0.0
2026-08-25T17:17:00+00:00,20007.75,20008.75,20006.5,20007.5,0.0
2026-08-25T17:18:00+00:00,20007.5,20008.5,20006.25,20007.25,0.0
2026-08-25T17:19:00+00:00,20007.25,20008.25,20006.0,20007.0,0.0
2026-08-25T17:20:00+00:00,20007.0,20008.0,20005.75,20006.75,0.0
2026-08-25T17:21:00+00:00,20006.75,20007.75,20005.5,20006.5,0.0
2026-08-25T17:22:00+00:00,20006.5,20007.5,20005.25,20006.25,0.0
2026-08-25T17:23:00+00:00,20006.25,20007.25,20005.0,20006.0,0.0
2026-08-25T17:24:00+00:00,20006.0,20007.0,20004.75,20005.75,0.0
2026-08-25T17:25:00+00:00,20005.75,20006.75,20004.75,20005.75,0.0
2026-08-25T17:26:00+00:00,20005.75,20006.75,20004.5,20005.5,0.0
2026-08-25T17:27:00+00:00,20005.5,20006.5,20004.25,20005.25,0.0
2026-08-25T17:28:00+00:00,20005.25,20006.25,20004.0,20005.0,0.0
2026-08-25T17:29:00+00:00,20005.0,20006.0,20003.75,20004.75,0.0
2026-08-25T17:30:00+00:00,20004.75,20005.75,20003.5,20004.5,0.0
2026-08-25T17:31:00+00:00,20004.5,20005.5,20003.25,20004.25,0.0
2026-08-25T17:32:00+00:00,20004.25,20005.25,20003.0,20004.0,0.0
2026-08-25T17:33:00+00:00,20004.0,20005.0,20002.75,20003.75,0.0
2026-08-25T17:34:00+00:00,20003.75,20004.75,20002.5,20003.5,0.0
2026-08-25T17:35:00+00:00,20003.5,20004.5,20002.25,20003.25,0.0
2026-08-25T17:36:00+00:00,20003.25,20004.25,20002.0,20003.0,0.0
2026-08-25T17:37:00+00:00,20003.0,20004.0,20001.75,20002.75,0.0
2026-08-25T17:38:00+00:00,20002.75,20003.75,20001.5,20002.5,0.0
2026-08-25T17:39:00+00:00,20002.5,20003.5,20001.5,20002.5,0.0
2026-08-25T17:40:00+00:00,20002.5,20003.5,20001.25,20002.25,0.0
2026-08-25T17:41:00+00:00,20002.25,20003.25,20001.0,20002.0,0.0
2026-08-25T17:42:00+00:00,20002.0,20003.0,20000.75,20001.75,0.0
2026-08-25T17:43:00+00:00,20001.75,20002.75,20000.5,20001.5,0.0
2026-08-25T17:44:00+00:00,20001.5,20002.5,20000.25,20001.25,0.0
2026-08-25T17:45:00+00:00,20001.25,20002.25,20000.0,20001.0,0.0
2026-08-25T17:46:00+00:00,20001.0,20002.0,19999.75,20000.75,0.0
2026-08-25T17:47:00+00:00,20000.75,20001.75,19999.5,20000.5,0.0
2026-08-25T17:48:00+00:00,20000.5,20001.5,19999.25,20000.25,0.0
2026-08-25T17:49:00+00:00,20000.25,20001.25,19999.0,20000.0,0.0
2026-08-25T17:50:00+00:00,20000.0,20001.0,19998.75,19999.75,0.0
2026-08-25T17:51:00+00:00,19999.75,20000.75,19998.5,19999.5,0.0
2026-08-25T17:52:00+00:00,19999.5,20000.5,19998.5,19999.5,0.0
2026-08-25T17:53:00+00:00,19999.5,20000.5,19998.25,19999.25,0.0
2026-08-25T17:54:00+00:00,19999.25,20000.25,19998.0,19999.0,0.0
2026-08-25T17:55:00+00:00,19999.0,20000.0,19997.75,19998.75,0.0
2026-08-25T17:56:00+00:00,19998.75,19999.75,19997.5,19998.5,0.0
2026-08-25T17:57:00+00:00,19998.5,19999.5,19997.25,19998.25,0.0
2026-08-25T17:58:00+00:00,19998.25,19999.25,19997.0,19998.0,0.0
2026-08-25T17:59:00+00:00,19998.0,19999.0,19996.75,19997.75,0.0
2026-08-25T18:00:00+00:00,19997.75,19998.75,19996.5,19997.5,0.0
2026-08-25T18:01:00+00:00,19997.5,19998.5,19996.25,19997.25,0.0
2026-08-25T18:02:00+00:00,19997.25,19998.25,19996.0,19997.0,0.0
2026-08-25T18:03:00+00:00,19997.0,19998.0,19995.75,19996.75,0.0
2026-08-25T18:04:00+00:00,19996.75,19997.75,19995.5,19996.5,0.0
2026-08-25T18:05:00+00:00,19996.5,19997.5,19995.5,19996.5,0.0
2026-08-25T18:06:00+00:00,19996.5,19997.5,19995.25,19996.25,0.0
2026-08-25T18:07:00+00:00,19996.25,19997.25,19995.0,19996.0,0.0
2026-08-25T18:08:00+00:00,19996.0,19997.0,19994.75,19995.75,0.0
2026-08-25T18:09:00+00:00,19995.75,19996.75,19994.5,19995.5,0.0
2026-08-25T18:10:00+00:00,19995.5,19996.5,19994.25,19995.25,0.0
2026-08-25T18:11:00+00:00,19995.25,19996.25,19994.0,19995.0,0.0
2026-08-25T18:12:00+00:00,19995.0,19996.0,19993.75,19994.75,0.0
2026-08-25T18:13:00+00:00,19994.75,19995.75,19993.5,19994.5,0.0
2026-08-25T18:14:00+00:00,19994.5,19995.5,19993.25,19994.25,0.0
2026-08-25T18:15:00+00:00,19994.25,19995.25,19993.0,19994.0,0.0
2026-08-25T18:16:00+00:00,19994.0,19995.0,19992.75,19993.75,0.0
2026-08-25T18:17:00+00:00,19993.75,19994.75,19992.5,19993.5,0.0
2026-08-25T18:18:00+00:00,19993.5,19994.5,19992.25,19993.25,0.0
2026-08-25T18:19:00+00:00,19993.25,19994.25,19992.25,19993.25,0.0
2026-08-25T18:20:00+00:00,19993.25,19994.25,19992.0,19993.0,0.0
2026-08-25T18:21:00+00:00,19993.0,19994.0,19991.75,19992.75,0.0
2026-08-25T18:22:00+00:00,19992.75,19993.75,19991.5,19992.5,0.0
2026-08-25T18:23:00+00:00,19992.5,19993.5,19991.25,19992.25,0.0
2026-08-25T18:24:00+00:00,19992.25,19993.25,19991.0,19992.0,0.0
2026-08-25T18:25:00+00:00,19992.0,19993.0,19990.75,19991.75,0.0
2026-08-25T18:26:00+00:00,19991.75,19992.75,19990.5,19991.5,0.0
2026-08-25T18:27:00+00:00,19991.5,19992.5,19990.25,19991.25,0.0
2026-08-25T18:28:00+00:00,19991.25,19992.25,19990.0,19991.0,0.0
2026-08-25T18:29:00+00:00,19991.0,19992.0,19989.75,19990.75,0.0
2026-08-25T18:30:00+00:00,19990.75,19991.75,19989.5,19990.5,0.0
2026-08-25T18:31:00+00:00,19990.5,19991.5,19989.25,19990.25,0.0
2026-08-25T18:32:00+00:00,19990.25,19991.25,19989.25,19990.25,0.0
2026-08-25T18:33:00+00:00,19990.25,19991.25,19989.0,19990.0,0.0
2026-08-25T18:34:00+00:00,19990.0,19991.0,19988.75,19989.75,0.0
2026-08-25T18:35:00+00:00,19989.75,19990.75,19988.5,19989.5,0.0
2026-08-25T18:36:00+00:00,19989.5,19990.5,19988.25,19989.25,0.0
2026-08-25T18:37:00+00:00,19989.25,19990.25,19988.0,19989.0,0.0
2026-08-25T18:38:00+00:00,19989.0,19990.0,19987.75,19988.75,0.0
2026-08-25T18:39:00+00:00,19988.75,19989.75,19987.5,19988.5,0.0
2026-08-25T18:40:00+00:00,19988.5,19989.5,19987.25,19988.25,0.0
2026-08-25T18:41:00+00:00,19988.25,19989.25,19987.0,19988.0,0.0
2026-08-25T18:42:00+00:00,19988.0,19989.0,19986.75,19987.75,0.0
2026-08-25T18:43:00+00:00,19987.75,19988.75,19986.5,19987.5,0.0
2026-08-25T18:44:00+00:00,19987.5,19988.5,19986.25,19987.25,0.0
2026-08-25T18:45:00+00:00,19987.25,19988.25,19986.0,19987.0,0.0
2026-08-25T18:46:00+00:00,19987.0,19988.0,19986.0,19987.0,0.0
2026-08-25T18:47:00+00:00,19987.0,19988.0,19985.75,19986.75,0.0
2026-08-25T18:48:00+00:00,19986.75,19987.75,19985.5,19986.5,0.0
2026-08-25T18:49:00+00:00,19986.5,19987.5,19985.25,19986.25,0.0
2026-08-25T18:50:00+00:00,19986.25,19987.25,19985.0,19986.0,0.0
2026-08-25T18:51:00+00:00,19986.0,19987.0,19984.75,19985.75,0.0
2026-08-25T18:52:00+00:00,19985.75,19986.75,19984.5,19985.5,0.0
2026-08-25T18:53:00+00:00,19985.5,19986.5,19984.25,19985.25,0.0
2026-08-25T18:54:00+00:00,19985.25,19986.25,19984.0,19985.0,0.0
2026-08-25T18:55:00+00:00,19985.0,19986.0,19983.75,19984.75,0.0
2026-08-25T18:56:00+00:00,19984.75,19985.75,19983.5,19984.5,0.0
2026-08-25T18:57:00+00:00,19984.5,19985.5,19983.25,19984.25,0.0
2026-08-25T18:58:00+00:00,19984.25,19985.25,19983.0,19984.0,0.0
2026-08-25T18:59:00+00:00,19984.0,19985.0,19983.0,19984.0,0.0
2026-08-25T19:00:00+00:00,19984.0,19985.0,19982.75,19983.75,0.0
2026-08-25T19:01:00+00:00,19983.75,19984.75,19982.5,19983.5,0.0
2026-08-25T19:02:00+00:00,19983.5,19984.5,19982.25,19983.25,0.0
2026-08-25T19:03:00+00:00,19983.25,19984.25,19982.0,19983.0,0.0
2026-08-25T19:04:00+00:00,19983.0,19984.0,19981.75,19982.75,0.0
2026-08-25T19:05:00+00:00,19982.75,19983.75,19981.5,19982.5,0.0
2026-08-25T19:06:00+00:00,19982.5,19983.5,19981.25,19982.25,0.0
2026-08-25T19:07:00+00:00,19982.25,19983.25,19981.0,19982.0,0.0
2026-08-25T19:08:00+00:00,19982.0,19983.0,19980.75,19981.75,0.0
2026-08-25T19:09:00+00:00,19981.75,19982.75,19980.5,19981.5,0.0
2026-08-25T19:10:00+00:00,19981.5,19982.5,19980.25,19981.25,0.0
2026-08-25T19:11:00+00:00,19981.25,19982.25,19980.0,19981.0,0.0
2026-08-25T19:12:00+00:00,19981.0,19982.0,19979.75,19980.75,0.0
2026-08-25T19:13:00+00:00,19980.75,19981.75,19979.75,19980.75,0.0
2026-08-25T19:14:00+00:00,19980.75,19981.75,19979.5,19980.5,0.0
2026-08-25T19:15:00+00:00,19980.5,19981.5,19979.25,19980.25,0.0
2026-08-25T19:16:00+00:00,19980.25,19981.25,19979.0,19980.0,0.0
2026-08-25T19:17:00+00:00,19980.0,19981.0,19978.75,19979.75,0.0
2026-08-25T19:18:00+00:00,19979.75,19980.75,19978.5,19979.5,0.0
2026-08-25T19:19:00+00:00,19979.5,19980.5,19978.25,19979.25,0.0
2026-08-25T19:20:00+00:00,19979.25,19980.25,19978.0,19979.0,0.0
2026-08-25T19:21:00+00:00,19979.0,19980.0,19977.75,19978.75,0.0
2026-08-25T19:22:00+00:00,19978.75,19979.75,19977.5,19978.5,0.0
2026-08-25T19:23:00+00:00,19978.5,19979.5,19977.25,19978.25,0.0
2026-08-25T19:24:00+00:00,19978.25,19979.25,19977.0,19978.0,0.0
2026-08-25T19:25:00+00:00,19978.0,19979.0,19976.75,19977.75,0.0
2026-08-25T19:26:00+00:00,19977.75,19978.75,19976.75,19977.75,0.0
2026-08-25T19:27:00+00:00,19977.75,19978.75,19976.5,19977.5,0.0
2026-08-25T19:28:00+00:00,19977.5,19978.5,19976.25,19977.25,0.0
2026-08-25T19:29:00+00:00,19977.25,19978.25,19976.0,19977.0,0.0
2026-08-25T19:30:00+00:00,19977.0,19978.0,19975.75,19976.75,0.0
2026-08-25T19:31:00+00:00,19976.75,19977.75,19975.5,19976.5,0.0
2026-08-25T19:32:00+00:00,19976.5,19977.5,19975.25,19976.25,0.0
2026-08-25T19:33:00+00:00,19976.25,19977.25,19975.0,19976.0,0.0
2026-08-25T19:34:00+00:00,19976.0,19977.0,19974.75,19975.75,0.0
2026-08-25T19:35:00+00:00,19975.75,19976.75,19974.5,19975.5,0.0
2026-08-25T19:36:00+00:00,19975.5,19976.5,19974.25,19975.25,0.0
2026-08-25T19:37:00+00:00,19975.25,19976.25,19974.0,19975.0,0.0
2026-08-25T19:38:00+00:00,19975.0,19976.0,19973.75,19974.75,0.0
2026-08-25T19:39:00+00:00,19974.75,19975.75,19973.75,19974.75,0.0
2026-08-25T19:40:00+00:00,19974.75,19975.75,19973.5,19974.5,0.0
2026-08-25T19:41:00+00:00,19974.5,19975.5,19973.25,19974.25,0.0
2026-08-25T19:42:00+00:00,19974.25,19975.25,19973.0,19974.0,0.0
2026-08-25T19:43:00+00:00,19974.0,19975.0,19972.75,19973.75,0.0
2026-08-25T19:44:00+00:00,19973.75,19974.75,19972.5,19973.5,0.0
2026-08-25T19:45:00+00:00,19973.5,19974.5,19972.25,19973.25,0.0
2026-08-25T19:46:00+00:00,19973.25,19974.25,19972.0,19973.0,0.0
2026-08-25T19:47:00+00:00,19973.0,19974.0,19971.75,19972.75,0.0
2026-08-25T19:48:00+00:00,19972.75,19973.75,19971.5,19972.5,0.0
2026-08-25T19:49:00+00:00,19972.5,19973.5,19971.25,19972.25,0.0
2026-08-25T19:50:00+00:00,19972.25,19973.25,19971.0,19972.0,0.0
2026-08-25T19:51:00+00:00,19972.0,19973.0,19970.75,19971.75,0.0
2026-08-25T19:52:00+00:00,19971.75,19972.75,19970.5,19971.5,0.0
2026-08-25T19:53:00+00:00,19971.5,19972.5,19970.5,19971.5,0.0
2026-08-25T19:54:00+00:00,19971.5,19972.5,19970.25,19971.25,0.0
2026-08-25T19:55:00+00:00,19971.25,19972.25,19970.0,19971.0,0.0
2026-08-25T19:56:00+00:00,19971.0,19972.0,19969.75,19970.75,0.0
2026-08-25T19:57:00+00:00,19970.75,19971.75,19969.5,19970.5,0.0
2026-08-25T19:58:00+00:00,19970.5,19971.5,19969.25,19970.25,0.0
2026-08-25T19:59:00+00:00,19970.25,19971.25,19800.0,19970.0,0.0
2026-09-01T13:30:00+00:00,20060.0,20080.0,20059.0,20060.0,0.0
2026-09-01T13:31:00+00:00,20060.0,20061.0,20058.75,20059.75,0.0
2026-09-01T13:32:00+00:00,20059.75,20060.75,20058.5,20059.5,0.0
2026-09-01T13:33:00+00:00,20059.5,20060.5,20058.25,20059.25,0.0
2026-09-01T13:34:00+00:00,20059.25,20060.25,20058.0,20059.0,0.0
2026-09-01T13:35:00+00:00,20059.0,20060.0,20057.75,20058.75,0.0
2026-09-01T13:36:00+00:00,20058.75,20059.75,20057.5,20058.5,0.0
2026-09-01T13:37:00+00:00,20058.5,20059.5,20057.5,20058.5,0.0
2026-09-01T13:38:00+00:00,20058.5,20059.5,20057.25,20058.25,0.0
2026-09-01T13:39:00+00:00,20058.25,20059.25,20057.0,20058.0,0.0
2026-09-01T13:40:00+00:00,20058.0,20059.0,20056.75,20057.75,0.0
2026-09-01T13:41:00+00:00,20057.75,20058.75,20056.5,20057.5,0.0
2026-09-01T13:42:00+00:00,20057.5,20058.5,20056.25,20057.25,0.0
2026-09-01T13:43:00+00:00,20057.25,20058.25,20056.0,20057.0,0.0
2026-09-01T13:44:00+00:00,20057.0,20058.0,20055.75,20056.75,0.0
2026-09-01T13:45:00+00:00,20056.75,20057.75,20055.5,20056.5,0.0
2026-09-01T13:46:00+00:00,20056.5,20057.5,20055.25,20056.25,0.0
2026-09-01T13:47:00+00:00,20056.25,20057.25,20055.0,20056.0,0.0
2026-09-01T13:48:00+00:00,20056.0,20057.0,20054.75,20055.75,0.0
2026-09-01T13:49:00+00:00,20055.75,20056.75,20054.5,20055.5,0.0
2026-09-01T13:50:00+00:00,20055.5,20056.5,20054.25,20055.25,0.0
2026-09-01T13:51:00+00:00,20055.25,20056.25,20054.25,20055.25,0.0
2026-09-01T13:52:00+00:00,20055.25,20056.25,20054.0,20055.0,0.0
2026-09-01T13:53:00+00:00,20055.0,20056.0,20053.75,20054.75,0.0
2026-09-01T13:54:00+00:00,20054.75,20055.75,20053.5,20054.5,0.0
2026-09-01T13:55:00+00:00,20054.5,20055.5,20053.25,20054.25,0.0
2026-09-01T13:56:00+00:00,20054.25,20055.25,20053.0,20054.0,0.0
2026-09-01T13:57:00+00:00,20054.0,20055.0,20052.75,20053.75,0.0
2026-09-01T13:58:00+00:00,20053.75,20054.75,20052.5,20053.5,0.0
2026-09-01T13:59:00+00:00,20053.5,20054.5,20052.25,20053.25,0.0
2026-09-01T14:00:00+00:00,20053.25,20054.25,20052.0,20053.0,0.0
2026-09-01T14:01:00+00:00,20053.0,20054.0,20051.75,20052.75,0.0
2026-09-01T14:02:00+00:00,20052.75,20053.75,20051.5,20052.5,0.0
2026-09-01T14:03:00+00:00,20052.5,20053.5,20051.25,20052.25,0.0
2026-09-01T14:04:00+00:00,20052.25,20053.25,20051.25,20052.25,0.0
2026-09-01T14:05:00+00:00,20052.25,20053.25,20051.0,20052.0,0.0
2026-09-01T14:06:00+00:00,20052.0,20053.0,20050.75,20051.75,0.0
2026-09-01T14:07:00+00:00,20051.75,20052.75,20050.5,20051.5,0.0
2026-09-01T14:08:00+00:00,20051.5,20052.5,20050.25,20051.25,0.0
2026-09-01T14:09:00+00:00,20051.25,20052.25,20050.0,20051.0,0.0
2026-09-01T14:10:00+00:00,20051.0,20052.0,20049.75,20050.75,0.0
2026-09-01T14:11:00+00:00,20050.75,20051.75,20049.5,20050.5,0.0
2026-09-01T14:12:00+00:00,20050.5,20051.5,20049.25,20050.25,0.0
2026-09-01T14:13:00+00:00,20050.25,20051.25,20049.0,20050.0,0.0
2026-09-01T14:14:00+00:00,20050.0,20051.0,20048.75,20049.75,0.0
2026-09-01T14:15:00+00:00,20049.75,20050.75,20048.5,20049.5,0.0
2026-09-01T14:16:00+00:00,20049.5,20050.5,20048.25,20049.25,0.0
2026-09-01T14:17:00+00:00,20049.25,20050.25,20048.25,20049.25,0.0
2026-09-01T14:18:00+00:00,20049.25,20050.25,20048.0,20049.0,0.0
2026-09-01T14:19:00+00:00,20049.0,20050.0,20047.75,20048.75,0.0
2026-09-01T14:20:00+00:00,20048.75,20049.75,20047.5,20048.5,0.0
2026-09-01T14:21:00+00:00,20048.5,20049.5,20047.25,20048.25,0.0
2026-09-01T14:22:00+00:00,20048.25,20049.25,20047.0,20048.0,0.0
2026-09-01T14:23:00+00:00,20048.0,20049.0,20046.75,20047.75,0.0
2026-09-01T14:24:00+00:00,20047.75,20048.75,20046.5,20047.5,0.0
2026-09-01T14:25:00+00:00,20047.5,20048.5,20046.25,20047.25,0.0
2026-09-01T14:26:00+00:00,20047.25,20048.25,20046.0,20047.0,0.0
2026-09-01T14:27:00+00:00,20047.0,20048.0,20045.75,20046.75,0.0
2026-09-01T14:28:00+00:00,20046.75,20047.75,20045.5,20046.5,0.0
2026-09-01T14:29:00+00:00,20046.5,20047.5,20045.25,20046.25,0.0
2026-09-01T14:30:00+00:00,20046.25,20047.25,20045.0,20046.0,0.0
2026-09-01T14:31:00+00:00,20046.0,20047.0,20045.0,20046.0,0.0
2026-09-01T14:32:00+00:00,20046.0,20047.0,20044.75,20045.75,0.0
2026-09-01T14:33:00+00:00,20045.75,20046.75,20044.5,20045.5,0.0
2026-09-01T14:34:00+00:00,20045.5,20046.5,20044.25,20045.25,0.0
2026-09-01T14:35:00+00:00,20045.25,20046.25,20044.0,20045.0,0.0
2026-09-01T14:36:00+00:00,20045.0,20046.0,20043.75,20044.75,0.0
2026-09-01T14:37:00+00:00,20044.75,20045.75,20043.5,20044.5,0.0
2026-09-01T14:38:00+00:00,20044.5,20045.5,20043.25,20044.25,0.0
2026-09-01T14:39:00+00:00,20044.25,20045.25,20043.0,20044.0,0.0
2026-09-01T14:40:00+00:00,20044.0,20045.0,20042.75,20043.75,0.0
2026-09-01T14:41:00+00:00,20043.75,20044.75,20042.5,20043.5,0.0
2026-09-01T14:42:00+00:00,20043.5,20044.5,20042.25,20043.25,0.0
2026-09-01T14:43:00+00:00,20043.25,20044.25,20042.0,20043.0,0.0
2026-09-01T14:44:00+00:00,20043.0,20044.0,20042.0,20043.0,0.0
2026-09-01T14:45:00+00:00,20043.0,20044.0,20041.75,20042.75,0.0
2026-09-01T14:46:00+00:00,20042.75,20043.75,20041.5,20042.5,0.0
2026-09-01T14:47:00+00:00,20042.5,20043.5,20041.25,20042.25,0.0
2026-09-01T14:48:00+00:00,20042.25,20043.25,20041.0,20042.0,0.0
2026-09-01T14:49:00+00:00,20042.0,20043.0,20040.75,20041.75,0.0
2026-09-01T14:50:00+00:00,20041.75,20042.75,20040.5,20041.5,0.0
2026-09-01T14:51:00+00:00,20041.5,20042.5,20040.25,20041.25,0.0
2026-09-01T14:52:00+00:00,20041.25,20042.25,20040.0,20041.0,0.0
2026-09-01T14:53:00+00:00,20041.0,20042.0,20039.75,20040.75,0.0
2026-09-01T14:54:00+00:00,20040.75,20041.75,20039.5,20040.5,0.0
2026-09-01T14:55:00+00:00,20040.5,20041.5,20039.25,20040.25,0.0
2026-09-01T14:56:00+00:00,20040.25,20041.25,20039.0,20040.0,0.0
2026-09-01T14:57:00+00:00,20040.0,20041.0,20038.75,20039.75,0.0
2026-09-01T14:58:00+00:00,20039.75,20040.75,20038.75,20039.75,0.0
2026-09-01T14:59:00+00:00,20039.75,20040.75,20038.5,20039.5,0.0
2026-09-01T15:00:00+00:00,20039.5,20040.5,20038.25,20039.25,0.0
2026-09-01T15:01:00+00:00,20039.25,20040.25,20038.0,20039.0,0.0
2026-09-01T15:02:00+00:00,20039.0,20040.0,20037.75,20038.75,0.0
2026-09-01T15:03:00+00:00,20038.75,20039.75,20037.5,20038.5,0.0
2026-09-01T15:04:00+00:00,20038.5,20039.5,20037.25,20038.25,0.0
2026-09-01T15:05:00+00:00,20038.25,20039.25,20037.0,20038.0,0.0
2026-09-01T15:06:00+00:00,20038.0,20039.0,20036.75,20037.75,0.0
2026-09-01T15:07:00+00:00,20037.75,20038.75,20036.5,20037.5,0.0
2026-09-01T15:08:00+00:00,20037.5,20038.5,20036.25,20037.25,0.0
2026-09-01T15:09:00+00:00,20037.25,20038.25,20036.0,20037.0,0.0
2026-09-01T15:10:00+00:00,20037.0,20038.0,20035.75,20036.75,0.0
2026-09-01T15:11:00+00:00,20036.75,20037.75,20035.75,20036.75,0.0
2026-09-01T15:12:00+00:00,20036.75,20037.75,20035.5,20036.5,0.0
2026-09-01T15:13:00+00:00,20036.5,20037.5,20035.25,20036.25,0.0
2026-09-01T15:14:00+00:00,20036.25,20037.25,20035.0,20036.0,0.0
2026-09-01T15:15:00+00:00,20036.0,20037.0,20034.75,20035.75,0.0
2026-09-01T15:16:00+00:00,20035.75,20036.75,20034.5,20035.5,0.0
2026-09-01T15:17:00+00:00,20035.5,20036.5,20034.25,20035.25,0.0
2026-09-01T15:18:00+00:00,20035.25,20036.25,20034.0,20035.0,0.0
2026-09-01T15:19:00+00:00,20035.0,20036.0,20033.75,20034.75,0.0
2026-09-01T15:20:00+00:00,20034.75,20035.75,20033.5,20034.5,0.0
2026-09-01T15:21:00+00:00,20034.5,20035.5,20033.25,20034.25,0.0
2026-09-01T15:22:00+00:00,20034.25,20035.25,20033.0,20034.0,0.0
2026-09-01T15:23:00+00:00,20034.0,20035.0,20032.75,20033.75,0.0
2026-09-01T15:24:00+00:00,20033.75,20034.75,20032.5,20033.5,0.0
2026-09-01T15:25:00+00:00,20033.5,20034.5,20032.5,20033.5,0.0
2026-09-01T15:26:00+00:00,20033.5,20034.5,20032.25,20033.25,0.0
2026-09-01T15:27:00+00:00,20033.25,20034.25,20032.0,20033.0,0.0
2026-09-01T15:28:00+00:00,20033.0,20034.0,20031.75,20032.75,0.0
2026-09-01T15:29:00+00:00,20032.75,20033.75,20031.5,20032.5,0.0
2026-09-01T15:30:00+00:00,20032.5,20033.5,20031.25,20032.25,0.0
2026-09-01T15:31:00+00:00,20032.25,20033.25,20031.0,20032.0,0.0
2026-09-01T15:32:00+00:00,20032.0,20033.0,20030.75,20031.75,0.0
2026-09-01T15:33:00+00:00,20031.75,20032.75,20030.5,20031.5,0.0
2026-09-01T15:34:00+00:00,20031.5,20032.5,20030.25,20031.25,0.0
2026-09-01T15:35:00+00:00,20031.25,20032.25,20030.0,20031.0,0.0
2026-09-01T15:36:00+00:00,20031.0,20032.0,20029.75,20030.75,0.0
2026-09-01T15:37:00+00:00,20030.75,20031.75,20029.5,20030.5,0.0
2026-09-01T15:38:00+00:00,20030.5,20031.5,20029.5,20030.5,0.0
2026-09-01T15:39:00+00:00,20030.5,20031.5,20029.25,20030.25,0.0
2026-09-01T15:40:00+00:00,20030.25,20031.25,20029.0,20030.0,0.0
2026-09-01T15:41:00+00:00,20030.0,20031.0,20028.75,20029.75,0.0
2026-09-01T15:42:00+00:00,20029.75,20030.75,20028.5,20029.5,0.0
2026-09-01T15:43:00+00:00,20029.5,20030.5,20028.25,20029.25,0.0
2026-09-01T15:44:00+00:00,20029.25,20030.25,20028.0,20029.0,0.0
2026-09-01T15:45:00+00:00,20029.0,20030.0,20027.75,20028.75,0.0
2026-09-01T15:46:00+00:00,20028.75,20029.75,20027.5,20028.5,0.0
2026-09-01T15:47:00+00:00,20028.5,20029.5,20027.25,20028.25,0.0
2026-09-01T15:48:00+00:00,20028.25,20029.25,20027.0,20028.0,0.0
2026-09-01T15:49:00+00:00,20028.0,20029.0,20026.75,20027.75,0.0
2026-09-01T15:50:00+00:00,20027.75,20028.75,20026.5,20027.5,0.0
2026-09-01T15:51:00+00:00,20027.5,20028.5,20026.5,20027.5,0.0
2026-09-01T15:52:00+00:00,20027.5,20028.5,20026.25,20027.25,0.0
2026-09-01T15:53:00+00:00,20027.25,20028.25,20026.0,20027.0,0.0
2026-09-01T15:54:00+00:00,20027.0,20028.0,20025.75,20026.75,0.0
2026-09-01T15:55:00+00:00,20026.75,20027.75,20025.5,20026.5,0.0
2026-09-01T15:56:00+00:00,20026.5,20027.5,20025.25,20026.25,0.0
2026-09-01T15:57:00+00:00,20026.25,20027.25,20025.0,20026.0,0.0
2026-09-01T15:58:00+00:00,20026.0,20027.0,20024.75,20025.75,0.0
2026-09-01T15:59:00+00:00,20025.75,20026.75,20024.5,20025.5,0.0
2026-09-01T16:00:00+00:00,20025.5,20026.5,20024.25,20025.25,0.0
2026-09-01T16:01:00+00:00,20025.25,20026.25,20024.0,20025.0,0.0
2026-09-01T16:02:00+00:00,20025.0,20026.0,20023.75,20024.75,0.0
2026-09-01T16:03:00+00:00,20024.75,20025.75,20023.5,20024.5,0.0
2026-09-01T16:04:00+00:00,20024.5,20025.5,20023.25,20024.25,0.0
2026-09-01T16:05:00+00:00,20024.25,20025.25,20023.25,20024.25,0.0
2026-09-01T16:06:00+00:00,20024.25,20025.25,20023.0,20024.0,0.0
2026-09-01T16:07:00+00:00,20024.0,20025.0,20022.75,20023.75,0.0
2026-09-01T16:08:00+00:00,20023.75,20024.75,20022.5,20023.5,0.0
2026-09-01T16:09:00+00:00,20023.5,20024.5,20022.25,20023.25,0.0
2026-09-01T16:10:00+00:00,20023.25,20024.25,20022.0,20023.0,0.0
2026-09-01T16:11:00+00:00,20023.0,20024.0,20021.75,20022.75,0.0
2026-09-01T16:12:00+00:00,20022.75,20023.75,20021.5,20022.5,0.0
2026-09-01T16:13:00+00:00,20022.5,20023.5,20021.25,20022.25,0.0
2026-09-01T16:14:00+00:00,20022.25,20023.25,20021.0,20022.0,0.0
2026-09-01T16:15:00+00:00,20022.0,20023.0,20020.75,20021.75,0.0
2026-09-01T16:16:00+00:00,20021.75,20022.75,20020.5,20021.5,0.0
2026-09-01T16:17:00+00:00,20021.5,20022.5,20020.25,20021.25,0.0
2026-09-01T16:18:00+00:00,20021.25,20022.25,20020.25,20021.25,0.0
2026-09-01T16:19:00+00:00,20021.25,20022.25,20020.0,20021.0,0.0
2026-09-01T16:20:00+00:00,20021.0,20022.0,20019.75,20020.75,0.0
2026-09-01T16:21:00+00:00,20020.75,20021.75,20019.5,20020.5,0.0
2026-09-01T16:22:00+00:00,20020.5,20021.5,20019.25,20020.25,0.0
2026-09-01T16:23:00+00:00,20020.25,20021.25,20019.0,20020.0,0.0
2026-09-01T16:24:00+00:00,20020.0,20021.0,20018.75,20019.75,0.0
2026-09-01T16:25:00+00:00,20019.75,20020.75,20018.5,20019.5,0.0
2026-09-01T16:26:00+00:00,20019.5,20020.5,20018.25,20019.25,0.0
2026-09-01T16:27:00+00:00,20019.25,20020.25,20018.0,20019.0,0.0
2026-09-01T16:28:00+00:00,20019.0,20020.0,20017.75,20018.75,0.0
2026-09-01T16:29:00+00:00,20018.75,20019.75,20017.5,20018.5,0.0
2026-09-01T16:30:00+00:00,20018.5,20019.5,20017.25,20018.25,0.0
2026-09-01T16:31:00+00:00,20018.25,20019.25,20017.0,20018.0,0.0
2026-09-01T16:32:00+00:00,20018.0,20019.0,20017.0,20018.0,0.0
2026-09-01T16:33:00+00:00,20018.0,20019.0,20016.75,20017.75,0.0
2026-09-01T16:34:00+00:00,20017.75,20018.75,20016.5,20017.5,0.0
2026-09-01T16:35:00+00:00,20017.5,20018.5,20016.25,20017.25,0.0
2026-09-01T16:36:00+00:00,20017.25,20018.25,20016.0,20017.0,0.0
2026-09-01T16:37:00+00:00,20017.0,20018.0,20015.75,20016.75,0.0
2026-09-01T16:38:00+00:00,20016.75,20017.75,20015.5,20016.5,0.0
2026-09-01T16:39:00+00:00,20016.5,20017.5,20015.25,20016.25,0.0
2026-09-01T16:40:00+00:00,20016.25,20017.25,20015.0,20016.0,0.0
2026-09-01T16:41:00+00:00,20016.0,20017.0,20014.75,20015.75,0.0
2026-09-01T16:42:00+00:00,20015.75,20016.75,20014.5,20015.5,0.0
2026-09-01T16:43:00+00:00,20015.5,20016.5,20014.25,20015.25,0.0
2026-09-01T16:44:00+00:00,20015.25,20016.25,20014.0,20015.0,0.0
2026-09-01T16:45:00+00:00,20015.0,20016.0,20014.0,20015.0,0.0
2026-09-01T16:46:00+00:00,20015.0,20016.0,20013.75,20014.75,0.0
2026-09-01T16:47:00+00:00,20014.75,20015.75,20013.5,20014.5,0.0
2026-09-01T16:48:00+00:00,20014.5,20015.5,20013.25,20014.25,0.0
2026-09-01T16:49:00+00:00,20014.25,20015.25,20013.0,20014.0,0.0
2026-09-01T16:50:00+00:00,20014.0,20015.0,20012.75,20013.75,0.0
2026-09-01T16:51:00+00:00,20013.75,20014.75,20012.5,20013.5,0.0
2026-09-01T16:52:00+00:00,20013.5,20014.5,20012.25,20013.25,0.0
2026-09-01T16:53:00+00:00,20013.25,20014.25,20012.0,20013.0,0.0
2026-09-01T16:54:00+00:00,20013.0,20014.0,20011.75,20012.75,0.0
2026-09-01T16:55:00+00:00,20012.75,20013.75,20011.5,20012.5,0.0
2026-09-01T16:56:00+00:00,20012.5,20013.5,20011.25,20012.25,0.0
2026-09-01T16:57:00+00:00,20012.25,20013.25,20011.0,20012.0,0.0
2026-09-01T16:58:00+00:00,20012.0,20013.0,20011.0,20012.0,0.0
2026-09-01T16:59:00+00:00,20012.0,20013.0,20010.75,20011.75,0.0
2026-09-01T17:00:00+00:00,20011.75,20012.75,20010.5,20011.5,0.0
2026-09-01T17:01:00+00:00,20011.5,20012.5,20010.25,20011.25,0.0
2026-09-01T17:02:00+00:00,20011.25,20012.25,20010.0,20011.0,0.0
2026-09-01T17:03:00+00:00,20011.0,20012.0,20009.75,20010.75,0.0
2026-09-01T17:04:00+00:00,20010.75,20011.75,20009.5,20010.5,0.0
2026-09-01T17:05:00+00:00,20010.5,20011.5,20009.25,20010.25,0.0
2026-09-01T17:06:00+00:00,20010.25,20011.25,20009.0,20010.0,0.0
2026-09-01T17:07:00+00:00,20010.0,20011.0,20008.75,20009.75,0.0
2026-09-01T17:08:00+00:00,20009.75,20010.75,20008.5,20009.5,0.0
2026-09-01T17:09:00+00:00,20009.5,20010.5,20008.25,20009.25,0.0
2026-09-01T17:10:00+00:00,20009.25,20010.25,20008.0,20009.0,0.0
2026-09-01T17:11:00+00:00,20009.0,20010.0,20007.75,20008.75,0.0
2026-09-01T17:12:00+00:00,20008.75,20009.75,20007.75,20008.75,0.0
2026-09-01T17:13:00+00:00,20008.75,20009.75,20007.5,20008.5,0.0
2026-09-01T17:14:00+00:00,20008.5,20009.5,20007.25,20008.25,0.0
2026-09-01T17:15:00+00:00,20008.25,20009.25,20007.0,20008.0,0.0
2026-09-01T17:16:00+00:00,20008.0,20009.0,20006.75,20007.75,0.0
2026-09-01T17:17:00+00:00,20007.75,20008.75,20006.5,20007.5,0.0
2026-09-01T17:18:00+00:00,20007.5,20008.5,20006.25,20007.25,0.0
2026-09-01T17:19:00+00:00,20007.25,20008.25,20006.0,20007.0,0.0
2026-09-01T17:20:00+00:00,20007.0,20008.0,20005.75,20006.75,0.0
2026-09-01T17:21:00+00:00,20006.75,20007.75,20005.5,20006.5,0.0
2026-09-01T17:22:00+00:00,20006.5,20007.5,20005.25,20006.25,0.0
2026-09-01T17:23:00+00:00,20006.25,20007.25,20005.0,20006.0,0.0
2026-09-01T17:24:00+00:00,20006.0,20007.0,20004.75,20005.75,0.0
2026-09-01T17:25:00+00:00,20005.75,20006.75,20004.75,20005.75,0.0
2026-09-01T17:26:00+00:00,20005.75,20006.75,20004.5,20005.5,0.0
2026-09-01T17:27:00+00:00,20005.5,20006.5,20004.25,20005.25,0.0
2026-09-01T17:28:00+00:00,20005.25,20006.25,20004.0,20005.0,0.0
2026-09-01T17:29:00+00:00,20005.0,20006.0,20003.75,20004.75,0.0
2026-09-01T17:30:00+00:00,20004.75,20005.75,20003.5,20004.5,0.0
2026-09-01T17:31:00+00:00,20004.5,20005.5,20003.25,20004.25,0.0
2026-09-01T17:32:00+00:00,20004.25,20005.25,20003.0,20004.0,0.0
2026-09-01T17:33:00+00:00,20004.0,20005.0,20002.75,20003.75,0.0
2026-09-01T17:34:00+00:00,20003.75,20004.75,20002.5,20003.5,0.0
2026-09-01T17:35:00+00:00,20003.5,20004.5,20002.25,20003.25,0.0
2026-09-01T17:36:00+00:00,20003.25,20004.25,20002.0,20003.0,0.0
2026-09-01T17:37:00+00:00,20003.0,20004.0,20001.75,20002.75,0.0
2026-09-01T17:38:00+00:00,20002.75,20003.75,20001.5,20002.5,0.0
2026-09-01T17:39:00+00:00,20002.5,20003.5,20001.5,20002.5,0.0
2026-09-01T17:40:00+00:00,20002.5,20003.5,20001.25,20002.25,0.0
2026-09-01T17:41:00+00:00,20002.25,20003.25,20001.0,20002.0,0.0
2026-09-01T17:42:00+00:00,20002.0,20003.0,20000.75,20001.75,0.0
2026-09-01T17:43:00+00:00,20001.75,20002.75,20000.5,20001.5,0.0
2026-09-01T17:44:00+00:00,20001.5,20002.5,20000.25,20001.25,0.0
2026-09-01T17:45:00+00:00,20001.25,20002.25,20000.0,20001.0,0.0
2026-09-01T17:46:00+00:00,20001.0,20002.0,19999.75,20000.75,0.0
2026-09-01T17:47:00+00:00,20000.75,20001.75,19999.5,20000.5,0.0
2026-09-01T17:48:00+00:00,20000.5,20001.5,19999.25,20000.25,0.0
2026-09-01T17:49:00+00:00,20000.25,20001.25,19999.0,20000.0,0.0
2026-09-01T17:50:00+00:00,20000.0,20001.0,19998.75,19999.75,0.0
2026-09-01T17:51:00+00:00,19999.75,20000.75,19998.5,19999.5,0.0
2026-09-01T17:52:00+00:00,19999.5,20000.5,19998.5,19999.5,0.0
2026-09-01T17:53:00+00:00,19999.5,20000.5,19998.25,19999.25,0.0
2026-09-01T17:54:00+00:00,19999.25,20000.25,19998.0,19999.0,0.0
2026-09-01T17:55:00+00:00,19999.0,20000.0,19997.75,19998.75,0.0
2026-09-01T17:56:00+00:00,19998.75,19999.75,19997.5,19998.5,0.0
2026-09-01T17:57:00+00:00,19998.5,19999.5,19997.25,19998.25,0.0
2026-09-01T17:58:00+00:00,19998.25,19999.25,19997.0,19998.0,0.0
2026-09-01T17:59:00+00:00,19998.0,19999.0,19996.75,19997.75,0.0
2026-09-01T18:00:00+00:00,19997.75,19998.75,19996.5,19997.5,0.0
2026-09-01T18:01:00+00:00,19997.5,19998.5,19996.25,19997.25,0.0
2026-09-01T18:02:00+00:00,19997.25,19998.25,19996.0,19997.0,0.0
2026-09-01T18:03:00+00:00,19997.0,19998.0,19995.75,19996.75,0.0
2026-09-01T18:04:00+00:00,19996.75,19997.75,19995.5,19996.5,0.0
2026-09-01T18:05:00+00:00,19996.5,19997.5,19995.5,19996.5,0.0
2026-09-01T18:06:00+00:00,19996.5,19997.5,19995.25,19996.25,0.0
2026-09-01T18:07:00+00:00,19996.25,19997.25,19995.0,19996.0,0.0
2026-09-01T18:08:00+00:00,19996.0,19997.0,19994.75,19995.75,0.0
2026-09-01T18:09:00+00:00,19995.75,19996.75,19994.5,19995.5,0.0
2026-09-01T18:10:00+00:00,19995.5,19996.5,19994.25,19995.25,0.0
2026-09-01T18:11:00+00:00,19995.25,19996.25,19994.0,19995.0,0.0
2026-09-01T18:12:00+00:00,19995.0,19996.0,19993.75,19994.75,0.0
2026-09-01T18:13:00+00:00,19994.75,19995.75,19993.5,19994.5,0.0
2026-09-01T18:14:00+00:00,19994.5,19995.5,19993.25,19994.25,0.0
2026-09-01T18:15:00+00:00,19994.25,19995.25,19993.0,19994.0,0.0
2026-09-01T18:16:00+00:00,19994.0,19995.0,19992.75,19993.75,0.0
2026-09-01T18:17:00+00:00,19993.75,19994.75,19992.5,19993.5,0.0
2026-09-01T18:18:00+00:00,19993.5,19994.5,19992.25,19993.25,0.0
2026-09-01T18:19:00+00:00,19993.25,19994.25,19992.25,19993.25,0.0
2026-09-01T18:20:00+00:00,19993.25,19994.25,19992.0,19993.0,0.0
2026-09-01T18:21:00+00:00,19993.0,19994.0,19991.75,19992.75,0.0
2026-09-01T18:22:00+00:00,19992.75,19993.75,19991.5,19992.5,0.0
2026-09-01T18:23:00+00:00,19992.5,19993.5,19991.25,19992.25,0.0
2026-09-01T18:24:00+00:00,19992.25,19993.25,19991.0,19992.0,0.0
2026-09-01T18:25:00+00:00,19992.0,19993.0,19990.75,19991.75,0.0
2026-09-01T18:26:00+00:00,19991.75,19992.75,19990.5,19991.5,0.0
2026-09-01T18:27:00+00:00,19991.5,19992.5,19990.25,19991.25,0.0
2026-09-01T18:28:00+00:00,19991.25,19992.25,19990.0,19991.0,0.0
2026-09-01T18:29:00+00:00,19991.0,19992.0,19989.75,19990.75,0.0
2026-09-01T18:30:00+00:00,19990.75,19991.75,19989.5,19990.5,0.0
2026-09-01T18:31:00+00:00,19990.5,19991.5,19989.25,19990.25,0.0
2026-09-01T18:32:00+00:00,19990.25,19991.25,19989.25,19990.25,0.0
2026-09-01T18:33:00+00:00,19990.25,19991.25,19989.0,19990.0,0.0
2026-09-01T18:34:00+00:00,19990.0,19991.0,19988.75,19989.75,0.0
2026-09-01T18:35:00+00:00,19989.75,19990.75,19988.5,19989.5,0.0
2026-09-01T18:36:00+00:00,19989.5,19990.5,19988.25,19989.25,0.0
2026-09-01T18:37:00+00:00,19989.25,19990.25,19988.0,19989.0,0.0
2026-09-01T18:38:00+00:00,19989.0,19990.0,19987.75,19988.75,0.0
2026-09-01T18:39:00+00:00,19988.75,19989.75,19987.5,19988.5,0.0
2026-09-01T18:40:00+00:00,19988.5,19989.5,19987.25,19988.25,0.0
2026-09-01T18:41:00+00:00,19988.25,19989.25,19987.0,19988.0,0.0
2026-09-01T18:42:00+00:00,19988.0,19989.0,19986.75,19987.75,0.0
2026-09-01T18:43:00+00:00,19987.75,19988.75,19986.5,19987.5,0.0
2026-09-01T18:44:00+00:00,19987.5,19988.5,19986.25,19987.25,0.0
2026-09-01T18:45:00+00:00,19987.25,19988.25,19986.0,19987.0,0.0
2026-09-01T18:46:00+00:00,19987.0,19988.0,19986.0,19987.0,0.0
2026-09-01T18:47:00+00:00,19987.0,19988.0,19985.75,19986.75,0.0
2026-09-01T18:48:00+00:00,19986.75,19987.75,19985.5,19986.5,0.0
2026-09-01T18:49:00+00:00,19986.5,19987.5,19985.25,19986.25,0.0
2026-09-01T18:50:00+00:00,19986.25,19987.25,19985.0,19986.0,0.0
2026-09-01T18:51:00+00:00,19986.0,19987.0,19984.75,19985.75,0.0
2026-09-01T18:52:00+00:00,19985.75,19986.75,19984.5,19985.5,0.0
2026-09-01T18:53:00+00:00,19985.5,19986.5,19984.25,19985.25,0.0
2026-09-01T18:54:00+00:00,19985.25,19986.25,19984.0,19985.0,0.0
2026-09-01T18:55:00+00:00,19985.0,19986.0,19983.75,19984.75,0.0
2026-09-01T18:56:00+00:00,19984.75,19985.75,19983.5,19984.5,0.0
2026-09-01T18:57:00+00:00,19984.5,19985.5,19983.25,19984.25,0.0
2026-09-01T18:58:00+00:00,19984.25,19985.25,19983.0,19984.0,0.0
2026-09-01T18:59:00+00:00,19984.0,19985.0,19983.0,19984.0,0.0
2026-09-01T19:00:00+00:00,19984.0,19985.0,19982.75,19983.75,0.0
2026-09-01T19:01:00+00:00,19983.75,19984.75,19982.5,19983.5,0.0
2026-09-01T19:02:00+00:00,19983.5,19984.5,19982.25,19983.25,0.0
2026-09-01T19:03:00+00:00,19983.25,19984.25,19982.0,19983.0,0.0
2026-09-01T19:04:00+00:00,19983.0,19984.0,19981.75,19982.75,0.0
2026-09-01T19:05:00+00:00,19982.75,19983.75,19981.5,19982.5,0.0
2026-09-01T19:06:00+00:00,19982.5,19983.5,19981.25,19982.25,0.0
2026-09-01T19:07:00+00:00,19982.25,19983.25,19981.0,19982.0,0.0
2026-09-01T19:08:00+00:00,19982.0,19983.0,19980.75,19981.75,0.0
2026-09-01T19:09:00+00:00,19981.75,19982.75,19980.5,19981.5,0.0
2026-09-01T19:10:00+00:00,19981.5,19982.5,19980.25,19981.25,0.0
2026-09-01T19:11:00+00:00,19981.25,19982.25,19980.0,19981.0,0.0
2026-09-01T19:12:00+00:00,19981.0,19982.0,19979.75,19980.75,0.0
2026-09-01T19:13:00+00:00,19980.75,19981.75,19979.75,19980.75,0.0
2026-09-01T19:14:00+00:00,19980.75,19981.75,19979.5,19980.5,0.0
2026-09-01T19:15:00+00:00,19980.5,19981.5,19979.25,19980.25,0.0
2026-09-01T19:16:00+00:00,19980.25,19981.25,19979.0,19980.0,0.0
2026-09-01T19:17:00+00:00,19980.0,19981.0,19978.75,19979.75,0.0
2026-09-01T19:18:00+00:00,19979.75,19980.75,19978.5,19979.5,0.0
2026-09-01T19:19:00+00:00,19979.5,19980.5,19978.25,19979.25,0.0
2026-09-01T19:20:00+00:00,19979.25,19980.25,19978.0,19979.0,0.0
2026-09-01T19:21:00+00:00,19979.0,19980.0,19977.75,19978.75,0.0
2026-09-01T19:22:00+00:00,19978.75,19979.75,19977.5,19978.5,0.0
2026-09-01T19:23:00+00:00,19978.5,19979.5,19977.25,19978.25,0.0
2026-09-01T19:24:00+00:00,19978.25,19979.25,19977.0,19978.0,0.0
2026-09-01T19:25:00+00:00,19978.0,19979.0,19976.75,19977.75,0.0
2026-09-01T19:26:00+00:00,19977.75,19978.75,19976.75,19977.75,0.0
2026-09-01T19:27:00+00:00,19977.75,19978.75,19976.5,19977.5,0.0
2026-09-01T19:28:00+00:00,19977.5,19978.5,19976.25,19977.25,0.0
2026-09-01T19:29:00+00:00,19977.25,19978.25,19976.0,19977.0,0.0
2026-09-01T19:30:00+00:00,19977.0,19978.0,19975.75,19976.75,0.0
2026-09-01T19:31:00+00:00,19976.75,19977.75,19975.5,19976.5,0.0
2026-09-01T19:32:00+00:00,19976.5,19977.5,19975.25,19976.25,0.0
2026-09-01T19:33:00+00:00,19976.25,19977.25,19975.0,19976.0,0.0
2026-09-01T19:34:00+00:00,19976.0,19977.0,19974.75,19975.75,0.0
2026-09-01T19:35:00+00:00,19975.75,19976.75,19974.5,19975.5,0.0
2026-09-01T19:36:00+00:00,19975.5,19976.5,19974.25,19975.25,0.0
2026-09-01T19:37:00+00:00,19975.25,19976.25,19974.0,19975.0,0.0
2026-09-01T19:38:00+00:00,19975.0,19976.0,19973.75,19974.75,0.0
2026-09-01T19:39:00+00:00,19974.75,19975.75,19973.75,19974.75,0.0
2026-09-01T19:40:00+00:00,19974.75,19975.75,19973.5,19974.5,0.0
2026-09-01T19:41:00+00:00,19974.5,19975.5,19973.25,19974.25,0.0
2026-09-01T19:42:00+00:00,19974.25,19975.25,19973.0,19974.0,0.0
2026-09-01T19:43:00+00:00,19974.0,19975.0,19972.75,19973.75,0.0
2026-09-01T19:44:00+00:00,19973.75,19974.75,19972.5,19973.5,0.0
2026-09-01T19:45:00+00:00,19973.5,19974.5,19972.25,19973.25,0.0
2026-09-01T19:46:00+00:00,19973.25,19974.25,19972.0,19973.0,0.0
2026-09-01T19:47:00+00:00,19973.0,19974.0,19971.75,19972.75,0.0
2026-09-01T19:48:00+00:00,19972.75,19973.75,19971.5,19972.5,0.0
2026-09-01T19:49:00+00:00,19972.5,19973.5,19971.25,19972.25,0.0
2026-09-01T19:50:00+00:00,19972.25,19973.25,19971.0,19972.0,0.0
2026-09-01T19:51:00+00:00,19972.0,19973.0,19970.75,19971.75,0.0
2026-09-01T19:52:00+00:00,19971.75,19972.75,19970.5,19971.5,0.0
2026-09-01T19:53:00+00:00,19971.5,19972.5,19970.5,19971.5,0.0
2026-09-01T19:54:00+00:00,19971.5,19972.5,19970.25,19971.25,0.0
2026-09-01T19:55:00+00:00,19971.25,19972.25,19970.0,19971.0,0.0
2026-09-01T19:56:00+00:00,19971.0,19972.0,19969.75,19970.75,0.0
2026-09-01T19:57:00+00:00,19970.75,19971.75,19969.5,19970.5,0.0
2026-09-01T19:58:00+00:00,19970.5,19971.5,19969.25,19970.25,0.0
2026-09-01T19:59:00+00:00,19970.25,19971.25,19800.0,19970.0,0.0
2026-09-08T13:30:00+00:00,20060.0,20080.0,20059.0,20060.0,0.0
2026-09-08T13:31:00+00:00,20060.0,20061.0,20058.75,20059.75,0.0
2026-09-08T13:32:00+00:00,20059.75,20060.75,20058.5,20059.5,0.0
2026-09-08T13:33:00+00:00,20059.5,20060.5,20058.25,20059.25,0.0
2026-09-08T13:34:00+00:00,20059.25,20060.25,20058.0,20059.0,0.0
2026-09-08T13:35:00+00:00,20059.0,20060.0,20057.75,20058.75,0.0
2026-09-08T13:36:00+00:00,20058.75,20059.75,20057.5,20058.5,0.0
2026-09-08T13:37:00+00:00,20058.5,20059.5,20057.5,20058.5,0.0
2026-09-08T13:38:00+00:00,20058.5,20059.5,20057.25,20058.25,0.0
2026-09-08T13:39:00+00:00,20058.25,20059.25,20057.0,20058.0,0.0
2026-09-08T13:40:00+00:00,20058.0,20059.0,20056.75,20057.75,0.0
2026-09-08T13:41:00+00:00,20057.75,20058.75,20056.5,20057.5,0.0
2026-09-08T13:42:00+00:00,20057.5,20058.5,20056.25,20057.25,0.0
2026-09-08T13:43:00+00:00,20057.25,20058.25,20056.0,20057.0,0.0
2026-09-08T13:44:00+00:00,20057.0,20058.0,20055.75,20056.75,0.0
2026-09-08T13:45:00+00:00,20056.75,20057.75,20055.5,20056.5,0.0
2026-09-08T13:46:00+00:00,20056.5,20057.5,20055.25,20056.25,0.0
2026-09-08T13:47:00+00:00,20056.25,20057.25,20055.0,20056.0,0.0
2026-09-08T13:48:00+00:00,20056.0,20057.0,20054.75,20055.75,0.0
2026-09-08T13:49:00+00:00,20055.75,20056.75,20054.5,20055.5,0.0
2026-09-08T13:50:00+00:00,20055.5,20056.5,20054.25,20055.25,0.0
2026-09-08T13:51:00+00:00,20055.25,20056.25,20054.25,20055.25,0.0
2026-09-08T13:52:00+00:00,20055.25,20056.25,20054.0,20055.0,0.0
2026-09-08T13:53:00+00:00,20055.0,20056.0,20053.75,20054.75,0.0
2026-09-08T13:54:00+00:00,20054.75,20055.75,20053.5,20054.5,0.0
2026-09-08T13:55:00+00:00,20054.5,20055.5,20053.25,20054.25,0.0
2026-09-08T13:56:00+00:00,20054.25,20055.25,20053.0,20054.0,0.0
2026-09-08T13:57:00+00:00,20054.0,20055.0,20052.75,20053.75,0.0
2026-09-08T13:58:00+00:00,20053.75,20054.75,20052.5,20053.5,0.0
2026-09-08T13:59:00+00:00,20053.5,20054.5,20052.25,20053.25,0.0
2026-09-08T14:00:00+00:00,20053.25,20054.25,20052.0,20053.0,0.0
2026-09-08T14:01:00+00:00,20053.0,20054.0,20051.75,20052.75,0.0
2026-09-08T14:02:00+00:00,20052.75,20053.75,20051.5,20052.5,0.0
2026-09-08T14:03:00+00:00,20052.5,20053.5,20051.25,20052.25,0.0
2026-09-08T14:04:00+00:00,20052.25,20053.25,20051.25,20052.25,0.0
2026-09-08T14:05:00+00:00,20052.25,20053.25,20051.0,20052.0,0.0
2026-09-08T14:06:00+00:00,20052.0,20053.0,20050.75,20051.75,0.0
2026-09-08T14:07:00+00:00,20051.75,20052.75,20050.5,20051.5,0.0
2026-09-08T14:08:00+00:00,20051.5,20052.5,20050.25,20051.25,0.0
2026-09-08T14:09:00+00:00,20051.25,20052.25,20050.0,20051.0,0.0
2026-09-08T14:10:00+00:00,20051.0,20052.0,20049.75,20050.75,0.0
2026-09-08T14:11:00+00:00,20050.75,20051.75,20049.5,20050.5,0.0
2026-09-08T14:12:00+00:00,20050.5,20051.5,20049.25,20050.25,0.0
2026-09-08T14:13:00+00:00,20050.25,20051.25,20049.0,20050.0,0.0
2026-09-08T14:14:00+00:00,20050.0,20051.0,20048.75,20049.75,0.0
2026-09-08T14:15:00+00:00,20049.75,20050.75,20048.5,20049.5,0.0
2026-09-08T14:16:00+00:00,20049.5,20050.5,20048.25,20049.25,0.0
2026-09-08T14:17:00+00:00,20049.25,20050.25,20048.25,20049.25,0.0
2026-09-08T14:18:00+00:00,20049.25,20050.25,20048.0,20049.0,0.0
2026-09-08T14:19:00+00:00,20049.0,20050.0,20047.75,20048.75,0.0
2026-09-08T14:20:00+00:00,20048.75,20049.75,20047.5,20048.5,0.0
2026-09-08T14:21:00+00:00,20048.5,20049.5,20047.25,20048.25,0.0
2026-09-08T14:22:00+00:00,20048.25,20049.25,20047.0,20048.0,0.0
2026-09-08T14:23:00+00:00,20048.0,20049.0,20046.75,20047.75,0.0
2026-09-08T14:24:00+00:00,20047.75,20048.75,20046.5,20047.5,0.0
2026-09-08T14:25:00+00:00,20047.5,20048.5,20046.25,20047.25,0.0
2026-09-08T14:26:00+00:00,20047.25,20048.25,20046.0,20047.0,0.0
2026-09-08T14:27:00+00:00,20047.0,20048.0,20045.75,20046.75,0.0
2026-09-08T14:28:00+00:00,20046.75,20047.75,20045.5,20046.5,0.0
2026-09-08T14:29:00+00:00,20046.5,20047.5,20045.25,20046.25,0.0
2026-09-08T14:30:00+00:00,20046.25,20047.25,20045.0,20046.0,0.0
2026-09-08T14:31:00+00:00,20046.0,20047.0,20045.0,20046.0,0.0
2026-09-08T14:32:00+00:00,20046.0,20047.0,20044.75,20045.75,0.0
2026-09-08T14:33:00+00:00,20045.75,20046.75,20044.5,20045.5,0.0
2026-09-08T14:34:00+00:00,20045.5,20046.5,20044.25,20045.25,0.0
2026-09-08T14:35:00+00:00,20045.25,20046.25,20044.0,20045.0,0.0
2026-09-08T14:36:00+00:00,20045.0,20046.0,20043.75,20044.75,0.0
2026-09-08T14:37:00+00:00,20044.75,20045.75,20043.5,20044.5,0.0
2026-09-08T14:38:00+00:00,20044.5,20045.5,20043.25,20044.25,0.0
2026-09-08T14:39:00+00:00,20044.25,20045.25,20043.0,20044.0,0.0
2026-09-08T14:40:00+00:00,20044.0,20045.0,20042.75,20043.75,0.0
2026-09-08T14:41:00+00:00,20043.75,20044.75,20042.5,20043.5,0.0
2026-09-08T14:42:00+00:00,20043.5,20044.5,20042.25,20043.25,0.0
2026-09-08T14:43:00+00:00,20043.25,20044.25,20042.0,20043.0,0.0
2026-09-08T14:44:00+00:00,20043.0,20044.0,20042.0,20043.0,0.0
2026-09-08T14:45:00+00:00,20043.0,20044.0,20041.75,20042.75,0.0
2026-09-08T14:46:00+00:00,20042.75,20043.75,20041.5,20042.5,0.0
2026-09-08T14:47:00+00:00,20042.5,20043.5,20041.25,20042.25,0.0
2026-09-08T14:48:00+00:00,20042.25,20043.25,20041.0,20042.0,0.0
2026-09-08T14:49:00+00:00,20042.0,20043.0,20040.75,20041.75,0.0
2026-09-08T14:50:00+00:00,20041.75,20042.75,20040.5,20041.5,0.0
2026-09-08T14:51:00+00:00,20041.5,20042.5,20040.25,20041.25,0.0
2026-09-08T14:52:00+00:00,20041.25,20042.25,20040.0,20041.0,0.0
2026-09-08T14:53:00+00:00,20041.0,20042.0,20039.75,20040.75,0.0
2026-09-08T14:54:00+00:00,20040.75,20041.75,20039.5,20040.5,0.0
2026-09-08T14:55:00+00:00,20040.5,20041.5,20039.25,20040.25,0.0
2026-09-08T14:56:00+00:00,20040.25,20041.25,20039.0,20040.0,0.0
2026-09-08T14:57:00+00:00,20040.0,20041.0,20038.75,20039.75,0.0
2026-09-08T14:58:00+00:00,20039.75,20040.75,20038.75,20039.75,0.0
2026-09-08T14:59:00+00:00,20039.75,20040.75,20038.5,20039.5,0.0
2026-09-08T15:00:00+00:00,20039.5,20040.5,20038.25,20039.25,0.0
2026-09-08T15:01:00+00:00,20039.25,20040.25,20038.0,20039.0,0.0
2026-09-08T15:02:00+00:00,20039.0,20040.0,20037.75,20038.75,0.0
2026-09-08T15:03:00+00:00,20038.75,20039.75,20037.5,20038.5,0.0
2026-09-08T15:04:00+00:00,20038.5,20039.5,20037.25,20038.25,0.0
2026-09-08T15:05:00+00:00,20038.25,20039.25,20037.0,20038.0,0.0
2026-09-08T15:06:00+00:00,20038.0,20039.0,20036.75,20037.75,0.0
2026-09-08T15:07:00+00:00,20037.75,20038.75,20036.5,20037.5,0.0
2026-09-08T15:08:00+00:00,20037.5,20038.5,20036.25,20037.25,0.0
2026-09-08T15:09:00+00:00,20037.25,20038.25,20036.0,20037.0,0.0
2026-09-08T15:10:00+00:00,20037.0,20038.0,20035.75,20036.75,0.0
2026-09-08T15:11:00+00:00,20036.75,20037.75,20035.75,20036.75,0.0
2026-09-08T15:12:00+00:00,20036.75,20037.75,20035.5,20036.5,0.0
2026-09-08T15:13:00+00:00,20036.5,20037.5,20035.25,20036.25,0.0
2026-09-08T15:14:00+00:00,20036.25,20037.25,20035.0,20036.0,0.0
2026-09-08T15:15:00+00:00,20036.0,20037.0,20034.75,20035.75,0.0
2026-09-08T15:16:00+00:00,20035.75,20036.75,20034.5,20035.5,0.0
2026-09-08T15:17:00+00:00,20035.5,20036.5,20034.25,20035.25,0.0
2026-09-08T15:18:00+00:00,20035.25,20036.25,20034.0,20035.0,0.0
2026-09-08T15:19:00+00:00,20035.0,20036.0,20033.75,20034.75,0.0
2026-09-08T15:20:00+00:00,20034.75,20035.75,20033.5,20034.5,0.0
2026-09-08T15:21:00+00:00,20034.5,20035.5,20033.25,20034.25,0.0
2026-09-08T15:22:00+00:00,20034.25,20035.25,20033.0,20034.0,0.0
2026-09-08T15:23:00+00:00,20034.0,20035.0,20032.75,20033.75,0.0
2026-09-08T15:24:00+00:00,20033.75,20034.75,20032.5,20033.5,0.0
2026-09-08T15:25:00+00:00,20033.5,20034.5,20032.5,20033.5,0.0
2026-09-08T15:26:00+00:00,20033.5,20034.5,20032.25,20033.25,0.0
2026-09-08T15:27:00+00:00,20033.25,20034.25,20032.0,20033.0,0.0
2026-09-08T15:28:00+00:00,20033.0,20034.0,20031.75,20032.75,0.0
2026-09-08T15:29:00+00:00,20032.75,20033.75,20031.5,20032.5,0.0
2026-09-08T15:30:00+00:00,20032.5,20033.5,20031.25,20032.25,0.0
2026-09-08T15:31:00+00:00,20032.25,20033.25,20031.0,20032.0,0.0
2026-09-08T15:32:00+00:00,20032.0,20033.0,20030.75,20031.75,0.0
2026-09-08T15:33:00+00:00,20031.75,20032.75,20030.5,20031.5,0.0
2026-09-08T15:34:00+00:00,20031.5,20032.5,20030.25,20031.25,0.0
2026-09-08T15:35:00+00:00,20031.25,20032.25,20030.0,20031.0,0.0
2026-09-08T15:36:00+00:00,20031.0,20032.0,20029.75,20030.75,0.0
2026-09-08T15:37:00+00:00,20030.75,20031.75,20029.5,20030.5,0.0
2026-09-08T15:38:00+00:00,20030.5,20031.5,20029.5,20030.5,0.0
2026-09-08T15:39:00+00:00,20030.5,20031.5,20029.25,20030.25,0.0
2026-09-08T15:40:00+00:00,20030.25,20031.25,20029.0,20030.0,0.0
2026-09-08T15:41:00+00:00,20030.0,20031.0,20028.75,20029.75,0.0
2026-09-08T15:42:00+00:00,20029.75,20030.75,20028.5,20029.5,0.0
2026-09-08T15:43:00+00:00,20029.5,20030.5,20028.25,20029.25,0.0
2026-09-08T15:44:00+00:00,20029.25,20030.25,20028.0,20029.0,0.0
2026-09-08T15:45:00+00:00,20029.0,20030.0,20027.75,20028.75,0.0
2026-09-08T15:46:00+00:00,20028.75,20029.75,20027.5,20028.5,0.0
2026-09-08T15:47:00+00:00,20028.5,20029.5,20027.25,20028.25,0.0
2026-09-08T15:48:00+00:00,20028.25,20029.25,20027.0,20028.0,0.0
2026-09-08T15:49:00+00:00,20028.0,20029.0,20026.75,20027.75,0.0
2026-09-08T15:50:00+00:00,20027.75,20028.75,20026.5,20027.5,0.0
2026-09-08T15:51:00+00:00,20027.5,20028.5,20026.5,20027.5,0.0
2026-09-08T15:52:00+00:00,20027.5,20028.5,20026.25,20027.25,0.0
2026-09-08T15:53:00+00:00,20027.25,20028.25,20026.0,20027.0,0.0
2026-09-08T15:54:00+00:00,20027.0,20028.0,20025.75,20026.75,0.0
2026-09-08T15:55:00+00:00,20026.75,20027.75,20025.5,20026.5,0.0
2026-09-08T15:56:00+00:00,20026.5,20027.5,20025.25,20026.25,0.0
2026-09-08T15:57:00+00:00,20026.25,20027.25,20025.0,20026.0,0.0
2026-09-08T15:58:00+00:00,20026.0,20027.0,20024.75,20025.75,0.0
2026-09-08T15:59:00+00:00,20025.75,20026.75,20024.5,20025.5,0.0
2026-09-08T16:00:00+00:00,20025.5,20026.5,20024.25,20025.25,0.0
2026-09-08T16:01:00+00:00,20025.25,20026.25,20024.0,20025.0,0.0
2026-09-08T16:02:00+00:00,20025.0,20026.0,20023.75,20024.75,0.0
2026-09-08T16:03:00+00:00,20024.75,20025.75,20023.5,20024.5,0.0
2026-09-08T16:04:00+00:00,20024.5,20025.5,20023.25,20024.25,0.0
2026-09-08T16:05:00+00:00,20024.25,20025.25,20023.25,20024.25,0.0
2026-09-08T16:06:00+00:00,20024.25,20025.25,20023.0,20024.0,0.0
2026-09-08T16:07:00+00:00,20024.0,20025.0,20022.75,20023.75,0.0
2026-09-08T16:08:00+00:00,20023.75,20024.75,20022.5,20023.5,0.0
2026-09-08T16:09:00+00:00,20023.5,20024.5,20022.25,20023.25,0.0
2026-09-08T16:10:00+00:00,20023.25,20024.25,20022.0,20023.0,0.0
2026-09-08T16:11:00+00:00,20023.0,20024.0,20021.75,20022.75,0.0
2026-09-08T16:12:00+00:00,20022.75,20023.75,20021.5,20022.5,0.0
2026-09-08T16:13:00+00:00,20022.5,20023.5,20021.25,20022.25,0.0
2026-09-08T16:14:00+00:00,20022.25,20023.25,20021.0,20022.0,0.0
2026-09-08T16:15:00+00:00,20022.0,20023.0,20020.75,20021.75,0.0
2026-09-08T16:16:00+00:00,20021.75,20022.75,20020.5,20021.5,0.0
2026-09-08T16:17:00+00:00,20021.5,20022.5,20020.25,20021.25,0.0
2026-09-08T16:18:00+00:00,20021.25,20022.25,20020.25,20021.25,0.0
2026-09-08T16:19:00+00:00,20021.25,20022.25,20020.0,20021.0,0.0
2026-09-08T16:20:00+00:00,20021.0,20022.0,20019.75,20020.75,0.0
2026-09-08T16:21:00+00:00,20020.75,20021.75,20019.5,20020.5,0.0
2026-09-08T16:22:00+00:00,20020.5,20021.5,20019.25,20020.25,0.0
2026-09-08T16:23:00+00:00,20020.25,20021.25,20019.0,20020.0,0.0
2026-09-08T16:24:00+00:00,20020.0,20021.0,20018.75,20019.75,0.0
2026-09-08T16:25:00+00:00,20019.75,20020.75,20018.5,20019.5,0.0
2026-09-08T16:26:00+00:00,20019.5,20020.5,20018.25,20019.25,0.0
2026-09-08T16:27:00+00:00,20019.25,20020.25,20018.0,20019.0,0.0
2026-09-08T16:28:00+00:00,20019.0,20020.0,20017.75,20018.75,0.0
2026-09-08T16:29:00+00:00,20018.75,20019.75,20017.5,20018.5,0.0
2026-09-08T16:30:00+00:00,20018.5,20019.5,20017.25,20018.25,0.0
2026-09-08T16:31:00+00:00,20018.25,20019.25,20017.0,20018.0,0.0
2026-09-08T16:32:00+00:00,20018.0,20019.0,20017.0,20018.0,0.0
2026-09-08T16:33:00+00:00,20018.0,20019.0,20016.75,20017.75,0.0
2026-09-08T16:34:00+00:00,20017.75,20018.75,20016.5,20017.5,0.0
2026-09-08T16:35:00+00:00,20017.5,20018.5,20016.25,20017.25,0.0
2026-09-08T16:36:00+00:00,20017.25,20018.25,20016.0,20017.0,0.0
2026-09-08T16:37:00+00:00,20017.0,20018.0,20015.75,20016.75,0.0
2026-09-08T16:38:00+00:00,20016.75,20017.75,20015.5,20016.5,0.0
2026-09-08T16:39:00+00:00,20016.5,20017.5,20015.25,20016.25,0.0
2026-09-08T16:40:00+00:00,20016.25,20017.25,20015.0,20016.0,0.0
2026-09-08T16:41:00+00:00,20016.0,20017.0,20014.75,20015.75,0.0
2026-09-08T16:42:00+00:00,20015.75,20016.75,20014.5,20015.5,0.0
2026-09-08T16:43:00+00:00,20015.5,20016.5,20014.25,20015.25,0.0
2026-09-08T16:44:00+00:00,20015.25,20016.25,20014.0,20015.0,0.0
2026-09-08T16:45:00+00:00,20015.0,20016.0,20014.0,20015.0,0.0
2026-09-08T16:46:00+00:00,20015.0,20016.0,20013.75,20014.75,0.0
2026-09-08T16:47:00+00:00,20014.75,20015.75,20013.5,20014.5,0.0
2026-09-08T16:48:00+00:00,20014.5,20015.5,20013.25,20014.25,0.0
2026-09-08T16:49:00+00:00,20014.25,20015.25,20013.0,20014.0,0.0
2026-09-08T16:50:00+00:00,20014.0,20015.0,20012.75,20013.75,0.0
2026-09-08T16:51:00+00:00,20013.75,20014.75,20012.5,20013.5,0.0
2026-09-08T16:52:00+00:00,20013.5,20014.5,20012.25,20013.25,0.0
2026-09-08T16:53:00+00:00,20013.25,20014.25,20012.0,20013.0,0.0
2026-09-08T16:54:00+00:00,20013.0,20014.0,20011.75,20012.75,0.0
2026-09-08T16:55:00+00:00,20012.75,20013.75,20011.5,20012.5,0.0
2026-09-08T16:56:00+00:00,20012.5,20013.5,20011.25,20012.25,0.0
2026-09-08T16:57:00+00:00,20012.25,20013.25,20011.0,20012.0,0.0
2026-09-08T16:58:00+00:00,20012.0,20013.0,20011.0,20012.0,0.0
2026-09-08T16:59:00+00:00,20012.0,20013.0,20010.75,20011.75,0.0
2026-09-08T17:00:00+00:00,20011.75,20012.75,20010.5,20011.5,0.0
2026-09-08T17:01:00+00:00,20011.5,20012.5,20010.25,20011.25,0.0
2026-09-08T17:02:00+00:00,20011.25,20012.25,20010.0,20011.0,0.0
2026-09-08T17:03:00+00:00,20011.0,20012.0,20009.75,20010.75,0.0
2026-09-08T17:04:00+00:00,20010.75,20011.75,20009.5,20010.5,0.0
2026-09-08T17:05:00+00:00,20010.5,20011.5,20009.25,20010.25,0.0
2026-09-08T17:06:00+00:00,20010.25,20011.25,20009.0,20010.0,0.0
2026-09-08T17:07:00+00:00,20010.0,20011.0,20008.75,20009.75,0.0
2026-09-08T17:08:00+00:00,20009.75,20010.75,20008.5,20009.5,0.0
2026-09-08T17:09:00+00:00,20009.5,20010.5,20008.25,20009.25,0.0
2026-09-08T17:10:00+00:00,20009.25,20010.25,20008.0,20009.0,0.0
2026-09-08T17:11:00+00:00,20009.0,20010.0,20007.75,20008.75,0.0
2026-09-08T17:12:00+00:00,20008.75,20009.75,20007.75,20008.75,0.0
2026-09-08T17:13:00+00:00,20008.75,20009.75,20007.5,20008.5,0.0
2026-09-08T17:14:00+00:00,20008.5,20009.5,20007.25,20008.25,0.0
2026-09-08T17:15:00+00:00,20008.25,20009.25,20007.0,20008.0,0.0
2026-09-08T17:16:00+00:00,20008.0,20009.0,20006.75,20007.75,0.0
2026-09-08T17:17:00+00:00,20007.75,20008.75,20006.5,20007.5,0.0
2026-09-08T17:18:00+00:00,20007.5,20008.5,20006.25,20007.25,0.0
2026-09-08T17:19:00+00:00,20007.25,20008.25,20006.0,20007.0,0.0
2026-09-08T17:20:00+00:00,20007.0,20008.0,20005.75,20006.75,0.0
2026-09-08T17:21:00+00:00,20006.75,20007.75,20005.5,20006.5,0.0
2026-09-08T17:22:00+00:00,20006.5,20007.5,20005.25,20006.25,0.0
2026-09-08T17:23:00+00:00,20006.25,20007.25,20005.0,20006.0,0.0
2026-09-08T17:24:00+00:00,20006.0,20007.0,20004.75,20005.75,0.0
2026-09-08T17:25:00+00:00,20005.75,20006.75,20004.75,20005.75,0.0
2026-09-08T17:26:00+00:00,20005.75,20006.75,20004.5,20005.5,0.0
2026-09-08T17:27:00+00:00,20005.5,20006.5,20004.25,20005.25,0.0
2026-09-08T17:28:00+00:00,20005.25,20006.25,20004.0,20005.0,0.0
2026-09-08T17:29:00+00:00,20005.0,20006.0,20003.75,20004.75,0.0
2026-09-08T17:30:00+00:00,20004.75,20005.75,20003.5,20004.5,0.0
2026-09-08T17:31:00+00:00,20004.5,20005.5,20003.25,20004.25,0.0
2026-09-08T17:32:00+00:00,20004.25,20005.25,20003.0,20004.0,0.0
2026-09-08T17:33:00+00:00,20004.0,20005.0,20002.75,20003.75,0.0
2026-09-08T17:34:00+00:00,20003.75,20004.75,20002.5,20003.5,0.0
2026-09-08T17:35:00+00:00,20003.5,20004.5,20002.25,20003.25,0.0
2026-09-08T17:36:00+00:00,20003.25,20004.25,20002.0,20003.0,0.0
2026-09-08T17:37:00+00:00,20003.0,20004.0,20001.75,20002.75,0.0
2026-09-08T17:38:00+00:00,20002.75,20003.75,20001.5,20002.5,0.0
2026-09-08T17:39:00+00:00,20002.5,20003.5,20001.5,20002.5,0.0
2026-09-08T17:40:00+00:00,20002.5,20003.5,20001.25,20002.25,0.0
2026-09-08T17:41:00+00:00,20002.25,20003.25,20001.0,20002.0,0.0
2026-09-08T17:42:00+00:00,20002.0,20003.0,20000.75,20001.75,0.0
2026-09-08T17:43:00+00:00,20001.75,20002.75,20000.5,20001.5,0.0
2026-09-08T17:44:00+00:00,20001.5,20002.5,20000.25,20001.25,0.0
2026-09-08T17:45:00+00:00,20001.25,20002.25,20000.0,20001.0,0.0
2026-09-08T17:46:00+00:00,20001.0,20002.0,19999.75,20000.75,0.0
2026-09-08T17:47:00+00:00,20000.75,20001.75,19999.5,20000.5,0.0
2026-09-08T17:48:00+00:00,20000.5,20001.5,19999.25,20000.25,0.0
2026-09-08T17:49:00+00:00,20000.25,20001.25,19999.0,20000.0,0.0
2026-09-08T17:50:00+00:00,20000.0,20001.0,19998.75,19999.75,0.0
2026-09-08T17:51:00+00:00,19999.75,20000.75,19998.5,19999.5,0.0
2026-09-08T17:52:00+00:00,19999.5,20000.5,19998.5,19999.5,0.0
2026-09-08T17:53:00+00:00,19999.5,20000.5,19998.25,19999.25,0.0
2026-09-08T17:54:00+00:00,19999.25,20000.25,19998.0,19999.0,0.0
2026-09-08T17:55:00+00:00,19999.0,20000.0,19997.75,19998.75,0.0
2026-09-08T17:56:00+00:00,19998.75,19999.75,19997.5,19998.5,0.0
2026-09-08T17:57:00+00:00,19998.5,19999.5,19997.25,19998.25,0.0
2026-09-08T17:58:00+00:00,19998.25,19999.25,19997.0,19998.0,0.0
2026-09-08T17:59:00+00:00,19998.0,19999.0,19996.75,19997.75,0.0
2026-09-08T18:00:00+00:00,19997.75,19998.75,19996.5,19997.5,0.0
2026-09-08T18:01:00+00:00,19997.5,19998.5,19996.25,19997.25,0.0
2026-09-08T18:02:00+00:00,19997.25,19998.25,19996.0,19997.0,0.0
2026-09-08T18:03:00+00:00,19997.0,19998.0,19995.75,19996.75,0.0
2026-09-08T18:04:00+00:00,19996.75,19997.75,19995.5,19996.5,0.0
2026-09-08T18:05:00+00:00,19996.5,19997.5,19995.5,19996.5,0.0
2026-09-08T18:06:00+00:00,19996.5,19997.5,19995.25,19996.25,0.0
2026-09-08T18:07:00+00:00,19996.25,19997.25,19995.0,19996.0,0.0
2026-09-08T18:08:00+00:00,19996.0,19997.0,19994.75,19995.75,0.0
2026-09-08T18:09:00+00:00,19995.75,19996.75,19994.5,19995.5,0.0
2026-09-08T18:10:00+00:00,19995.5,19996.5,19994.25,19995.25,0.0
2026-09-08T18:11:00+00:00,19995.25,19996.25,19994.0,19995.0,0.0
2026-09-08T18:12:00+00:00,19995.0,19996.0,19993.75,19994.75,0.0
2026-09-08T18:13:00+00:00,19994.75,19995.75,19993.5,19994.5,0.0
2026-09-08T18:14:00+00:00,19994.5,19995.5,19993.25,19994.25,0.0
2026-09-08T18:15:00+00:00,19994.25,19995.25,19993.0,19994.0,0.0
2026-09-08T18:16:00+00:00,19994.0,19995.0,19992.75,19993.75,0.0
2026-09-08T18:17:00+00:00,19993.75,19994.75,19992.5,19993.5,0.0
2026-09-08T18:18:00+00:00,19993.5,19994.5,19992.25,19993.25,0.0
2026-09-08T18:19:00+00:00,19993.25,19994.25,19992.25,19993.25,0.0
2026-09-08T18:20:00+00:00,19993.25,19994.25,19992.0,19993.0,0.0
2026-09-08T18:21:00+00:00,19993.0,19994.0,19991.75,19992.75,0.0
2026-09-08T18:22:00+00:00,19992.75,19993.75,19991.5,19992.5,0.0
2026-09-08T18:23:00+00:00,19992.5,19993.5,19991.25,19992.25,0.0
2026-09-08T18:24:00+00:00,19992.25,19993.25,19991.0,19992.0,0.0
2026-09-08T18:25:00+00:00,19992.0,19993.0,19990.75,19991.75,0.0
2026-09-08T18:26:00+00:00,19991.75,19992.75,19990.5,19991.5,0.0
2026-09-08T18:27:00+00:00,19991.5,19992.5,19990.25,19991.25,0.0
2026-09-08T18:28:00+00:00,19991.25,19992.25,19990.0,19991.0,0.0
2026-09-08T18:29:00+00:00,19991.0,19992.0,19989.75,19990.75,0.0
2026-09-08T18:30:00+00:00,19990.75,19991.75,19989.5,19990.5,0.0
2026-09-08T18:31:00+00:00,19990.5,19991.5,19989.25,19990.25,0.0
2026-09-08T18:32:00+00:00,19990.25,19991.25,19989.25,19990.25,0.0
2026-09-08T18:33:00+00:00,19990.25,19991.25,19989.0,19990.0,0.0
2026-09-08T18:34:00+00:00,19990.0,19991.0,19988.75,19989.75,0.0
2026-09-08T18:35:00+00:00,19989.75,19990.75,19988.5,19989.5,0.0
2026-09-08T18:36:00+00:00,19989.5,19990.5,19988.25,19989.25,0.0
2026-09-08T18:37:00+00:00,19989.25,19990.25,19988.0,19989.0,0.0
2026-09-08T18:38:00+00:00,19989.0,19990.0,19987.75,19988.75,0.0
2026-09-08T18:39:00+00:00,19988.75,19989.75,19987.5,19988.5,0.0
2026-09-08T18:40:00+00:00,19988.5,19989.5,19987.25,19988.25,0.0
2026-09-08T18:41:00+00:00,19988.25,19989.25,19987.0,19988.0,0.0
2026-09-08T18:42:00+00:00,19988.0,19989.0,19986.75,19987.75,0.0
2026-09-08T18:43:00+00:00,19987.75,19988.75,19986.5,19987.5,0.0
2026-09-08T18:44:00+00:00,19987.5,19988.5,19986.25,19987.25,0.0
2026-09-08T18:45:00+00:00,19987.25,19988.25,19986.0,19987.0,0.0
2026-09-08T18:46:00+00:00,19987.0,19988.0,19986.0,19987.0,0.0
2026-09-08T18:47:00+00:00,19987.0,19988.0,19985.75,19986.75,0.0
2026-09-08T18:48:00+00:00,19986.75,19987.75,19985.5,19986.5,0.0
2026-09-08T18:49:00+00:00,19986.5,19987.5,19985.25,19986.25,0.0
2026-09-08T18:50:00+00:00,19986.25,19987.25,19985.0,19986.0,0.0
2026-09-08T18:51:00+00:00,19986.0,19987.0,19984.75,19985.75,0.0
2026-09-08T18:52:00+00:00,19985.75,19986.75,19984.5,19985.5,0.0
2026-09-08T18:53:00+00:00,19985.5,19986.5,19984.25,19985.25,0.0
2026-09-08T18:54:00+00:00,19985.25,19986.25,19984.0,19985.0,0.0
2026-09-08T18:55:00+00:00,19985.0,19986.0,19983.75,19984.75,0.0
2026-09-08T18:56:00+00:00,19984.75,19985.75,19983.5,19984.5,0.0
2026-09-08T18:57:00+00:00,19984.5,19985.5,19983.25,19984.25,0.0
2026-09-08T18:58:00+00:00,19984.25,19985.25,19983.0,19984.0,0.0
2026-09-08T18:59:00+00:00,19984.0,19985.0,19983.0,19984.0,0.0
2026-09-08T19:00:00+00:00,19984.0,19985.0,19982.75,19983.75,0.0
2026-09-08T19:01:00+00:00,19983.75,19984.75,19982.5,19983.5,0.0
2026-09-08T19:02:00+00:00,19983.5,19984.5,19982.25,19983.25,0.0
2026-09-08T19:03:00+00:00,19983.25,19984.25,19982.0,19983.0,0.0
2026-09-08T19:04:00+00:00,19983.0,19984.0,19981.75,19982.75,0.0
2026-09-08T19:05:00+00:00,19982.75,19983.75,19981.5,19982.5,0.0
2026-09-08T19:06:00+00:00,19982.5,19983.5,19981.25,19982.25,0.0
2026-09-08T19:07:00+00:00,19982.25,19983.25,19981.0,19982.0,0.0
2026-09-08T19:08:00+00:00,19982.0,19983.0,19980.75,19981.75,0.0
2026-09-08T19:09:00+00:00,19981.75,19982.75,19980.5,19981.5,0.0
2026-09-08T19:10:00+00:00,19981.5,19982.5,19980.25,19981.25,0.0
2026-09-08T19:11:00+00:00,19981.25,19982.25,19980.0,19981.0,0.0
2026-09-08T19:12:00+00:00,19981.0,19982.0,19979.75,19980.75,0.0
2026-09-08T19:13:00+00:00,19980.75,19981.75,19979.75,19980.75,0.0
2026-09-08T19:14:00+00:00,19980.75,19981.75,19979.5,19980.5,0.0
2026-09-08T19:15:00+00:00,19980.5,19981.5,19979.25,19980.25,0.0
2026-09-08T19:16:00+00:00,19980.25,19981.25,19979.0,19980.0,0.0
2026-09-08T19:17:00+00:00,19980.0,19981.0,19978.75,19979.75,0.0
2026-09-08T19:18:00+00:00,19979.75,19980.75,19978.5,19979.5,0.0
2026-09-08T19:19:00+00:00,19979.5,19980.5,19978.25,19979.25,0.0
2026-09-08T19:20:00+00:00,19979.25,19980.25,19978.0,19979.0,0.0
2026-09-08T19:21:00+00:00,19979.0,19980.0,19977.75,19978.75,0.0
2026-09-08T19:22:00+00:00,19978.75,19979.75,19977.5,19978.5,0.0
2026-09-08T19:23:00+00:00,19978.5,19979.5,19977.25,19978.25,0.0
2026-09-08T19:24:00+00:00,19978.25,19979.25,19977.0,19978.0,0.0
2026-09-08T19:25:00+00:00,19978.0,19979.0,19976.75,19977.75,0.0
2026-09-08T19:26:00+00:00,19977.75,19978.75,19976.75,19977.75,0.0
2026-09-08T19:27:00+00:00,19977.75,19978.75,19976.5,19977.5,0.0
2026-09-08T19:28:00+00:00,19977.5,19978.5,19976.25,19977.25,0.0
2026-09-08T19:29:00+00:00,19977.25,19978.25,19976.0,19977.0,0.0
2026-09-08T19:30:00+00:00,19977.0,19978.0,19975.75,19976.75,0.0
2026-09-08T19:31:00+00:00,19976.75,19977.75,19975.5,19976.5,0.0
2026-09-08T19:32:00+00:00,19976.5,19977.5,19975.25,19976.25,0.0
2026-09-08T19:33:00+00:00,19976.25,19977.25,19975.0,19976.0,0.0
2026-09-08T19:34:00+00:00,19976.0,19977.0,19974.75,19975.75,0.0
2026-09-08T19:35:00+00:00,19975.75,19976.75,19974.5,19975.5,0.0
2026-09-08T19:36:00+00:00,19975.5,19976.5,19974.25,19975.25,0.0
2026-09-08T19:37:00+00:00,19975.25,19976.25,19974.0,19975.0,0.0
2026-09-08T19:38:00+00:00,19975.0,19976.0,19973.75,19974.75,0.0
2026-09-08T19:39:00+00:00,19974.75,19975.75,19973.75,19974.75,0.0
2026-09-08T19:40:00+00:00,19974.75,19975.75,19973.5,19974.5,0.0
2026-09-08T19:41:00+00:00,19974.5,19975.5,19973.25,19974.25,0.0
2026-09-08T19:42:00+00:00,19974.25,19975.25,19973.0,19974.0,0.0
2026-09-08T19:43:00+00:00,19974.0,19975.0,19972.75,19973.75,0.0
2026-09-08T19:44:00+00:00,19973.75,19974.75,19972.5,19973.5,0.0
2026-09-08T19:45:00+00:00,19973.5,19974.5,19972.25,19973.25,0.0
2026-09-08T19:46:00+00:00,19973.25,19974.25,19972.0,19973.0,0.0
2026-09-08T19:47:00+00:00,19973.0,19974.0,19971.75,19972.75,0.0
2026-09-08T19:48:00+00:00,19972.75,19973.75,19971.5,19972.5,0.0
2026-09-08T19:49:00+00:00,19972.5,19973.5,19971.25,19972.25,0.0
2026-09-08T19:50:00+00:00,19972.25,19973.25,19971.0,19972.0,0.0
2026-09-08T19:51:00+00:00,19972.0,19973.0,19970.75,19971.75,0.0
2026-09-08T19:52:00+00:00,19971.75,19972.75,19970.5,19971.5,0.0
2026-09-08T19:53:00+00:00,19971.5,19972.5,19970.5,19971.5,0.0
2026-09-08T19:54:00+00:00,19971.5,19972.5,19970.25,19971.25,0.0
2026-09-08T19:55:00+00:00,19971.25,19972.25,19970.0,19971.0,0.0
2026-09-08T19:56:00+00:00,19971.0,19972.0,19969.75,19970.75,0.0
2026-09-08T19:57:00+00:00,19970.75,19971.75,19969.5,19970.5,0.0
2026-09-08T19:58:00+00:00,19970.5,19971.5,19969.25,19970.25,0.0
2026-09-08T19:59:00+00:00,19970.25,19971.25,19800.0,19970.0,0.0
2026-09-14T22:00:00+00:00,19920.0,19925.0,19915.0,19920.0,0.0
2026-09-14T22:01:00+00:00,19920.0,19925.0,19915.0,19920.0,0.0
2026-09-14T22:02:00+00:00,19920.0,19925.0,19915.0,19920.0,0.0
2026-09-14T22:03:00+00:00,19920.0,19925.25,19915.0,19920.25,0.0
2026-09-14T22:04:00+00:00,19920.25,19925.25,19915.25,19920.25,0.0
2026-09-14T22:05:00+00:00,19920.25,19925.25,19915.25,19920.25,0.0
2026-09-14T22:06:00+00:00,19920.25,19925.25,19915.25,19920.25,0.0
2026-09-14T22:07:00+00:00,19920.25,19925.25,19915.25,19920.25,0.0
2026-09-14T22:08:00+00:00,19920.25,19925.5,19915.25,19920.5,0.0
2026-09-14T22:09:00+00:00,19920.5,19925.5,19915.5,19920.5,0.0
2026-09-14T22:10:00+00:00,19920.5,19925.5,19915.5,19920.5,0.0
2026-09-14T22:11:00+00:00,19920.5,19925.5,19915.5,19920.5,0.0
2026-09-14T22:12:00+00:00,19920.5,19925.5,19915.5,19920.5,0.0
2026-09-14T22:13:00+00:00,19920.5,19925.75,19915.5,19920.75,0.0
2026-09-14T22:14:00+00:00,19920.75,19925.75,19915.75,19920.75,0.0
2026-09-14T22:15:00+00:00,19920.75,19925.75,19915.75,19920.75,0.0
2026-09-14T22:16:00+00:00,19920.75,19925.75,19915.75,19920.75,0.0
2026-09-14T22:17:00+00:00,19920.75,19926.0,19915.75,19921.0,0.0
2026-09-14T22:18:00+00:00,19921.0,19926.0,19916.0,19921.0,0.0
2026-09-14T22:19:00+00:00,19921.0,19926.0,19916.0,19921.0,0.0
2026-09-14T22:20:00+00:00,19921.0,19926.0,19916.0,19921.0,0.0
2026-09-14T22:21:00+00:00,19921.0,19926.0,19916.0,19921.0,0.0
2026-09-14T22:22:00+00:00,19921.0,19926.25,19916.0,19921.25,0.0
2026-09-14T22:23:00+00:00,19921.25,19926.25,19916.25,19921.25,0.0
2026-09-14T22:24:00+00:00,19921.25,19926.25,19916.25,19921.25,0.0
2026-09-14T22:25:00+00:00,19921.25,19926.25,19916.25,19921.25,0.0
2026-09-14T22:26:00+00:00,19921.25,19926.25,19916.25,19921.25,0.0
2026-09-14T22:27:00+00:00,19921.25,19926.5,19916.25,19921.5,0.0
2026-09-14T22:28:00+00:00,19921.5,19926.5,19916.5,19921.5,0.0
2026-09-14T22:29:00+00:00,19921.5,19926.5,19916.5,19921.5,0.0
2026-09-14T22:30:00+00:00,19921.5,19926.5,19916.5,19921.5,0.0
2026-09-14T22:31:00+00:00,19921.5,19926.5,19916.5,19921.5,0.0
2026-09-14T22:32:00+00:00,19921.5,19926.75,19916.5,19921.75,0.0
2026-09-14T22:33:00+00:00,19921.75,19926.75,19916.75,19921.75,0.0
2026-09-14T22:34:00+00:00,19921.75,19926.75,19916.75,19921.75,0.0
2026-09-14T22:35:00+00:00,19921.75,19926.75,19916.75,19921.75,0.0
2026-09-14T22:36:00+00:00,19921.75,19926.75,19916.75,19921.75,0.0
2026-09-14T22:37:00+00:00,19921.75,19927.0,19916.75,19922.0,0.0
2026-09-14T22:38:00+00:00,19922.0,19927.0,19917.0,19922.0,0.0
2026-09-14T22:39:00+00:00,19922.0,19927.0,19917.0,19922.0,0.0
2026-09-14T22:40:00+00:00,19922.0,19927.0,19917.0,19922.0,0.0
2026-09-14T22:41:00+00:00,19922.0,19927.0,19917.0,19922.0,0.0
2026-09-14T22:42:00+00:00,19922.0,19927.25,19917.0,19922.25,0.0
2026-09-14T22:43:00+00:00,19922.25,19927.25,19917.25,19922.25,0.0
2026-09-14T22:44:00+00:00,19922.25,19927.25,19917.25,19922.25,0.0
2026-09-14T22:45:00+00:00,19922.25,19927.25,19917.25,19922.25,0.0
2026-09-14T22:46:00+00:00,19922.25,19927.25,19917.25,19922.25,0.0
2026-09-14T22:47:00+00:00,19922.25,19927.5,19917.25,19922.5,0.0
2026-09-14T22:48:00+00:00,19922.5,19927.5,19917.5,19922.5,0.0
2026-09-14T22:49:00+00:00,19922.5,19927.5,19917.5,19922.5,0.0
2026-09-14T22:50:00+00:00,19922.5,19927.5,19917.5,19922.5,0.0
2026-09-14T22:51:00+00:00,19922.5,19927.75,19917.5,19922.75,0.0
2026-09-14T22:52:00+00:00,19922.75,19927.75,19917.75,19922.75,0.0
2026-09-14T22:53:00+00:00,19922.75,19927.75,19917.75,19922.75,0.0
2026-09-14T22:54:00+00:00,19922.75,19927.75,19917.75,19922.75,0.0
2026-09-14T22:55:00+00:00,19922.75,19927.75,19917.75,19922.75,0.0
2026-09-14T22:56:00+00:00,19922.75,19928.0,19917.75,19923.0,0.0
2026-09-14T22:57:00+00:00,19923.0,19928.0,19918.0,19923.0,0.0
2026-09-14T22:58:00+00:00,19923.0,19928.0,19918.0,19923.0,0.0
2026-09-14T22:59:00+00:00,19923.0,19928.0,19918.0,19923.0,0.0
2026-09-14T23:00:00+00:00,19923.0,19928.0,19918.0,19923.0,0.0
2026-09-14T23:01:00+00:00,19923.0,19928.25,19918.0,19923.25,0.0
2026-09-14T23:02:00+00:00,19923.25,19928.25,19918.25,19923.25,0.0
2026-09-14T23:03:00+00:00,19923.25,19928.25,19918.25,19923.25,0.0
2026-09-14T23:04:00+00:00,19923.25,19928.25,19918.25,19923.25,0.0
2026-09-14T23:05:00+00:00,19923.25,19928.25,19918.25,19923.25,0.0
2026-09-14T23:06:00+00:00,19923.25,19928.5,19918.25,19923.5,0.0
2026-09-14T23:07:00+00:00,19923.5,19928.5,19918.5,19923.5,0.0
2026-09-14T23:08:00+00:00,19923.5,19928.5,19918.5,19923.5,0.0
2026-09-14T23:09:00+00:00,19923.5,19928.5,19918.5,19923.5,0.0
2026-09-14T23:10:00+00:00,19923.5,19928.5,19918.5,19923.5,0.0
2026-09-14T23:11:00+00:00,19923.5,19928.75,19918.5,19923.75,0.0
2026-09-14T23:12:00+00:00,19923.75,19928.75,19918.75,19923.75,0.0
2026-09-14T23:13:00+00:00,19923.75,19928.75,19918.75,19923.75,0.0
2026-09-14T23:14:00+00:00,19923.75,19928.75,19918.75,19923.75,0.0
2026-09-14T23:15:00+00:00,19923.75,19928.75,19918.75,19923.75,0.0
2026-09-14T23:16:00+00:00,19923.75,19929.0,19918.75,19924.0,0.0
2026-09-14T23:17:00+00:00,19924.0,19929.0,19919.0,19924.0,0.0
2026-09-14T23:18:00+00:00,19924.0,19929.0,19919.0,19924.0,0.0
2026-09-14T23:19:00+00:00,19924.0,19929.0,19919.0,19924.0,0.0
2026-09-14T23:20:00+00:00,19924.0,19929.0,19919.0,19924.0,0.0
2026-09-14T23:21:00+00:00,19924.0,19929.25,19919.0,19924.25,0.0
2026-09-14T23:22:00+00:00,19924.25,19929.25,19919.25,19924.25,0.0
2026-09-14T23:23:00+00:00,19924.25,19929.25,19919.25,19924.25,0.0
2026-09-14T23:24:00+00:00,19924.25,19929.25,19919.25,19924.25,0.0
2026-09-14T23:25:00+00:00,19924.25,19929.5,19919.25,19924.5,0.0
2026-09-14T23:26:00+00:00,19924.5,19929.5,19919.5,19924.5,0.0
2026-09-14T23:27:00+00:00,19924.5,19929.5,19919.5,19924.5,0.0
2026-09-14T23:28:00+00:00,19924.5,19929.5,19919.5,19924.5,0.0
2026-09-14T23:29:00+00:00,19924.5,19929.5,19919.5,19924.5,0.0
2026-09-14T23:30:00+00:00,19924.5,19929.75,19919.5,19924.75,0.0
2026-09-14T23:31:00+00:00,19924.75,19929.75,19919.75,19924.75,0.0
2026-09-14T23:32:00+00:00,19924.75,19929.75,19919.75,19924.75,0.0
2026-09-14T23:33:00+00:00,19924.75,19929.75,19919.75,19924.75,0.0
2026-09-14T23:34:00+00:00,19924.75,19929.75,19919.75,19924.75,0.0
2026-09-14T23:35:00+00:00,19924.75,19930.0,19919.75,19925.0,0.0
2026-09-14T23:36:00+00:00,19925.0,19930.0,19920.0,19925.0,0.0
2026-09-14T23:37:00+00:00,19925.0,19930.0,19920.0,19925.0,0.0
2026-09-14T23:38:00+00:00,19925.0,19930.0,19920.0,19925.0,0.0
2026-09-14T23:39:00+00:00,19925.0,19930.0,19920.0,19925.0,0.0
2026-09-14T23:40:00+00:00,19925.0,19930.25,19920.0,19925.25,0.0
2026-09-14T23:41:00+00:00,19925.25,19930.25,19920.25,19925.25,0.0
2026-09-14T23:42:00+00:00,19925.25,19930.25,19920.25,19925.25,0.0
2026-09-14T23:43:00+00:00,19925.25,19930.25,19920.25,19925.25,0.0
2026-09-14T23:44:00+00:00,19925.25,19930.25,19920.25,19925.25,0.0
2026-09-14T23:45:00+00:00,19925.25,19930.5,19920.25,19925.5,0.0
2026-09-14T23:46:00+00:00,19925.5,19930.5,19920.5,19925.5,0.0
2026-09-14T23:47:00+00:00,19925.5,19930.5,19920.5,19925.5,0.0
2026-09-14T23:48:00+00:00,19925.5,19930.5,19920.5,19925.5,0.0
2026-09-14T23:49:00+00:00,19925.5,19930.5,19920.5,19925.5,0.0
2026-09-14T23:50:00+00:00,19925.5,19930.75,19920.5,19925.75,0.0
2026-09-14T23:51:00+00:00,19925.75,19930.75,19920.75,19925.75,0.0
2026-09-14T23:52:00+00:00,19925.75,19930.75,19920.75,19925.75,0.0
2026-09-14T23:53:00+00:00,19925.75,19930.75,19920.75,19925.75,0.0
2026-09-14T23:54:00+00:00,19925.75,19931.0,19920.75,19926.0,0.0
2026-09-14T23:55:00+00:00,19926.0,19931.0,19921.0,19926.0,0.0
2026-09-14T23:56:00+00:00,19926.0,19931.0,19921.0,19926.0,0.0
2026-09-14T23:57:00+00:00,19926.0,19931.0,19921.0,19926.0,0.0
2026-09-14T23:58:00+00:00,19926.0,19931.0,19921.0,19926.0,0.0
2026-09-14T23:59:00+00:00,19926.0,19931.25,19921.0,19926.25,0.0
2026-09-15T00:00:00+00:00,19926.25,19931.25,19921.25,19926.25,0.0
2026-09-15T00:01:00+00:00,19926.25,19931.25,19921.25,19926.25,0.0
2026-09-15T00:02:00+00:00,19926.25,19931.25,19921.25,19926.25,0.0
2026-09-15T00:03:00+00:00,19926.25,19931.25,19921.25,19926.25,0.0
2026-09-15T00:04:00+00:00,19926.25,19931.5,19921.25,19926.5,0.0
2026-09-15T00:05:00+00:00,19926.5,19931.5,19921.5,19926.5,0.0
2026-09-15T00:06:00+00:00,19926.5,19931.5,19921.5,19926.5,0.0
2026-09-15T00:07:00+00:00,19926.5,19931.5,19921.5,19926.5,0.0
2026-09-15T00:08:00+00:00,19926.5,19931.5,19921.5,19926.5,0.0
2026-09-15T00:09:00+00:00,19926.5,19931.75,19921.5,19926.75,0.0
2026-09-15T00:10:00+00:00,19926.75,19931.75,19921.75,19926.75,0.0
2026-09-15T00:11:00+00:00,19926.75,19931.75,19921.75,19926.75,0.0
2026-09-15T00:12:00+00:00,19926.75,19931.75,19921.75,19926.75,0.0
2026-09-15T00:13:00+00:00,19926.75,19931.75,19921.75,19926.75,0.0
2026-09-15T00:14:00+00:00,19926.75,19932.0,19921.75,19927.0,0.0
2026-09-15T00:15:00+00:00,19927.0,19932.0,19922.0,19927.0,0.0
2026-09-15T00:16:00+00:00,19927.0,19932.0,19922.0,19927.0,0.0
2026-09-15T00:17:00+00:00,19927.0,19932.0,19922.0,19927.0,0.0
2026-09-15T00:18:00+00:00,19927.0,19932.0,19922.0,19927.0,0.0
2026-09-15T00:19:00+00:00,19927.0,19932.25,19922.0,19927.25,0.0
2026-09-15T00:20:00+00:00,19927.25,19932.25,19922.25,19927.25,0.0
2026-09-15T00:21:00+00:00,19927.25,19932.25,19922.25,19927.25,0.0
2026-09-15T00:22:00+00:00,19927.25,19932.25,19922.25,19927.25,0.0
2026-09-15T00:23:00+00:00,19927.25,19932.25,19922.25,19927.25,0.0
2026-09-15T00:24:00+00:00,19927.25,19932.5,19922.25,19927.5,0.0
2026-09-15T00:25:00+00:00,19927.5,19932.5,19922.5,19927.5,0.0
2026-09-15T00:26:00+00:00,19927.5,19932.5,19922.5,19927.5,0.0
2026-09-15T00:27:00+00:00,19927.5,19932.5,19922.5,19927.5,0.0
2026-09-15T00:28:00+00:00,19927.5,19932.75,19922.5,19927.75,0.0
2026-09-15T00:29:00+00:00,19927.75,19932.75,19922.75,19927.75,0.0
2026-09-15T00:30:00+00:00,19927.75,19932.75,19922.75,19927.75,0.0
2026-09-15T00:31:00+00:00,19927.75,19932.75,19922.75,19927.75,0.0
2026-09-15T00:32:00+00:00,19927.75,19932.75,19922.75,19927.75,0.0
2026-09-15T00:33:00+00:00,19927.75,19933.0,19922.75,19928.0,0.0
2026-09-15T00:34:00+00:00,19928.0,19933.0,19923.0,19928.0,0.0
2026-09-15T00:35:00+00:00,19928.0,19933.0,19923.0,19928.0,0.0
2026-09-15T00:36:00+00:00,19928.0,19933.0,19923.0,19928.0,0.0
2026-09-15T00:37:00+00:00,19928.0,19933.0,19923.0,19928.0,0.0
2026-09-15T00:38:00+00:00,19928.0,19933.25,19923.0,19928.25,0.0
2026-09-15T00:39:00+00:00,19928.25,19933.25,19923.25,19928.25,0.0
2026-09-15T00:40:00+00:00,19928.25,19933.25,19923.25,19928.25,0.0
2026-09-15T00:41:00+00:00,19928.25,19933.25,19923.25,19928.25,0.0
2026-09-15T00:42:00+00:00,19928.25,19933.25,19923.25,19928.25,0.0
2026-09-15T00:43:00+00:00,19928.25,19933.5,19923.25,19928.5,0.0
2026-09-15T00:44:00+00:00,19928.5,19933.5,19923.5,19928.5,0.0
2026-09-15T00:45:00+00:00,19928.5,19933.5,19923.5,19928.5,0.0
2026-09-15T00:46:00+00:00,19928.5,19933.5,19923.5,19928.5,0.0
2026-09-15T00:47:00+00:00,19928.5,19933.5,19923.5,19928.5,0.0
2026-09-15T00:48:00+00:00,19928.5,19933.75,19923.5,19928.75,0.0
2026-09-15T00:49:00+00:00,19928.75,19933.75,19923.75,19928.75,0.0
2026-09-15T00:50:00+00:00,19928.75,19933.75,19923.75,19928.75,0.0
2026-09-15T00:51:00+00:00,19928.75,19933.75,19923.75,19928.75,0.0
2026-09-15T00:52:00+00:00,19928.75,19933.75,19923.75,19928.75,0.0
2026-09-15T00:53:00+00:00,19928.75,19934.0,19923.75,19929.0,0.0
2026-09-15T00:54:00+00:00,19929.0,19934.0,19924.0,19929.0,0.0
2026-09-15T00:55:00+00:00,19929.0,19934.0,19924.0,19929.0,0.0
2026-09-15T00:56:00+00:00,19929.0,19934.0,19924.0,19929.0,0.0
2026-09-15T00:57:00+00:00,19929.0,19934.0,19924.0,19929.0,0.0
2026-09-15T00:58:00+00:00,19929.0,19934.25,19924.0,19929.25,0.0
2026-09-15T00:59:00+00:00,19929.25,19934.25,19924.25,19929.25,0.0
2026-09-15T01:00:00+00:00,19929.25,19934.25,19924.25,19929.25,0.0
2026-09-15T01:01:00+00:00,19929.25,19934.25,19924.25,19929.25,0.0
2026-09-15T01:02:00+00:00,19929.25,19934.5,19924.25,19929.5,0.0
2026-09-15T01:03:00+00:00,19929.5,19934.5,19924.5,19929.5,0.0
2026-09-15T01:04:00+00:00,19929.5,19934.5,19924.5,19929.5,0.0
2026-09-15T01:05:00+00:00,19929.5,19934.5,19924.5,19929.5,0.0
2026-09-15T01:06:00+00:00,19929.5,19934.5,19924.5,19929.5,0.0
2026-09-15T01:07:00+00:00,19929.5,19934.75,19924.5,19929.75,0.0
2026-09-15T01:08:00+00:00,19929.75,19934.75,19924.75,19929.75,0.0
2026-09-15T01:09:00+00:00,19929.75,19934.75,19924.75,19929.75,0.0
2026-09-15T01:10:00+00:00,19929.75,19934.75,19924.75,19929.75,0.0
2026-09-15T01:11:00+00:00,19929.75,19934.75,19924.75,19929.75,0.0
2026-09-15T01:12:00+00:00,19929.75,19935.0,19924.75,19930.0,0.0
2026-09-15T01:13:00+00:00,19930.0,19935.0,19925.0,19930.0,0.0
2026-09-15T01:14:00+00:00,19930.0,19935.0,19925.0,19930.0,0.0
2026-09-15T01:15:00+00:00,19930.0,19935.0,19925.0,19930.0,0.0
2026-09-15T01:16:00+00:00,19930.0,19935.0,19921.75,19926.75,0.0
2026-09-15T01:17:00+00:00,19926.75,19931.75,19918.75,19923.75,0.0
2026-09-15T01:18:00+00:00,19923.75,19928.75,19915.5,19920.5,0.0
2026-09-15T01:19:00+00:00,19920.5,19925.5,19912.5,19917.5,0.0
2026-09-15T01:20:00+00:00,19917.5,19922.5,19909.25,19914.25,0.0
2026-09-15T01:21:00+00:00,19914.25,19919.25,19906.25,19911.25,0.0
2026-09-15T01:22:00+00:00,19911.25,19916.25,19903.0,19908.0,0.0
2026-09-15T01:23:00+00:00,19908.0,19913.0,19899.75,19904.75,0.0
2026-09-15T01:24:00+00:00,19904.75,19909.75,19896.75,19901.75,0.0
2026-09-15T01:25:00+00:00,19901.75,19906.75,19893.5,19898.5,0.0
2026-09-15T01:26:00+00:00,19898.5,19903.5,19890.5,19895.5,0.0
2026-09-15T01:27:00+00:00,19895.5,19900.5,19887.25,19892.25,0.0
2026-09-15T01:28:00+00:00,19892.25,19897.25,19884.25,19889.25,0.0
2026-09-15T01:29:00+00:00,19889.25,19894.25,19881.0,19886.0,0.0
2026-09-15T01:30:00+00:00,19886.0,19891.0,19881.0,19886.0,0.0
2026-09-15T01:31:00+00:00,19886.0,19891.0,19881.0,19886.0,0.0
2026-09-15T01:32:00+00:00,19886.0,19891.25,19881.0,19886.25,0.0
2026-09-15T01:33:00+00:00,19886.25,19891.25,19881.25,19886.25,0.0
2026-09-15T01:34:00+00:00,19886.25,19891.25,19881.25,19886.25,0.0
2026-09-15T01:35:00+00:00,19886.25,19891.25,19881.25,19886.25,0.0
2026-09-15T01:36:00+00:00,19886.25,19891.5,19881.25,19886.5,0.0
2026-09-15T01:37:00+00:00,19886.5,19891.5,19881.5,19886.5,0.0
2026-09-15T01:38:00+00:00,19886.5,19891.5,19881.5,19886.5,0.0
2026-09-15T01:39:00+00:00,19886.5,19891.5,19881.5,19886.5,0.0
2026-09-15T01:40:00+00:00,19886.5,19891.75,19881.5,19886.75,0.0
2026-09-15T01:41:00+00:00,19886.75,19891.75,19881.75,19886.75,0.0
2026-09-15T01:42:00+00:00,19886.75,19891.75,19881.75,19886.75,0.0
2026-09-15T01:43:00+00:00,19886.75,19892.0,19881.75,19887.0,0.0
2026-09-15T01:44:00+00:00,19887.0,19892.0,19882.0,19887.0,0.0
2026-09-15T01:45:00+00:00,19887.0,19892.0,19882.0,19887.0,0.0
2026-09-15T01:46:00+00:00,19887.0,19892.0,19882.0,19887.0,0.0
2026-09-15T01:47:00+00:00,19887.0,19892.25,19882.0,19887.25,0.0
2026-09-15T01:48:00+00:00,19887.25,19892.25,19882.25,19887.25,0.0
2026-09-15T01:49:00+00:00,19887.25,19892.25,19882.25,19887.25,0.0
2026-09-15T01:50:00+00:00,19887.25,19892.5,19882.25,19887.5,0.0
2026-09-15T01:51:00+00:00,19887.5,19892.5,19882.5,19887.5,0.0
2026-09-15T01:52:00+00:00,19887.5,19892.5,19882.5,19887.5,0.0
2026-09-15T01:53:00+00:00,19887.5,19892.5,19882.5,19887.5,0.0
2026-09-15T01:54:00+00:00,19887.5,19892.75,19882.5,19887.75,0.0
2026-09-15T01:55:00+00:00,19887.75,19892.75,19882.75,19887.75,0.0
2026-09-15T01:56:00+00:00,19887.75,19892.75,19882.75,19887.75,0.0
2026-09-15T01:57:00+00:00,19887.75,19892.75,19882.75,19887.75,0.0
2026-09-15T01:58:00+00:00,19887.75,19893.0,19882.75,19888.0,0.0
2026-09-15T01:59:00+00:00,19888.0,19893.0,19883.0,19888.0,0.0
2026-09-15T02:00:00+00:00,19888.0,19893.0,19883.0,19888.0,0.0
2026-09-15T02:01:00+00:00,19888.0,19893.25,19883.0,19888.25,0.0
2026-09-15T02:02:00+00:00,19888.25,19893.75,19883.25,19888.75,0.0
2026-09-15T02:03:00+00:00,19888.75,19894.0,19883.75,19889.0,0.0
2026-09-15T02:04:00+00:00,19889.0,19894.5,19884.0,19889.5,0.0
2026-09-15T02:05:00+00:00,19889.5,19894.75,19884.5,19889.75,0.0
2026-09-15T02:06:00+00:00,19889.75,19895.0,19884.75,19890.0,0.0
2026-09-15T02:07:00+00:00,19890.0,19895.5,19885.0,19890.5,0.0
2026-09-15T02:08:00+00:00,19890.5,19895.75,19885.5,19890.75,0.0
2026-09-15T02:09:00+00:00,19890.75,19896.25,19885.75,19891.25,0.0
2026-09-15T02:10:00+00:00,19891.25,19896.5,19886.25,19891.5,0.0
2026-09-15T02:11:00+00:00,19891.5,19897.0,19886.5,19892.0,0.0
2026-09-15T02:12:00+00:00,19892.0,19897.25,19887.0,19892.25,0.0
2026-09-15T02:13:00+00:00,19892.25,19897.5,19887.25,19892.5,0.0
2026-09-15T02:14:00+00:00,19892.5,19898.0,19887.5,19893.0,0.0
2026-09-15T02:15:00+00:00,19893.0,19898.25,19888.0,19893.25,0.0
2026-09-15T02:16:00+00:00,19893.25,19898.75,19888.25,19893.75,0.0
2026-09-15T02:17:00+00:00,19893.75,19899.0,19888.75,19894.0,0.0
2026-09-15T02:18:00+00:00,19894.0,19899.25,19889.0,19894.25,0.0
2026-09-15T02:19:00+00:00,19894.25,19899.75,19889.25,19894.75,0.0
2026-09-15T02:20:00+00:00,19894.75,19900.0,19889.75,19895.0,0.0
2026-09-15T02:21:00+00:00,19895.0,19900.5,19890.0,19895.5,0.0
2026-09-15T02:22:00+00:00,19895.5,19900.75,19890.5,19895.75,0.0
2026-09-15T02:23:00+00:00,19895.75,19901.0,19890.75,19896.0,0.0
2026-09-15T02:24:00+00:00,19896.0,19901.5,19891.0,19896.5,0.0
2026-09-15T02:25:00+00:00,19896.5,19901.75,19891.5,19896.75,0.0
2026-09-15T02:26:00+00:00,19896.75,19902.25,19891.75,19897.25,0.0
2026-09-15T02:27:00+00:00,19897.25,19902.5,19892.25,19897.5,0.0
2026-09-15T02:28:00+00:00,19897.5,19903.0,19892.5,19898.0,0.0
2026-09-15T02:29:00+00:00,19898.0,19903.25,19893.0,19898.25,0.0
2026-09-15T02:30:00+00:00,19898.25,19903.5,19893.25,19898.5,0.0
2026-09-15T02:31:00+00:00,19898.5,19904.0,19893.5,19899.0,0.0
2026-09-15T02:32:00+00:00,19899.0,19904.25,19894.0,19899.25,0.0
2026-09-15T02:33:00+00:00,19899.25,19904.75,19894.25,19899.75,0.0
2026-09-15T02:34:00+00:00,19899.75,19905.0,19894.75,19900.0,0.0
2026-09-15T02:35:00+00:00,19900.0,19905.25,19895.0,19900.25,0.0
2026-09-15T02:36:00+00:00,19900.25,19905.75,19895.25,19900.75,0.0
2026-09-15T02:37:00+00:00,19900.75,19906.0,19895.75,19901.0,0.0
2026-09-15T02:38:00+00:00,19901.0,19906.5,19896.0,19901.5,0.0
2026-09-15T02:39:00+00:00,19901.5,19906.75,19896.5,19901.75,0.0
2026-09-15T02:40:00+00:00,19901.75,19907.0,19896.75,19902.0,0.0
2026-09-15T02:41:00+00:00,19902.0,19907.5,19897.0,19902.5,0.0
2026-09-15T02:42:00+00:00,19902.5,19907.75,19897.5,19902.75,0.0
2026-09-15T02:43:00+00:00,19902.75,19908.25,19897.75,19903.25,0.0
2026-09-15T02:44:00+00:00,19903.25,19908.5,19898.25,19903.5,0.0
2026-09-15T02:45:00+00:00,19903.5,19909.0,19898.5,19904.0,0.0
2026-09-15T02:46:00+00:00,19904.0,19909.25,19899.0,19904.25,0.0
2026-09-15T02:47:00+00:00,19904.25,19909.5,19899.25,19904.5,0.0
2026-09-15T02:48:00+00:00,19904.5,19910.0,19899.5,19905.0,0.0
2026-09-15T02:49:00+00:00,19905.0,19910.25,19900.0,19905.25,0.0
2026-09-15T02:50:00+00:00,19905.25,19910.75,19900.25,19905.75,0.0
2026-09-15T02:51:00+00:00,19905.75,19911.0,19900.75,19906.0,0.0
2026-09-15T02:52:00+00:00,19906.0,19911.25,19901.0,19906.25,0.0
2026-09-15T02:53:00+00:00,19906.25,19911.75,19901.25,19906.75,0.0
2026-09-15T02:54:00+00:00,19906.75,19912.0,19901.75,19907.0,0.0
2026-09-15T02:55:00+00:00,19907.0,19912.5,19902.0,19907.5,0.0
2026-09-15T02:56:00+00:00,19907.5,19912.75,19902.5,19907.75,0.0
2026-09-15T02:57:00+00:00,19907.75,19913.0,19902.75,19908.0,0.0
2026-09-15T02:58:00+00:00,19908.0,19913.5,19903.0,19908.5,0.0
2026-09-15T02:59:00+00:00,19908.5,19913.75,19903.5,19908.75,0.0
2026-09-15T03:00:00+00:00,19908.75,19914.25,19903.75,19909.25,0.0
2026-09-15T03:01:00+00:00,19909.25,19914.5,19904.25,19909.5,0.0
2026-09-15T03:02:00+00:00,19909.5,19915.0,19904.5,19910.0,0.0
2026-09-15T03:03:00+00:00,19910.0,19915.25,19905.0,19910.25,0.0
2026-09-15T03:04:00+00:00,19910.25,19915.5,19905.25,19910.5,0.0
2026-09-15T03:05:00+00:00,19910.5,19916.0,19905.5,19911.0,0.0
2026-09-15T03:06:00+00:00,19911.0,19916.25,19906.0,19911.25,0.0
2026-09-15T03:07:00+00:00,19911.25,19916.75,19906.25,19911.75,0.0
2026-09-15T03:08:00+00:00,19911.75,19917.0,19906.75,19912.0,0.0
2026-09-15T03:09:00+00:00,19912.0,19917.25,19907.0,19912.25,0.0
2026-09-15T03:10:00+00:00,19912.25,19917.75,19907.25,19912.75,0.0
2026-09-15T03:11:00+00:00,19912.75,19918.0,19907.75,19913.0,0.0
2026-09-15T03:12:00+00:00,19913.0,19918.5,19908.0,19913.5,0.0
2026-09-15T03:13:00+00:00,19913.5,19918.75,19908.5,19913.75,0.0
2026-09-15T03:14:00+00:00,19913.75,19919.0,19908.75,19914.0,0.0
2026-09-15T03:15:00+00:00,19914.0,19919.5,19909.0,19914.5,0.0
2026-09-15T03:16:00+00:00,19914.5,19919.75,19909.5,19914.75,0.0
2026-09-15T03:17:00+00:00,19914.75,19920.25,19909.75,19915.25,0.0
2026-09-15T03:18:00+00:00,19915.25,19920.5,19910.25,19915.5,0.0
2026-09-15T03:19:00+00:00,19915.5,19921.0,19910.5,19916.0,0.0
2026-09-15T03:20:00+00:00,19916.0,19921.25,19911.0,19916.25,0.0
2026-09-15T03:21:00+00:00,19916.25,19921.5,19911.25,19916.5,0.0
2026-09-15T03:22:00+00:00,19916.5,19922.0,19911.5,19917.0,0.0
2026-09-15T03:23:00+00:00,19917.0,19922.25,19912.0,19917.25,0.0
2026-09-15T03:24:00+00:00,19917.25,19922.75,19912.25,19917.75,0.0
2026-09-15T03:25:00+00:00,19917.75,19923.0,19912.75,19918.0,0.0
2026-09-15T03:26:00+00:00,19918.0,19923.25,19913.0,19918.25,0.0
2026-09-15T03:27:00+00:00,19918.25,19923.75,19913.25,19918.75,0.0
2026-09-15T03:28:00+00:00,19918.75,19924.0,19913.75,19919.0,0.0
2026-09-15T03:29:00+00:00,19919.0,19924.5,19914.0,19919.5,0.0
2026-09-15T03:30:00+00:00,19919.5,19924.75,19914.5,19919.75,0.0
2026-09-15T03:31:00+00:00,19919.75,19925.0,19914.75,19920.0,0.0
2026-09-15T03:32:00+00:00,19920.0,19925.5,19915.0,19920.5,0.0
2026-09-15T03:33:00+00:00,19920.5,19925.75,19915.5,19920.75,0.0
2026-09-15T03:34:00+00:00,19920.75,19926.25,19915.75,19921.25,0.0
2026-09-15T03:35:00+00:00,19921.25,19926.5,19916.25,19921.5,0.0
2026-09-15T03:36:00+00:00,19921.5,19927.0,19916.5,19922.0,0.0
2026-09-15T03:37:00+00:00,19922.0,19927.25,19917.0,19922.25,0.0
2026-09-15T03:38:00+00:00,19922.25,19927.5,19917.25,19922.5,0.0
2026-09-15T03:39:00+00:00,19922.5,19928.0,19917.5,19923.0,0.0
2026-09-15T03:40:00+00:00,19923.0,19928.25,19918.0,19923.25,0.0
2026-09-15T03:41:00+00:00,19923.25,19928.75,19918.25,19923.75,0.0
2026-09-15T03:42:00+00:00,19923.75,19929.0,19918.75,19924.0,0.0
2026-09-15T03:43:00+00:00,19924.0,19929.25,19919.0,19924.25,0.0
2026-09-15T03:44:00+00:00,19924.25,19929.75,19919.25,19924.75,0.0
2026-09-15T03:45:00+00:00,19924.75,19930.0,19919.75,19925.0,0.0
2026-09-15T03:46:00+00:00,19925.0,19930.5,19920.0,19925.5,0.0
2026-09-15T03:47:00+00:00,19925.5,19930.75,19920.5,19925.75,0.0
2026-09-15T03:48:00+00:00,19925.75,19931.0,19920.75,19926.0,0.0
2026-09-15T03:49:00+00:00,19926.0,19931.5,19921.0,19926.5,0.0
2026-09-15T03:50:00+00:00,19926.5,19931.75,19921.5,19926.75,0.0
2026-09-15T03:51:00+00:00,19926.75,19932.25,19921.75,19927.25,0.0
2026-09-15T03:52:00+00:00,19927.25,19932.5,19922.25,19927.5,0.0
2026-09-15T03:53:00+00:00,19927.5,19933.0,19922.5,19928.0,0.0
2026-09-15T03:54:00+00:00,19928.0,19933.25,19923.0,19928.25,0.0
2026-09-15T03:55:00+00:00,19928.25,19933.5,19923.25,19928.5,0.0
2026-09-15T03:56:00+00:00,19928.5,19934.0,19923.5,19929.0,0.0
2026-09-15T03:57:00+00:00,19929.0,19934.25,19924.0,19929.25,0.0
2026-09-15T03:58:00+00:00,19929.25,19934.75,19924.25,19929.75,0.0
2026-09-15T03:59:00+00:00,19929.75,19935.0,19924.75,19930.0,0.0
2026-09-15T04:00:00+00:00,19930.0,19935.0,19925.0,19930.0,0.0
2026-09-15T04:01:00+00:00,19930.0,19935.5,19925.0,19930.5,0.0
2026-09-15T04:02:00+00:00,19930.5,19936.0,19925.5,19931.0,0.0
2026-09-15T04:03:00+00:00,19931.0,19936.5,19926.0,19931.5,0.0
2026-09-15T04:04:00+00:00,19931.5,19937.0,19926.5,19932.0,0.0
2026-09-15T04:05:00+00:00,19932.0,19937.25,19927.0,19932.25,0.0
2026-09-15T04:06:00+00:00,19932.25,19937.75,19927.25,19932.75,0.0
2026-09-15T04:07:00+00:00,19932.75,19938.25,19927.75,19933.25,0.0
2026-09-15T04:08:00+00:00,19933.25,19938.75,19928.25,19933.75,0.0
2026-09-15T04:09:00+00:00,19933.75,19939.25,19928.75,19934.25,0.0
2026-09-15T04:10:00+00:00,19934.25,19939.75,19929.25,19934.75,0.0
2026-09-15T04:11:00+00:00,19934.75,19940.25,19929.75,19935.25,0.0
2026-09-15T04:12:00+00:00,19935.25,19940.75,19930.25,19935.75,0.0
2026-09-15T04:13:00+00:00,19935.75,19941.25,19930.75,19936.25,0.0
2026-09-15T04:14:00+00:00,19936.25,19941.75,19931.25,19936.75,0.0
2026-09-15T04:15:00+00:00,19936.75,19942.0,19931.75,19937.0,0.0
2026-09-15T04:16:00+00:00,19937.0,19942.5,19932.0,19937.5,0.0
2026-09-15T04:17:00+00:00,19937.5,19943.0,19932.5,19938.0,0.0
2026-09-15T04:18:00+00:00,19938.0,19943.5,19933.0,19938.5,0.0
2026-09-15T04:19:00+00:00,19938.5,19944.0,19933.5,19939.0,0.0
2026-09-15T04:20:00+00:00,19939.0,19944.5,19934.0,19939.5,0.0
2026-09-15T04:21:00+00:00,19939.5,19945.0,19934.5,19940.0,0.0
2026-09-15T04:22:00+00:00,19940.0,19945.5,19935.0,19940.5,0.0
2026-09-15T04:23:00+00:00,19940.5,19946.0,19935.5,19941.0,0.0
2026-09-15T04:24:00+00:00,19941.0,19946.5,19936.0,19941.5,0.0
2026-09-15T04:25:00+00:00,19941.5,19946.75,19936.5,19941.75,0.0
2026-09-15T04:26:00+00:00,19941.75,19947.25,19936.75,19942.25,0.0
2026-09-15T04:27:00+00:00,19942.25,19947.75,19937.25,19942.75,0.0
2026-09-15T04:28:00+00:00,19942.75,19948.25,19937.75,19943.25,0.0
2026-09-15T04:29:00+00:00,19943.25,19948.75,19938.25,19943.75,0.0
2026-09-15T04:30:00+00:00,19943.75,19949.25,19938.75,19944.25,0.0
2026-09-15T04:31:00+00:00,19944.25,19949.75,19939.25,19944.75,0.0
2026-09-15T04:32:00+00:00,19944.75,19950.25,19939.75,19945.25,0.0
2026-09-15T04:33:00+00:00,19945.25,19950.75,19940.25,19945.75,0.0
2026-09-15T04:34:00+00:00,19945.75,19951.25,19940.75,19946.25,0.0
2026-09-15T04:35:00+00:00,19946.25,19951.5,19941.25,19946.5,0.0
2026-09-15T04:36:00+00:00,19946.5,19952.0,19941.5,19947.0,0.0
2026-09-15T04:37:00+00:00,19947.0,19952.5,19942.0,19947.5,0.0
2026-09-15T04:38:00+00:00,19947.5,19953.0,19942.5,19948.0,0.0
2026-09-15T04:39:00+00:00,19948.0,19953.5,19943.0,19948.5,0.0
2026-09-15T04:40:00+00:00,19948.5,19954.0,19943.5,19949.0,0.0
2026-09-15T04:41:00+00:00,19949.0,19954.5,19944.0,19949.5,0.0
2026-09-15T04:42:00+00:00,19949.5,19955.0,19944.5,19950.0,0.0
2026-09-15T04:43:00+00:00,19950.0,19955.5,19945.0,19950.5,0.0
2026-09-15T04:44:00+00:00,19950.5,19956.0,19945.5,19951.0,0.0
2026-09-15T04:45:00+00:00,19951.0,19956.25,19946.0,19951.25,0.0
2026-09-15T04:46:00+00:00,19951.25,19956.75,19946.25,19951.75,0.0
2026-09-15T04:47:00+00:00,19951.75,19957.25,19946.75,19952.25,0.0
2026-09-15T04:48:00+00:00,19952.25,19957.75,19947.25,19952.75,0.0
2026-09-15T04:49:00+00:00,19952.75,19958.25,19947.75,19953.25,0.0
2026-09-15T04:50:00+00:00,19953.25,19958.75,19948.25,19953.75,0.0
2026-09-15T04:51:00+00:00,19953.75,19959.25,19948.75,19954.25,0.0
2026-09-15T04:52:00+00:00,19954.25,19959.75,19949.25,19954.75,0.0
2026-09-15T04:53:00+00:00,19954.75,19960.25,19949.75,19955.25,0.0
2026-09-15T04:54:00+00:00,19955.25,19960.75,19950.25,19955.75,0.0
2026-09-15T04:55:00+00:00,19955.75,19961.0,19950.75,19956.0,0.0
2026-09-15T04:56:00+00:00,19956.0,19961.5,19951.0,19956.5,0.0
2026-09-15T04:57:00+00:00,19956.5,19962.0,19951.5,19957.0,0.0
2026-09-15T04:58:00+00:00,19957.0,19962.5,19952.0,19957.5,0.0
2026-09-15T04:59:00+00:00,19957.5,19963.0,19952.5,19958.0,0.0
2026-09-15T05:00:00+00:00,19958.0,19963.5,19953.0,19958.5,0.0
2026-09-15T05:01:00+00:00,19958.5,19964.0,19953.5,19959.0,0.0
2026-09-15T05:02:00+00:00,19959.0,19964.5,19954.0,19959.5,0.0
2026-09-15T05:03:00+00:00,19959.5,19965.0,19954.5,19960.0,0.0
2026-09-15T05:04:00+00:00,19960.0,19965.5,19955.0,19960.5,0.0
2026-09-15T05:05:00+00:00,19960.5,19965.75,19955.5,19960.75,0.0
2026-09-15T05:06:00+00:00,19960.75,19966.25,19955.75,19961.25,0.0
2026-09-15T05:07:00+00:00,19961.25,19966.75,19956.25,19961.75,0.0
2026-09-15T05:08:00+00:00,19961.75,19967.25,19956.75,19962.25,0.0
2026-09-15T05:09:00+00:00,19962.25,19967.75,19957.25,19962.75,0.0
2026-09-15T05:10:00+00:00,19962.75,19968.25,19957.75,19963.25,0.0
2026-09-15T05:11:00+00:00,19963.25,19968.75,19958.25,19963.75,0.0
2026-09-15T05:12:00+00:00,19963.75,19969.25,19958.75,19964.25,0.0
2026-09-15T05:13:00+00:00,19964.25,19969.75,19959.25,19964.75,0.0
2026-09-15T05:14:00+00:00,19964.75,19970.25,19959.75,19965.25,0.0
2026-09-15T05:15:00+00:00,19965.25,19970.5,19960.25,19965.5,0.0
2026-09-15T05:16:00+00:00,19965.5,19971.0,19960.5,19966.0,0.0
2026-09-15T05:17:00+00:00,19966.0,19971.5,19961.0,19966.5,0.0
2026-09-15T05:18:00+00:00,19966.5,19972.0,19961.5,19967.0,0.0
2026-09-15T05:19:00+00:00,19967.0,19972.5,19962.0,19967.5,0.0
2026-09-15T05:20:00+00:00,19967.5,19973.0,19962.5,19968.0,0.0
2026-09-15T05:21:00+00:00,19968.0,19973.5,19963.0,19968.5,0.0
2026-09-15T05:22:00+00:00,19968.5,19974.0,19963.5,19969.0,0.0
2026-09-15T05:23:00+00:00,19969.0,19974.5,19964.0,19969.5,0.0
2026-09-15T05:24:00+00:00,19969.5,19975.0,19964.5,19970.0,0.0
2026-09-15T05:25:00+00:00,19970.0,19975.25,19965.0,19970.25,0.0
2026-09-15T05:26:00+00:00,19970.25,19975.75,19965.25,19970.75,0.0
2026-09-15T05:27:00+00:00,19970.75,19976.25,19965.75,19971.25,0.0
2026-09-15T05:28:00+00:00,19971.25,19976.75,19966.25,19971.75,0.0
2026-09-15T05:29:00+00:00,19971.75,19977.25,19966.75,19972.25,0.0
2026-09-15T05:30:00+00:00,19972.25,19977.75,19967.25,19972.75,0.0
2026-09-15T05:31:00+00:00,19972.75,19978.25,19967.75,19973.25,0.0
2026-09-15T05:32:00+00:00,19973.25,19978.75,19968.25,19973.75,0.0
2026-09-15T05:33:00+00:00,19973.75,19979.25,19968.75,19974.25,0.0
2026-09-15T05:34:00+00:00,19974.25,19979.75,19969.25,19974.75,0.0
2026-09-15T05:35:00+00:00,19974.75,19980.0,19969.75,19975.0,0.0
2026-09-15T05:36:00+00:00,19975.0,19980.5,19970.0,19975.5,0.0
2026-09-15T05:37:00+00:00,19975.5,19981.0,19970.5,19976.0,0.0
2026-09-15T05:38:00+00:00,19976.0,19981.5,19971.0,19976.5,0.0
2026-09-15T05:39:00+00:00,19976.5,19982.0,19971.5,19977.0,0.0
2026-09-15T05:40:00+00:00,19977.0,19982.5,19972.0,19977.5,0.0
2026-09-15T05:41:00+00:00,19977.5,19983.0,19972.5,19978.0,0.0
2026-09-15T05:42:00+00:00,19978.0,19983.5,19973.0,19978.5,0.0
2026-09-15T05:43:00+00:00,19978.5,19984.0,19973.5,19979.0,0.0
2026-09-15T05:44:00+00:00,19979.0,19984.5,19974.0,19979.5,0.0
2026-09-15T05:45:00+00:00,19979.5,19984.75,19974.5,19979.75,0.0
2026-09-15T05:46:00+00:00,19979.75,19985.25,19974.75,19980.25,0.0
2026-09-15T05:47:00+00:00,19980.25,19985.75,19975.25,19980.75,0.0
2026-09-15T05:48:00+00:00,19980.75,19986.25,19975.75,19981.25,0.0
2026-09-15T05:49:00+00:00,19981.25,19986.75,19976.25,19981.75,0.0
2026-09-15T05:50:00+00:00,19981.75,19987.25,19976.75,19982.25,0.0
2026-09-15T05:51:00+00:00,19982.25,19987.75,19977.25,19982.75,0.0
2026-09-15T05:52:00+00:00,19982.75,19988.25,19977.75,19983.25,0.0
2026-09-15T05:53:00+00:00,19983.25,19988.75,19978.25,19983.75,0.0
2026-09-15T05:54:00+00:00,19983.75,19989.25,19978.75,19984.25,0.0
2026-09-15T05:55:00+00:00,19984.25,19989.5,19979.25,19984.5,0.0
2026-09-15T05:56:00+00:00,19984.5,19990.0,19979.5,19985.0,0.0
2026-09-15T05:57:00+00:00,19985.0,19990.5,19980.0,19985.5,0.0
2026-09-15T05:58:00+00:00,19985.5,19991.0,19980.5,19986.0,0.0
2026-09-15T05:59:00+00:00,19986.0,19991.5,19981.0,19986.5,0.0
2026-09-15T06:00:00+00:00,19986.5,19992.0,19981.5,19987.0,0.0
2026-09-15T06:01:00+00:00,19987.0,19992.5,19982.0,19987.5,0.0
2026-09-15T06:02:00+00:00,19987.5,19993.0,19982.5,19988.0,0.0
2026-09-15T06:03:00+00:00,19988.0,19993.5,19983.0,19988.5,0.0
2026-09-15T06:04:00+00:00,19988.5,19994.0,19983.5,19989.0,0.0
2026-09-15T06:05:00+00:00,19989.0,19994.25,19984.0,19989.25,0.0
2026-09-15T06:06:00+00:00,19989.25,19994.75,19984.25,19989.75,0.0
2026-09-15T06:07:00+00:00,19989.75,19995.25,19984.75,19990.25,0.0
2026-09-15T06:08:00+00:00,19990.25,19995.75,19985.25,19990.75,0.0
2026-09-15T06:09:00+00:00,19990.75,19996.25,19985.75,19991.25,0.0
2026-09-15T06:10:00+00:00,19991.25,19996.75,19986.25,19991.75,0.0
2026-09-15T06:11:00+00:00,19991.75,19997.25,19986.75,19992.25,0.0
2026-09-15T06:12:00+00:00,19992.25,19997.75,19987.25,19992.75,0.0
2026-09-15T06:13:00+00:00,19992.75,19998.25,19987.75,19993.25,0.0
2026-09-15T06:14:00+00:00,19993.25,19998.75,19988.25,19993.75,0.0
2026-09-15T06:15:00+00:00,19993.75,19999.0,19988.75,19994.0,0.0
2026-09-15T06:16:00+00:00,19994.0,19999.5,19989.0,19994.5,0.0
2026-09-15T06:17:00+00:00,19994.5,20000.0,19989.5,19995.0,0.0
2026-09-15T06:18:00+00:00,19995.0,20000.5,19990.0,19995.5,0.0
2026-09-15T06:19:00+00:00,19995.5,20001.0,19990.5,19996.0,0.0
2026-09-15T06:20:00+00:00,19996.0,20001.5,19991.0,19996.5,0.0
2026-09-15T06:21:00+00:00,19996.5,20002.0,19991.5,19997.0,0.0
2026-09-15T06:22:00+00:00,19997.0,20002.5,19992.0,19997.5,0.0
2026-09-15T06:23:00+00:00,19997.5,20003.0,19992.5,19998.0,0.0
2026-09-15T06:24:00+00:00,19998.0,20003.5,19993.0,19998.5,0.0
2026-09-15T06:25:00+00:00,19998.5,20003.75,19993.5,19998.75,0.0
2026-09-15T06:26:00+00:00,19998.75,20004.25,19993.75,19999.25,0.0
2026-09-15T06:27:00+00:00,19999.25,20004.75,19994.25,19999.75,0.0
2026-09-15T06:28:00+00:00,19999.75,20005.25,19994.75,20000.25,0.0
2026-09-15T06:29:00+00:00,20000.25,20005.75,19995.25,20000.75,0.0
2026-09-15T06:30:00+00:00,20000.75,20006.25,19995.75,20001.25,0.0
2026-09-15T06:31:00+00:00,20001.25,20006.75,19996.25,20001.75,0.0
2026-09-15T06:32:00+00:00,20001.75,20007.25,19996.75,20002.25,0.0
2026-09-15T06:33:00+00:00,20002.25,20007.75,19997.25,20002.75,0.0
2026-09-15T06:34:00+00:00,20002.75,20008.25,19997.75,20003.25,0.0
2026-09-15T06:35:00+00:00,20003.25,20008.5,19998.25,20003.5,0.0
2026-09-15T06:36:00+00:00,20003.5,20009.0,19998.5,20004.0,0.0
2026-09-15T06:37:00+00:00,20004.0,20009.5,19999.0,20004.5,0.0
2026-09-15T06:38:00+00:00,20004.5,20010.0,19999.5,20005.0,0.0
2026-09-15T06:39:00+00:00,20005.0,20010.5,20000.0,20005.5,0.0
2026-09-15T06:40:00+00:00,20005.5,20011.0,20000.5,20006.0,0.0
2026-09-15T06:41:00+00:00,20006.0,20011.5,20001.0,20006.5,0.0
2026-09-15T06:42:00+00:00,20006.5,20012.0,20001.5,20007.0,0.0
2026-09-15T06:43:00+00:00,20007.0,20012.5,20002.0,20007.5,0.0
2026-09-15T06:44:00+00:00,20007.5,20013.0,20002.5,20008.0,0.0
2026-09-15T06:45:00+00:00,20008.0,20013.25,20003.0,20008.25,0.0
2026-09-15T06:46:00+00:00,20008.25,20013.75,20003.25,20008.75,0.0
2026-09-15T06:47:00+00:00,20008.75,20014.25,20003.75,20009.25,0.0
2026-09-15T06:48:00+00:00,20009.25,20014.75,20004.25,20009.75,0.0
2026-09-15T06:49:00+00:00,20009.75,20015.25,20004.75,20010.25,0.0
2026-09-15T06:50:00+00:00,20010.25,20015.75,20005.25,20010.75,0.0
2026-09-15T06:51:00+00:00,20010.75,20016.25,20005.75,20011.25,0.0
2026-09-15T06:52:00+00:00,20011.25,20016.75,20006.25,20011.75,0.0
2026-09-15T06:53:00+00:00,20011.75,20017.25,20006.75,20012.25,0.0
2026-09-15T06:54:00+00:00,20012.25,20017.75,20007.25,20012.75,0.0
2026-09-15T06:55:00+00:00,20012.75,20018.0,20007.75,20013.0,0.0
2026-09-15T06:56:00+00:00,20013.0,20018.5,20008.0,20013.5,0.0
2026-09-15T06:57:00+00:00,20013.5,20019.0,20008.5,20014.0,0.0
2026-09-15T06:58:00+00:00,20014.0,20019.5,20009.0,20014.5,0.0
2026-09-15T06:59:00+00:00,20014.5,20020.0,20009.5,20015.0,0.0
2026-09-15T07:00:00+00:00,20015.0,20020.0,20010.0,20015.0,0.0
2026-09-15T07:01:00+00:00,20015.0,20020.0,20006.5,20011.5,0.0
2026-09-15T07:02:00+00:00,20011.5,20016.5,20003.0,20008.0,0.0
2026-09-15T07:03:00+00:00,20008.0,20013.0,19999.5,20004.5,0.0
2026-09-15T07:04:00+00:00,20004.5,20009.5,19996.0,20001.0,0.0
2026-09-15T07:05:00+00:00,20001.0,20006.0,19992.5,19997.5,0.0
2026-09-15T07:06:00+00:00,19997.5,20002.5,19989.0,19994.0,0.0
2026-09-15T07:07:00+00:00,19994.0,19999.0,19985.5,19990.5,0.0
2026-09-15T07:08:00+00:00,19990.5,19995.5,19982.25,19987.25,0.0
2026-09-15T07:09:00+00:00,19987.25,19992.25,19978.75,19983.75,0.0
2026-09-15T07:10:00+00:00,19983.75,19988.75,19975.25,19980.25,0.0
2026-09-15T07:11:00+00:00,19980.25,19985.25,19971.75,19976.75,0.0
2026-09-15T07:12:00+00:00,19976.75,19981.75,19968.25,19973.25,0.0
2026-09-15T07:13:00+00:00,19973.25,19978.25,19964.75,19969.75,0.0
2026-09-15T07:14:00+00:00,19969.75,19974.75,19961.25,19966.25,0.0
2026-09-15T07:15:00+00:00,19966.25,19971.25,19957.75,19962.75,0.0
2026-09-15T07:16:00+00:00,19962.75,19967.75,19954.25,19959.25,0.0
2026-09-15T07:17:00+00:00,19959.25,19964.25,19950.75,19955.75,0.0
2026-09-15T07:18:00+00:00,19955.75,19960.75,19947.25,19952.25,0.0
2026-09-15T07:19:00+00:00,19952.25,19957.25,19943.75,19948.75,0.0
2026-09-15T07:20:00+00:00,19948.75,19953.75,19940.25,19945.25,0.0
2026-09-15T07:21:00+00:00,19945.25,19950.25,19936.75,19941.75,0.0
2026-09-15T07:22:00+00:00,19941.75,19946.75,19933.5,19938.5,0.0
2026-09-15T07:23:00+00:00,19938.5,19943.5,19930.0,19935.0,0.0
2026-09-15T07:24:00+00:00,19935.0,19940.0,19926.5,19931.5,0.0
2026-09-15T07:25:00+00:00,19931.5,19936.5,19923.0,19928.0,0.0
2026-09-15T07:26:00+00:00,19928.0,19933.0,19919.5,19924.5,0.0
2026-09-15T07:27:00+00:00,19924.5,19929.5,19916.0,19921.0,0.0
2026-09-15T07:28:00+00:00,19921.0,19926.0,19912.5,19917.5,0.0
2026-09-15T07:29:00+00:00,19917.5,19922.5,19909.0,19914.0,0.0
2026-09-15T07:30:00+00:00,19914.0,19919.0,19909.0,19914.0,0.0
2026-09-15T07:31:00+00:00,19914.0,19919.25,19909.0,19914.25,0.0
2026-09-15T07:32:00+00:00,19914.25,19919.25,19909.25,19914.25,0.0
2026-09-15T07:33:00+00:00,19914.25,19919.5,19909.25,19914.5,0.0
2026-09-15T07:34:00+00:00,19914.5,19919.5,19909.5,19914.5,0.0
2026-09-15T07:35:00+00:00,19914.5,19919.75,19909.5,19914.75,0.0
2026-09-15T07:36:00+00:00,19914.75,19919.75,19909.75,19914.75,0.0
2026-09-15T07:37:00+00:00,19914.75,19920.0,19909.75,19915.0,0.0
2026-09-15T07:38:00+00:00,19915.0,19920.0,19910.0,19915.0,0.0
2026-09-15T07:39:00+00:00,19915.0,19920.25,19910.0,19915.25,0.0
2026-09-15T07:40:00+00:00,19915.25,19920.5,19910.25,19915.5,0.0
2026-09-15T07:41:00+00:00,19915.5,19920.5,19910.5,19915.5,0.0
2026-09-15T07:42:00+00:00,19915.5,19920.75,19910.5,19915.75,0.0
2026-09-15T07:43:00+00:00,19915.75,19920.75,19910.75,19915.75,0.0
2026-09-15T07:44:00+00:00,19915.75,19921.0,19910.75,19916.0,0.0
2026-09-15T07:45:00+00:00,19916.0,19921.0,19911.0,19916.0,0.0
2026-09-15T07:46:00+00:00,19916.0,19921.25,19911.0,19916.25,0.0
2026-09-15T07:47:00+00:00,19916.25,19921.25,19911.25,19916.25,0.0
2026-09-15T07:48:00+00:00,19916.25,19921.5,19911.25,19916.5,0.0
2026-09-15T07:49:00+00:00,19916.5,19921.5,19911.5,19916.5,0.0
2026-09-15T07:50:00+00:00,19916.5,19921.75,19911.5,19916.75,0.0
2026-09-15T07:51:00+00:00,19916.75,19922.0,19911.75,19917.0,0.0
2026-09-15T07:52:00+00:00,19917.0,19922.0,19912.0,19917.0,0.0
2026-09-15T07:53:00+00:00,19917.0,19922.25,19912.0,19917.25,0.0
2026-09-15T07:54:00+00:00,19917.25,19922.25,19912.25,19917.25,0.0
2026-09-15T07:55:00+00:00,19917.25,19922.5,19912.25,19917.5,0.0
2026-09-15T07:56:00+00:00,19917.5,19922.5,19912.5,19917.5,0.0
2026-09-15T07:57:00+00:00,19917.5,19922.75,19912.5,19917.75,0.0
2026-09-15T07:58:00+00:00,19917.75,19922.75,19912.75,19917.75,0.0
2026-09-15T07:59:00+00:00,19917.75,19923.0,19912.75,19918.0,0.0
2026-09-15T08:00:00+00:00,19918.0,19923.0,19913.0,19918.0,0.0
2026-09-15T08:01:00+00:00,19918.0,19923.75,19913.0,19918.75,0.0
2026-09-15T08:02:00+00:00,19918.75,19924.75,19913.75,19919.75,0.0
2026-09-15T08:03:00+00:00,19919.75,19925.5,19914.75,19920.5,0.0
2026-09-15T08:04:00+00:00,19920.5,19926.25,19915.5,19921.25,0.0
2026-09-15T08:05:00+00:00,19921.25,19927.0,19916.25,19922.0,0.0
2026-09-15T08:06:00+00:00,19922.0,19928.0,19917.0,19923.0,0.0
2026-09-15T08:07:00+00:00,19923.0,19928.75,19918.0,19923.75,0.0
2026-09-15T08:08:00+00:00,19923.75,19929.5,19918.75,19924.5,0.0
2026-09-15T08:09:00+00:00,19924.5,19930.25,19919.5,19925.25,0.0
2026-09-15T08:10:00+00:00,19925.25,19931.25,19920.25,19926.25,0.0
2026-09-15T08:11:00+00:00,19926.25,19932.0,19921.25,19927.0,0.0
2026-09-15T08:12:00+00:00,19927.0,19932.75,19922.0,19927.75,0.0
2026-09-15T08:13:00+00:00,19927.75,19933.5,19922.75,19928.5,0.0
2026-09-15T08:14:00+00:00,19928.5,19934.5,19923.5,19929.5,0.0
2026-09-15T08:15:00+00:00,19929.5,19935.25,19924.5,19930.25,0.0
2026-09-15T08:16:00+00:00,19930.25,19936.0,19925.25,19931.0,0.0
2026-09-15T08:17:00+00:00,19931.0,19936.75,19926.0,19931.75,0.0
2026-09-15T08:18:00+00:00,19931.75,19937.75,19926.75,19932.75,0.0
2026-09-15T08:19:00+00:00,19932.75,19938.5,19927.75,19933.5,0.0
2026-09-15T08:20:00+00:00,19933.5,19939.25,19928.5,19934.25,0.0
2026-09-15T08:21:00+00:00,19934.25,19940.0,19929.25,19935.0,0.0
2026-09-15T08:22:00+00:00,19935.0,19941.0,19930.0,19936.0,0.0
2026-09-15T08:23:00+00:00,19936.0,19941.75,19931.0,19936.75,0.0
2026-09-15T08:24:00+00:00,19936.75,19942.5,19931.75,19937.5,0.0
2026-09-15T08:25:00+00:00,19937.5,19943.5,19932.5,19938.5,0.0
2026-09-15T08:26:00+00:00,19938.5,19944.25,19933.5,19939.25,0.0
2026-09-15T08:27:00+00:00,19939.25,19945.0,19934.25,19940.0,0.0
2026-09-15T08:28:00+00:00,19940.0,19945.75,19935.0,19940.75,0.0
2026-09-15T08:29:00+00:00,19940.75,19946.75,19935.75,19941.75,0.0
2026-09-15T08:30:00+00:00,19941.75,19947.5,19936.75,19942.5,0.0
2026-09-15T08:31:00+00:00,19942.5,19948.25,19937.5,19943.25,0.0
2026-09-15T08:32:00+00:00,19943.25,19949.0,19938.25,19944.0,0.0
2026-09-15T08:33:00+00:00,19944.0,19950.0,19939.0,19945.0,0.0
2026-09-15T08:34:00+00:00,19945.0,19950.75,19940.0,19945.75,0.0
2026-09-15T08:35:00+00:00,19945.75,19951.5,19940.75,19946.5,0.0
2026-09-15T08:36:00+00:00,19946.5,19952.25,19941.5,19947.25,0.0
2026-09-15T08:37:00+00:00,19947.25,19953.25,19942.25,19948.25,0.0
2026-09-15T08:38:00+00:00,19948.25,19954.0,19943.25,19949.0,0.0
2026-09-15T08:39:00+00:00,19949.0,19954.75,19944.0,19949.75,0.0
2026-09-15T08:40:00+00:00,19949.75,19955.5,19944.75,19950.5,0.0
2026-09-15T08:41:00+00:00,19950.5,19956.5,19945.5,19951.5,0.0
2026-09-15T08:42:00+00:00,19951.5,19957.25,19946.5,19952.25,0.0
2026-09-15T08:43:00+00:00,19952.25,19958.0,19947.25,19953.0,0.0
2026-09-15T08:44:00+00:00,19953.0,19958.75,19948.0,19953.75,0.0
2026-09-15T08:45:00+00:00,19953.75,19959.75,19948.75,19954.75,0.0
2026-09-15T08:46:00+00:00,19954.75,19960.5,19949.75,19955.5,0.0
2026-09-15T08:47:00+00:00,19955.5,19961.25,19950.5,19956.25,0.0
2026-09-15T08:48:00+00:00,19956.25,19962.25,19951.25,19957.25,0.0
2026-09-15T08:49:00+00:00,19957.25,19963.0,19952.25,19958.0,0.0
2026-09-15T08:50:00+00:00,19958.0,19963.75,19953.0,19958.75,0.0
2026-09-15T08:51:00+00:00,19958.75,19964.5,19953.75,19959.5,0.0
2026-09-15T08:52:00+00:00,19959.5,19965.5,19954.5,19960.5,0.0
2026-09-15T08:53:00+00:00,19960.5,19966.25,19955.5,19961.25,0.0
2026-09-15T08:54:00+00:00,19961.25,19967.0,19956.25,19962.0,0.0
2026-09-15T08:55:00+00:00,19962.0,19967.75,19957.0,19962.75,0.0
2026-09-15T08:56:00+00:00,19962.75,19968.75,19957.75,19963.75,0.0
2026-09-15T08:57:00+00:00,19963.75,19969.5,19958.75,19964.5,0.0
2026-09-15T08:58:00+00:00,19964.5,19970.25,19959.5,19965.25,0.0
2026-09-15T08:59:00+00:00,19965.25,19971.0,19960.25,19966.0,0.0
2026-09-15T09:00:00+00:00,19966.0,19972.0,19961.0,19967.0,0.0
2026-09-15T09:01:00+00:00,19967.0,19972.75,19962.0,19967.75,0.0
2026-09-15T09:02:00+00:00,19967.75,19973.5,19962.75,19968.5,0.0
2026-09-15T09:03:00+00:00,19968.5,19974.25,19963.5,19969.25,0.0
2026-09-15T09:04:00+00:00,19969.25,19975.25,19964.25,19970.25,0.0
2026-09-15T09:05:00+00:00,19970.25,19976.0,19965.25,19971.0,0.0
2026-09-15T09:06:00+00:00,19971.0,19976.75,19966.0,19971.75,0.0
2026-09-15T09:07:00+00:00,19971.75,19977.5,19966.75,19972.5,0.0
2026-09-15T09:08:00+00:00,19972.5,19978.5,19967.5,19973.5,0.0
2026-09-15T09:09:00+00:00,19973.5,19979.25,19968.5,19974.25,0.0
2026-09-15T09:10:00+00:00,19974.25,19980.0,19969.25,19975.0,0.0
2026-09-15T09:11:00+00:00,19975.0,19980.75,19970.0,19975.75,0.0
2026-09-15T09:12:00+00:00,19975.75,19981.75,19970.75,19976.75,0.0
2026-09-15T09:13:00+00:00,19976.75,19982.5,19971.75,19977.5,0.0
2026-09-15T09:14:00+00:00,19977.5,19983.25,19972.5,19978.25,0.0
2026-09-15T09:15:00+00:00,19978.25,19984.25,19973.25,19979.25,0.0
2026-09-15T09:16:00+00:00,19979.25,19985.0,19974.25,19980.0,0.0
2026-09-15T09:17:00+00:00,19980.0,19985.75,19975.0,19980.75,0.0
2026-09-15T09:18:00+00:00,19980.75,19986.5,19975.75,19981.5,0.0
2026-09-15T09:19:00+00:00,19981.5,19987.5,19976.5,19982.5,0.0
2026-09-15T09:20:00+00:00,19982.5,19988.25,19977.5,19983.25,0.0
2026-09-15T09:21:00+00:00,19983.25,19989.0,19978.25,19984.0,0.0
2026-09-15T09:22:00+00:00,19984.0,19989.75,19979.0,19984.75,0.0
2026-09-15T09:23:00+00:00,19984.75,19990.75,19979.75,19985.75,0.0
2026-09-15T09:24:00+00:00,19985.75,19991.5,19980.75,19986.5,0.0
2026-09-15T09:25:00+00:00,19986.5,19992.25,19981.5,19987.25,0.0
2026-09-15T09:26:00+00:00,19987.25,19993.0,19982.25,19988.0,0.0
2026-09-15T09:27:00+00:00,19988.0,19994.0,19983.0,19989.0,0.0
2026-09-15T09:28:00+00:00,19989.0,19994.75,19984.0,19989.75,0.0
2026-09-15T09:29:00+00:00,19989.75,19995.5,19984.75,19990.5,0.0
2026-09-15T09:30:00+00:00,19990.5,19996.25,19985.5,19991.25,0.0
2026-09-15T09:31:00+00:00,19991.25,19997.25,19986.25,19992.25,0.0
2026-09-15T09:32:00+00:00,19992.25,19998.0,19987.25,19993.0,0.0
2026-09-15T09:33:00+00:00,19993.0,19998.75,19988.0,19993.75,0.0
2026-09-15T09:34:00+00:00,19993.75,19999.5,19988.75,19994.5,0.0
2026-09-15T09:35:00+00:00,19994.5,20000.5,19989.5,19995.5,0.0
2026-09-15T09:36:00+00:00,19995.5,20001.25,19990.5,19996.25,0.0
2026-09-15T09:37:00+00:00,19996.25,20002.0,19991.25,19997.0,0.0
2026-09-15T09:38:00+00:00,19997.0,20003.0,19992.0,19998.0,0.0
2026-09-15T09:39:00+00:00,19998.0,20003.75,19993.0,19998.75,0.0
2026-09-15T09:40:00+00:00,19998.75,20004.5,19993.75,19999.5,0.0
2026-09-15T09:41:00+00:00,19999.5,20005.25,19994.5,20000.25,0.0
2026-09-15T09:42:00+00:00,20000.25,20006.25,19995.25,20001.25,0.0
2026-09-15T09:43:00+00:00,20001.25,20007.0,19996.25,20002.0,0.0
2026-09-15T09:44:00+00:00,20002.0,20007.75,19997.0,20002.75,0.0
2026-09-15T09:45:00+00:00,20002.75,20008.5,19997.75,20003.5,0.0
2026-09-15T09:46:00+00:00,20003.5,20009.5,19998.5,20004.5,0.0
2026-09-15T09:47:00+00:00,20004.5,20010.25,19999.5,20005.25,0.0
2026-09-15T09:48:00+00:00,20005.25,20011.0,20000.25,20006.0,0.0
2026-09-15T09:49:00+00:00,20006.0,20011.75,20001.0,20006.75,0.0
2026-09-15T09:50:00+00:00,20006.75,20012.75,20001.75,20007.75,0.0
2026-09-15T09:51:00+00:00,20007.75,20013.5,20002.75,20008.5,0.0
2026-09-15T09:52:00+00:00,20008.5,20014.25,20003.5,20009.25,0.0
2026-09-15T09:53:00+00:00,20009.25,20015.0,20004.25,20010.0,0.0
2026-09-15T09:54:00+00:00,20010.0,20016.0,20005.0,20011.0,0.0
2026-09-15T09:55:00+00:00,20011.0,20016.75,20006.0,20011.75,0.0
2026-09-15T09:56:00+00:00,20011.75,20017.5,20006.75,20012.5,0.0
2026-09-15T09:57:00+00:00,20012.5,20018.25,20007.5,20013.25,0.0
2026-09-15T09:58:00+00:00,20013.25,20019.25,20008.25,20014.25,0.0
2026-09-15T09:59:00+00:00,20014.25,20020.0,20009.25,20015.0,0.0
2026-09-15T10:00:00+00:00,20015.0,20017.0,20013.0,20015.0,0.0
2026-09-15T10:01:00+00:00,20015.0,20017.0,20010.0,20012.0,0.0
2026-09-15T10:02:00+00:00,20012.0,20014.0,20007.0,20009.0,0.0
2026-09-15T10:03:00+00:00,20009.0,20011.0,20004.0,20006.0,0.0
2026-09-15T10:04:00+00:00,20006.0,20008.0,20001.0,20003.0,0.0
2026-09-15T10:05:00+00:00,20003.0,20005.0,19998.0,20000.0,0.0
2026-09-15T10:06:00+00:00,20000.0,20002.0,19995.0,19997.0,0.0
2026-09-15T10:07:00+00:00,19997.0,19999.0,19992.0,19994.0,0.0
2026-09-15T10:08:00+00:00,19994.0,19996.0,19989.0,19991.0,0.0
2026-09-15T10:09:00+00:00,19991.0,19993.0,19986.0,19988.0,0.0
2026-09-15T10:10:00+00:00,19988.0,19990.0,19983.0,19985.0,0.0
2026-09-15T10:11:00+00:00,19985.0,19987.0,19980.0,19982.0,0.0
2026-09-15T10:12:00+00:00,19982.0,19984.0,19977.0,19979.0,0.0
2026-09-15T10:13:00+00:00,19979.0,19981.0,19974.0,19976.0,0.0
2026-09-15T10:14:00+00:00,19976.0,19978.0,19971.0,19973.0,0.0
2026-09-15T10:15:00+00:00,19973.0,19975.0,19968.0,19970.0,0.0
2026-09-15T10:16:00+00:00,19970.0,19972.0,19965.0,19967.0,0.0
2026-09-15T10:17:00+00:00,19967.0,19969.0,19962.0,19964.0,0.0
2026-09-15T10:18:00+00:00,19964.0,19966.0,19959.0,19961.0,0.0
2026-09-15T10:19:00+00:00,19961.0,19963.0,19956.0,19958.0,0.0
2026-09-15T10:20:00+00:00,19958.0,19960.0,19953.0,19955.0,0.0
2026-09-15T10:21:00+00:00,19955.0,19957.0,19950.0,19952.0,0.0
2026-09-15T10:22:00+00:00,19952.0,19954.0,19947.0,19949.0,0.0
2026-09-15T10:23:00+00:00,19949.0,19951.0,19944.0,19946.0,0.0
2026-09-15T10:24:00+00:00,19946.0,19948.0,19941.0,19943.0,0.0
2026-09-15T10:25:00+00:00,19943.0,19945.0,19938.0,19940.0,0.0
2026-09-15T10:26:00+00:00,19940.0,19942.0,19935.0,19937.0,0.0
2026-09-15T10:27:00+00:00,19937.0,19939.0,19932.0,19934.0,0.0
2026-09-15T10:28:00+00:00,19934.0,19936.0,19929.0,19931.0,0.0
2026-09-15T10:29:00+00:00,19931.0,19933.0,19926.0,19928.0,0.0
2026-09-15T10:30:00+00:00,19925.0,19927.0,19923.0,19926.0,0.0
2026-09-15T10:31:00+00:00,19925.0,19927.0,19923.0,19926.0,0.0
2026-09-15T10:32:00+00:00,19925.0,19927.0,19923.0,19926.0,0.0
2026-09-15T10:33:00+00:00,19925.0,19927.0,19923.0,19926.0,0.0
2026-09-15T10:34:00+00:00,19925.0,19927.0,19923.0,19926.0,0.0
2026-09-15T10:35:00+00:00,19925.0,19927.0,19923.0,19926.0,0.0
2026-09-15T10:36:00+00:00,19925.0,19927.0,19923.0,19926.0,0.0
2026-09-15T10:37:00+00:00,19925.0,19927.0,19923.0,19926.0,0.0
2026-09-15T10:38:00+00:00,19925.0,19927.0,19923.0,19926.0,0.0
2026-09-15T10:39:00+00:00,19925.0,19927.0,19923.0,19926.0,0.0
2026-09-15T10:40:00+00:00,19925.0,19927.0,19923.0,19926.0,0.0
2026-09-15T10:41:00+00:00,19925.0,19927.0,19923.0,19926.0,0.0
2026-09-15T10:42:00+00:00,19925.0,19927.0,19923.0,19926.0,0.0
2026-09-15T10:43:00+00:00,19925.0,19927.0,19923.0,19926.0,0.0
2026-09-15T10:44:00+00:00,19926.0,19930.0,19924.0,19928.0,0.0
2026-09-15T10:45:00+00:00,19925.0,19927.0,19923.0,19926.0,0.0
2026-09-15T10:46:00+00:00,19925.0,19927.0,19923.0,19926.0,0.0
2026-09-15T10:47:00+00:00,19925.0,19927.0,19923.0,19926.0,0.0
2026-09-15T10:48:00+00:00,19925.0,19927.0,19923.0,19926.0,0.0
2026-09-15T10:49:00+00:00,19925.0,19927.0,19923.0,19926.0,0.0
2026-09-15T10:50:00+00:00,19925.0,19927.0,19923.0,19926.0,0.0
2026-09-15T10:51:00+00:00,19925.0,19927.0,19923.0,19926.0,0.0
2026-09-15T10:52:00+00:00,19925.0,19927.0,19923.0,19926.0,0.0
2026-09-15T10:53:00+00:00,19925.0,19927.0,19923.0,19926.0,0.0
2026-09-15T10:54:00+00:00,19925.0,19927.0,19923.0,19926.0,0.0
2026-09-15T10:55:00+00:00,19925.0,19927.0,19923.0,19926.0,0.0
2026-09-15T10:56:00+00:00,19925.0,19927.0,19923.0,19926.0,0.0
2026-09-15T10:57:00+00:00,19925.0,19927.0,19923.0,19926.0,0.0
2026-09-15T10:58:00+00:00,19925.0,19927.0,19923.0,19926.0,0.0
2026-09-15T10:59:00+00:00,19925.0,19927.0,19923.0,19926.0,0.0
2026-09-15T11:00:00+00:00,19926.0,19928.0,19924.0,19926.0,0.0
2026-09-15T11:01:00+00:00,19926.0,19928.0,19923.75,19925.75,0.0
2026-09-15T11:02:00+00:00,19925.75,19927.75,19923.5,19925.5,0.0
2026-09-15T11:03:00+00:00,19925.5,19927.5,19923.0,19925.0,0.0
2026-09-15T11:04:00+00:00,19925.0,19927.0,19922.75,19924.75,0.0
2026-09-15T11:05:00+00:00,19924.75,19926.75,19922.5,19924.5,0.0
2026-09-15T11:06:00+00:00,19924.5,19926.5,19922.25,19924.25,0.0
2026-09-15T11:07:00+00:00,19924.25,19926.25,19921.75,19923.75,0.0
2026-09-15T11:08:00+00:00,19923.75,19925.75,19921.5,19923.5,0.0
2026-09-15T11:09:00+00:00,19923.5,19925.5,19921.25,19923.25,0.0
2026-09-15T11:10:00+00:00,19923.25,19925.25,19921.0,19923.0,0.0
2026-09-15T11:11:00+00:00,19923.0,19925.0,19920.5,19922.5,0.0
2026-09-15T11:12:00+00:00,19922.5,19924.5,19920.25,19922.25,0.0
2026-09-15T11:13:00+00:00,19922.25,19924.25,19920.0,19922.0,0.0
2026-09-15T11:14:00+00:00,19922.0,19924.0,19919.75,19921.75,0.0
2026-09-15T11:15:00+00:00,19921.75,19923.75,19919.25,19921.25,0.0
2026-09-15T11:16:00+00:00,19921.25,19923.25,19919.0,19921.0,0.0
2026-09-15T11:17:00+00:00,19921.0,19923.0,19918.75,19920.75,0.0
2026-09-15T11:18:00+00:00,19920.75,19922.75,19918.5,19920.5,0.0
2026-09-15T11:19:00+00:00,19920.5,19922.5,19918.0,19920.0,0.0
2026-09-15T11:20:00+00:00,19920.0,19922.0,19917.75,19919.75,0.0
2026-09-15T11:21:00+00:00,19919.75,19921.75,19917.5,19919.5,0.0
2026-09-15T11:22:00+00:00,19919.5,19921.5,19917.25,19919.25,0.0
2026-09-15T11:23:00+00:00,19919.25,19921.25,19916.75,19918.75,0.0
2026-09-15T11:24:00+00:00,19918.75,19920.75,19916.5,19918.5,0.0
2026-09-15T11:25:00+00:00,19918.5,19920.5,19916.25,19918.25,0.0
2026-09-15T11:26:00+00:00,19918.25,19920.25,19916.0,19918.0,0.0
2026-09-15T11:27:00+00:00,19918.0,19920.0,19915.5,19917.5,0.0
2026-09-15T11:28:00+00:00,19917.5,19919.5,19915.25,19917.25,0.0
2026-09-15T11:29:00+00:00,19917.25,19919.25,19915.0,19917.0,0.0
2026-09-15T11:30:00+00:00,19917.0,19919.0,19914.75,19916.75,0.0
2026-09-15T11:31:00+00:00,19916.75,19918.75,19914.25,19916.25,0.0
2026-09-15T11:32:00+00:00,19916.25,19918.25,19914.0,19916.0,0.0
2026-09-15T11:33:00+00:00,19916.0,19918.0,19913.75,19915.75,0.0
2026-09-15T11:34:00+00:00,19915.75,19917.75,19913.5,19915.5,0.0
2026-09-15T11:35:00+00:00,19915.5,19917.5,19913.0,19915.0,0.0
2026-09-15T11:36:00+00:00,19915.0,19917.0,19912.75,19914.75,0.0
2026-09-15T11:37:00+00:00,19914.75,19916.75,19912.5,19914.5,0.0
2026-09-15T11:38:00+00:00,19914.5,19916.5,19912.25,19914.25,0.0
2026-09-15T11:39:00+00:00,19914.25,19916.25,19911.75,19913.75,0.0
2026-09-15T11:40:00+00:00,19913.75,19915.75,19911.5,19913.5,0.0
2026-09-15T11:41:00+00:00,19913.5,19915.5,19911.25,19913.25,0.0
2026-09-15T11:42:00+00:00,19913.25,19915.25,19911.0,19913.0,0.0
2026-09-15T11:43:00+00:00,19913.0,19915.0,19910.5,19912.5,0.0
2026-09-15T11:44:00+00:00,19912.5,19914.5,19910.25,19912.25,0.0
2026-09-15T11:45:00+00:00,19912.25,19914.25,19910.0,19912.0,0.0
2026-09-15T11:46:00+00:00,19912.0,19913.0,19900.0,19910.0,0.0
2026-09-15T11:47:00+00:00,19911.0,19912.0,19910.0,19911.0,0.0
2026-09-15T11:48:00+00:00,19911.0,19912.75,19910.0,19911.75,0.0
2026-09-15T11:49:00+00:00,19911.75,19913.75,19910.75,19912.75,0.0
2026-09-15T11:50:00+00:00,19912.75,19914.5,19911.75,19913.5,0.0
2026-09-15T11:51:00+00:00,19913.5,19915.5,19912.5,19914.5,0.0
2026-09-15T11:52:00+00:00,19914.5,19916.25,19913.5,19915.25,0.0
2026-09-15T11:53:00+00:00,19915.25,19917.0,19914.25,19916.0,0.0
2026-09-15T11:54:00+00:00,19916.0,19918.0,19915.0,19917.0,0.0
2026-09-15T11:55:00+00:00,19917.0,19918.75,19916.0,19917.75,0.0
2026-09-15T11:56:00+00:00,19917.75,19919.75,19916.75,19918.75,0.0
2026-09-15T11:57:00+00:00,19918.75,19920.5,19917.75,19919.5,0.0
2026-09-15T11:58:00+00:00,19919.5,19921.25,19918.5,19920.25,0.0
2026-09-15T11:59:00+00:00,19920.25,19922.25,19919.25,19921.25,0.0
2026-09-15T12:00:00+00:00,19921.25,19923.0,19920.25,19922.0,0.0
2026-09-15T12:01:00+00:00,19922.0,19924.0,19921.0,19923.0,0.0
2026-09-15T12:02:00+00:00,19923.0,19924.75,19922.0,19923.75,0.0
2026-09-15T12:03:00+00:00,19923.75,19925.5,19922.75,19924.5,0.0
2026-09-15T12:04:00+00:00,19924.5,19926.5,19923.5,19925.5,0.0
2026-09-15T12:05:00+00:00,19925.5,19927.25,19924.5,19926.25,0.0
2026-09-15T12:06:00+00:00,19926.25,19928.25,19925.25,19927.25,0.0
2026-09-15T12:07:00+00:00,19927.25,19929.0,19926.25,19928.0,0.0
2026-09-15T12:08:00+00:00,19928.0,19930.0,19927.0,19929.0,0.0
2026-09-15T12:09:00+00:00,19929.0,19930.75,19928.0,19929.75,0.0
2026-09-15T12:10:00+00:00,19929.75,19931.5,19928.75,19930.5,0.0
2026-09-15T12:11:00+00:00,19930.5,19932.5,19929.5,19931.5,0.0
2026-09-15T12:12:00+00:00,19931.5,19933.25,19930.5,19932.25,0.0
2026-09-15T12:13:00+00:00,19932.25,19934.25,19931.25,19933.25,0.0
2026-09-15T12:14:00+00:00,19933.25,19935.0,19932.25,19934.0,0.0
2026-09-15T12:15:00+00:00,19934.0,19935.75,19933.0,19934.75,0.0
2026-09-15T12:16:00+00:00,19934.75,19936.75,19933.75,19935.75,0.0
2026-09-15T12:17:00+00:00,19935.75,19937.5,19934.75,19936.5,0.0
2026-09-15T12:18:00+00:00,19936.5,19938.5,19935.5,19937.5,0.0
2026-09-15T12:19:00+00:00,19937.5,19939.25,19936.5,19938.25,0.0
2026-09-15T12:20:00+00:00,19938.25,19940.0,19937.25,19939.0,0.0
2026-09-15T12:21:00+00:00,19939.0,19941.0,19938.0,19940.0,0.0
2026-09-15T12:22:00+00:00,19940.0,19941.75,19939.0,19940.75,0.0
2026-09-15T12:23:00+00:00,19940.75,19942.75,19939.75,19941.75,0.0
2026-09-15T12:24:00+00:00,19941.75,19943.5,19940.75,19942.5,0.0
2026-09-15T12:25:00+00:00,19942.5,19944.25,19941.5,19943.25,0.0
2026-09-15T12:26:00+00:00,19943.25,19945.25,19942.25,19944.25,0.0
2026-09-15T12:27:00+00:00,19944.25,19946.0,19943.25,19945.0,0.0
2026-09-15T12:28:00+00:00,19945.0,19947.0,19944.0,19946.0,0.0
2026-09-15T12:29:00+00:00,19946.0,19947.75,19945.0,19946.75,0.0
2026-09-15T12:30:00+00:00,19946.75,19948.5,19945.75,19947.5,0.0
2026-09-15T12:31:00+00:00,19947.5,19949.5,19946.5,19948.5,0.0
2026-09-15T12:32:00+00:00,19948.5,19950.25,19947.5,19949.25,0.0
2026-09-15T12:33:00+00:00,19949.25,19951.25,19948.25,19950.25,0.0
2026-09-15T12:34:00+00:00,19950.25,19952.0,19949.25,19951.0,0.0
2026-09-15T12:35:00+00:00,19951.0,19952.75,19950.0,19951.75,0.0
2026-09-15T12:36:00+00:00,19951.75,19953.75,19950.75,19952.75,0.0
2026-09-15T12:37:00+00:00,19952.75,19954.5,19951.75,19953.5,0.0
2026-09-15T12:38:00+00:00,19953.5,19955.5,19952.5,19954.5,0.0
2026-09-15T12:39:00+00:00,19954.5,19956.25,19953.5,19955.25,0.0
2026-09-15T12:40:00+00:00,19955.25,19957.25,19954.25,19956.25,0.0
2026-09-15T12:41:00+00:00,19956.25,19958.0,19955.25,19957.0,0.0
2026-09-15T12:42:00+00:00,19957.0,19958.75,19956.0,19957.75,0.0
2026-09-15T12:43:00+00:00,19957.75,19959.75,19956.75,19958.75,0.0
2026-09-15T12:44:00+00:00,19958.75,19960.5,19957.75,19959.5,0.0
2026-09-15T12:45:00+00:00,19959.5,19961.5,19958.5,19960.5,0.0
2026-09-15T12:46:00+00:00,19960.5,19962.25,19959.5,19961.25,0.0
2026-09-15T12:47:00+00:00,19961.25,19963.0,19960.25,19962.0,0.0
2026-09-15T12:48:00+00:00,19962.0,19964.0,19961.0,19963.0,0.0
2026-09-15T12:49:00+00:00,19963.0,19964.75,19962.0,19963.75,0.0
2026-09-15T12:50:00+00:00,19963.75,19965.75,19962.75,19964.75,0.0
2026-09-15T12:51:00+00:00,19964.75,19966.5,19963.75,19965.5,0.0
2026-09-15T12:52:00+00:00,19965.5,19967.25,19964.5,19966.25,0.0
2026-09-15T12:53:00+00:00,19966.25,19968.25,19965.25,19967.25,0.0
2026-09-15T12:54:00+00:00,19967.25,19969.0,19966.25,19968.0,0.0
2026-09-15T12:55:00+00:00,19968.0,19970.0,19967.0,19969.0,0.0
2026-09-15T12:56:00+00:00,19969.0,19970.75,19968.0,19969.75,0.0
2026-09-15T12:57:00+00:00,19969.75,19971.5,19968.75,19970.5,0.0
2026-09-15T12:58:00+00:00,19970.5,19972.5,19969.5,19971.5,0.0
2026-09-15T12:59:00+00:00,19971.5,19973.25,19970.5,19972.25,0.0
2026-09-15T13:00:00+00:00,19972.25,19974.25,19971.25,19973.25,0.0
2026-09-15T13:01:00+00:00,19973.25,19975.0,19972.25,19974.0,0.0
2026-09-15T13:02:00+00:00,19974.0,19975.75,19973.0,19974.75,0.0
2026-09-15T13:03:00+00:00,19974.75,19976.75,19973.75,19975.75,0.0
2026-09-15T13:04:00+00:00,19975.75,19977.5,19974.75,19976.5,0.0
2026-09-15T13:05:00+00:00,19976.5,19978.5,19975.5,19977.5,0.0
2026-09-15T13:06:00+00:00,19977.5,19979.25,19976.5,19978.25,0.0
2026-09-15T13:07:00+00:00,19978.25,19980.0,19977.25,19979.0,0.0
2026-09-15T13:08:00+00:00,19979.0,19981.0,19978.0,19980.0,0.0
2026-09-15T13:09:00+00:00,19980.0,19981.75,19979.0,19980.75,0.0
2026-09-15T13:10:00+00:00,19980.75,19982.75,19979.75,19981.75,0.0
2026-09-15T13:11:00+00:00,19981.75,19983.5,19980.75,19982.5,0.0
2026-09-15T13:12:00+00:00,19982.5,19984.5,19981.5,19983.5,0.0
2026-09-15T13:13:00+00:00,19983.5,19985.25,19982.5,19984.25,0.0
2026-09-15T13:14:00+00:00,19984.25,19986.0,19983.25,19985.0,0.0
2026-09-15T13:15:00+00:00,19985.0,19987.0,19984.0,19986.0,0.0
2026-09-15T13:16:00+00:00,19986.0,19987.75,19985.0,19986.75,0.0
2026-09-15T13:17:00+00:00,19986.75,19988.75,19985.75,19987.75,0.0
2026-09-15T13:18:00+00:00,19987.75,19989.5,19986.75,19988.5,0.0
2026-09-15T13:19:00+00:00,19988.5,19990.25,19987.5,19989.25,0.0
2026-09-15T13:20:00+00:00,19989.25,19991.25,19988.25,19990.25,0.0
2026-09-15T13:21:00+00:00,19990.25,19992.0,19989.25,19991.0,0.0
2026-09-15T13:22:00+00:00,19991.0,19993.0,19990.0,19992.0,0.0
2026-09-15T13:23:00+00:00,19992.0,19993.75,19991.0,19992.75,0.0
2026-09-15T13:24:00+00:00,19992.75,19994.5,19991.75,19993.5,0.0
2026-09-15T13:25:00+00:00,19993.5,19995.5,19992.5,19994.5,0.0
2026-09-15T13:26:00+00:00,19994.5,19996.25,19993.5,19995.25,0.0
2026-09-15T13:27:00+00:00,19995.25,19997.25,19994.25,19996.25,0.0
2026-09-15T13:28:00+00:00,19996.25,19998.0,19995.25,19997.0,0.0
2026-09-15T13:29:00+00:00,19997.0,20002.0,19996.0,20000.0,0.0
2026-09-15T13:30:00+00:00,20000.0,20001.0,19952.0,19955.0,0.0
2026-09-15T13:31:00+00:00,19955.0,19958.0,19890.0,19945.0,0.0
2026-09-15T13:32:00+00:00,19945.0,19947.0,19929.5,19935.0,0.0
2026-09-15T13:33:00+00:00,19935.0,19937.0,19933.0,19935.0,0.0
2026-09-15T13:34:00+00:00,19935.0,19938.5,19933.0,19936.5,0.0
2026-09-15T13:35:00+00:00,19936.5,19940.25,19934.5,19938.25,0.0
2026-09-15T13:36:00+00:00,19938.25,19941.75,19936.25,19939.75,0.0
2026-09-15T13:37:00+00:00,19939.75,19943.5,19937.75,19941.5,0.0
2026-09-15T13:38:00+00:00,19941.5,19945.0,19939.5,19943.0,0.0
2026-09-15T13:39:00+00:00,19943.0,19946.75,19941.0,19944.75,0.0
2026-09-15T13:40:00+00:00,19944.75,19948.25,19942.75,19946.25,0.0
2026-09-15T13:41:00+00:00,19946.25,19950.0,19944.25,19948.0,0.0
2026-09-15T13:42:00+00:00,19948.0,19951.5,19946.0,19949.5,0.0
2026-09-15T13:43:00+00:00,19949.5,19953.0,19947.5,19951.0,0.0
2026-09-15T13:44:00+00:00,19951.0,19954.75,19949.0,19952.75,0.0
2026-09-15T13:45:00+00:00,19952.75,19956.25,19950.75,19954.25,0.0
2026-09-15T13:46:00+00:00,19954.25,19958.0,19952.25,19956.0,0.0
2026-09-15T13:47:00+00:00,19956.0,19959.5,19954.0,19957.5,0.0
2026-09-15T13:48:00+00:00,19957.5,19961.25,19955.5,19959.25,0.0
2026-09-15T13:49:00+00:00,19959.25,19962.75,19957.25,19960.75,0.0
2026-09-15T13:50:00+00:00,19960.75,19964.25,19958.75,19962.25,0.0
2026-09-15T13:51:00+00:00,19962.25,19966.0,19960.25,19964.0,0.0
2026-09-15T13:52:00+00:00,19964.0,19967.5,19962.0,19965.5,0.0
2026-09-15T13:53:00+00:00,19965.5,19969.25,19963.5,19967.25,0.0
2026-09-15T13:54:00+00:00,19967.25,19970.75,19965.25,19968.75,0.0
2026-09-15T13:55:00+00:00,19968.75,19972.5,19966.75,19970.5,0.0
2026-09-15T13:56:00+00:00,19970.5,19974.0,19968.5,19972.0,0.0
2026-09-15T13:57:00+00:00,19972.0,19975.75,19970.0,19973.75,0.0
2026-09-15T13:58:00+00:00,19973.75,19977.25,19971.75,19975.25,0.0
2026-09-15T13:59:00+00:00,19975.25,19978.75,19973.25,19976.75,0.0
2026-09-15T14:00:00+00:00,19976.75,19980.5,19974.75,19978.5,0.0
2026-09-15T14:01:00+00:00,19978.5,19982.0,19976.5,19980.0,0.0
2026-09-15T14:02:00+00:00,19980.0,19983.75,19978.0,19981.75,0.0
2026-09-15T14:03:00+00:00,19981.75,19985.25,19979.75,19983.25,0.0
2026-09-15T14:04:00+00:00,19983.25,19987.0,19981.25,19985.0,0.0
2026-09-15T14:05:00+00:00,19985.0,19988.5,19983.0,19986.5,0.0
2026-09-15T14:06:00+00:00,19986.5,19990.25,19984.5,19988.25,0.0
2026-09-15T14:07:00+00:00,19988.25,19991.75,19986.25,19989.75,0.0
2026-09-15T14:08:00+00:00,19989.75,19993.25,19987.75,19991.25,0.0
2026-09-15T14:09:00+00:00,19991.25,19995.0,19989.25,19993.0,0.0
2026-09-15T14:10:00+00:00,19993.0,19996.5,19991.0,19994.5,0.0
2026-09-15T14:11:00+00:00,19994.5,19998.25,19992.5,19996.25,0.0
2026-09-15T14:12:00+00:00,19996.25,19999.75,19994.25,19997.75,0.0
2026-09-15T14:13:00+00:00,19997.75,20001.5,19995.75,19999.5,0.0
2026-09-15T14:14:00+00:00,19999.5,20003.0,19997.5,20001.0,0.0
2026-09-15T14:15:00+00:00,20001.0,20004.75,19999.0,20002.75,0.0
2026-09-15T14:16:00+00:00,20002.75,20006.25,20000.75,20004.25,0.0
2026-09-15T14:17:00+00:00,20004.25,20007.75,20002.25,20005.75,0.0
2026-09-15T14:18:00+00:00,20005.75,20009.5,20003.75,20007.5,0.0
2026-09-15T14:19:00+00:00,20007.5,20011.0,20005.5,20009.0,0.0
2026-09-15T14:20:00+00:00,20009.0,20012.75,20007.0,20010.75,0.0
2026-09-15T14:21:00+00:00,20010.75,20014.25,20008.75,20012.25,0.0
2026-09-15T14:22:00+00:00,20012.25,20016.0,20010.25,20014.0,0.0
2026-09-15T14:23:00+00:00,20014.0,20017.5,20012.0,20015.5,0.0
2026-09-15T14:24:00+00:00,20015.5,20019.0,20013.5,20017.0,0.0
2026-09-15T14:25:00+00:00,20017.0,20020.75,20015.0,20018.75,0.0
2026-09-15T14:26:00+00:00,20018.75,20022.25,20016.75,20020.25,0.0
2026-09-15T14:27:00+00:00,20020.25,20024.0,20018.25,20022.0,0.0
2026-09-15T14:28:00+00:00,20022.0,20025.5,20020.0,20023.5,0.0
2026-09-15T14:29:00+00:00,20023.5,20027.25,20021.5,20025.25,0.0
2026-09-15T14:30:00+00:00,20025.25,20028.75,20023.25,20026.75,0.0
2026-09-15T14:31:00+00:00,20026.75,20030.5,20024.75,20028.5,0.0
2026-09-15T14:32:00+00:00,20028.5,20032.0,20026.5,20030.0,0.0
2026-09-15T14:33:00+00:00,20030.0,20032.0,20028.0,20030.0,0.0
2026-09-15T14:34:00+00:00,20030.0,20032.0,20028.0,20030.0,0.0
2026-09-15T14:35:00+00:00,20030.0,20032.0,20028.0,20030.0,0.0
2026-09-15T14:36:00+00:00,20030.0,20032.0,20028.0,20030.0,0.0
2026-09-15T14:37:00+00:00,20030.0,20032.0,20028.0,20030.0,0.0
2026-09-15T14:38:00+00:00,20030.0,20032.0,20028.0,20030.0,0.0
2026-09-15T14:39:00+00:00,20030.0,20032.0,20028.0,20030.0,0.0
2026-09-15T14:40:00+00:00,20030.0,20032.0,20028.0,20030.0,0.0
2026-09-15T14:41:00+00:00,20030.0,20032.0,20028.0,20030.0,0.0
2026-09-15T14:42:00+00:00,20030.0,20032.0,20028.0,20030.0,0.0
2026-09-15T14:43:00+00:00,20030.0,20032.0,20028.0,20030.0,0.0
2026-09-15T14:44:00+00:00,20030.0,20032.0,20028.0,20030.0,0.0
2026-09-15T14:45:00+00:00,20030.0,20032.0,20028.0,20030.0,0.0
2026-09-15T14:46:00+00:00,20030.0,20032.0,20028.0,20030.0,0.0
2026-09-15T14:47:00+00:00,20030.0,20032.0,20028.0,20030.0,0.0
2026-09-15T14:48:00+00:00,20030.0,20032.0,20028.0,20030.0,0.0
2026-09-15T14:49:00+00:00,20030.0,20032.0,20028.0,20030.0,0.0
2026-09-15T14:50:00+00:00,20030.0,20032.0,20028.0,20030.0,0.0
2026-09-15T14:51:00+00:00,20030.0,20032.0,20028.0,20030.0,0.0
2026-09-15T14:52:00+00:00,20030.0,20032.0,20028.0,20030.0,0.0
2026-09-15T14:53:00+00:00,20030.0,20032.0,20028.0,20030.0,0.0
2026-09-15T14:54:00+00:00,20030.0,20032.0,20028.0,20030.0,0.0
2026-09-15T14:55:00+00:00,20030.0,20032.0,20028.0,20030.0,0.0
2026-09-15T14:56:00+00:00,20030.0,20032.0,20028.0,20030.0,0.0
2026-09-15T14:57:00+00:00,20030.0,20032.0,20028.0,20030.0,0.0
2026-09-15T14:58:00+00:00,20030.0,20032.0,20028.0,20030.0,0.0
2026-09-15T14:59:00+00:00,20030.0,20032.0,20028.0,20030.0,0.0
2026-09-15T15:00:00+00:00,20030.0,20032.0,20028.0,20030.0,0.0
2026-09-15T15:01:00+00:00,20030.0,20032.0,20028.0,20030.0,0.0
2026-09-15T15:02:00+00:00,20030.0,20032.0,20028.0,20030.0,0.0
2026-09-15T15:03:00+00:00,20030.0,20032.0,20028.0,20030.0,0.0
2026-09-15T15:04:00+00:00,20030.0,20032.0,20028.0,20030.0,0.0
2026-09-15T15:05:00+00:00,20030.0,20032.0,20028.0,20030.0,0.0
2026-09-15T15:06:00+00:00,20030.0,20032.0,20028.0,20030.0,0.0
2026-09-15T15:07:00+00:00,20030.0,20032.0,20028.0,20030.0,0.0
2026-09-15T15:08:00+00:00,20030.0,20032.0,20028.0,20030.0,0.0
2026-09-15T15:09:00+00:00,20030.0,20032.0,20028.0,20030.0,0.0
2026-09-15T15:10:00+00:00,20030.0,20032.0,20028.0,20030.0,0.0
2026-09-15T15:11:00+00:00,20030.0,20032.0,20028.0,20030.0,0.0
2026-09-15T15:12:00+00:00,20030.0,20032.0,20028.0,20030.0,0.0
2026-09-15T15:13:00+00:00,20030.0,20032.0,20028.0,20030.0,0.0
2026-09-15T15:14:00+00:00,20030.0,20032.0,20028.0,20030.0,0.0
2026-09-15T15:15:00+00:00,20030.0,20032.0,20028.0,20030.0,0.0
2026-09-15T15:16:00+00:00,20030.0,20032.0,20028.0,20030.0,0.0
2026-09-15T15:17:00+00:00,20030.0,20032.0,20028.0,20030.0,0.0
2026-09-15T15:18:00+00:00,20030.0,20032.0,20028.0,20030.0,0.0
2026-09-15T15:19:00+00:00,20030.0,20032.0,20028.0,20030.0,0.0
2026-09-15T15:20:00+00:00,20030.0,20032.0,20028.0,20030.0,0.0
2026-09-15T15:21:00+00:00,20030.0,20032.0,20028.0,20030.0,0.0
2026-09-15T15:22:00+00:00,20030.0,20032.0,20028.0,20030.0,0.0
2026-09-15T15:23:00+00:00,20030.0,20032.0,20028.0,20030.0,0.0
2026-09-15T15:24:00+00:00,20030.0,20032.0,20028.0,20030.0,0.0
2026-09-15T15:25:00+00:00,20030.0,20032.0,20028.0,20030.0,0.0
2026-09-15T15:26:00+00:00,20030.0,20032.0,20028.0,20030.0,0.0
2026-09-15T15:27:00+00:00,20030.0,20032.0,20028.0,20030.0,0.0
2026-09-15T15:28:00+00:00,20030.0,20032.0,20028.0,20030.0,0.0
2026-09-15T15:29:00+00:00,20030.0,20032.0,20028.0,20030.0,0.0
2026-09-15T15:30:00+00:00,20030.0,20032.0,20028.0,20030.0,0.0
2026-09-15T15:31:00+00:00,20030.0,20032.0,20028.0,20030.0,0.0
2026-09-15T15:32:00+00:00,20030.0,20032.0,20028.0,20030.0,0.0
2026-09-15T15:33:00+00:00,20030.0,20032.0,20028.0,20030.0,0.0
2026-09-15T15:34:00+00:00,20030.0,20032.0,20028.0,20030.0,0.0
2026-09-15T15:35:00+00:00,20030.0,20032.0,20028.0,20030.0,0.0
2026-09-15T15:36:00+00:00,20030.0,20032.0,20028.0,20030.0,0.0
2026-09-15T15:37:00+00:00,20030.0,20032.0,20028.0,20030.0,0.0
2026-09-15T15:38:00+00:00,20030.0,20032.0,20028.0,20030.0,0.0
2026-09-15T15:39:00+00:00,20030.0,20032.0,20028.0,20030.0,0.0
2026-09-15T15:40:00+00:00,20030.0,20032.0,20028.0,20030.0,0.0
2026-09-15T15:41:00+00:00,20030.0,20032.0,20028.0,20030.0,0.0
2026-09-15T15:42:00+00:00,20030.0,20032.0,20028.0,20030.0,0.0
2026-09-15T15:43:00+00:00,20030.0,20032.0,20028.0,20030.0,0.0
2026-09-15T15:44:00+00:00,20030.0,20032.0,20028.0,20030.0,0.0
2026-09-15T15:45:00+00:00,20030.0,20032.0,20028.0,20030.0,0.0
2026-09-15T15:46:00+00:00,20030.0,20032.0,20028.0,20030.0,0.0
2026-09-15T15:47:00+00:00,20030.0,20032.0,20028.0,20030.0,0.0
2026-09-15T15:48:00+00:00,20030.0,20032.0,20028.0,20030.0,0.0
2026-09-15T15:49:00+00:00,20030.0,20032.0,20028.0,20030.0,0.0
2026-09-15T15:50:00+00:00,20030.0,20032.0,20028.0,20030.0,0.0
2026-09-15T15:51:00+00:00,20030.0,20032.0,20028.0,20030.0,0.0
2026-09-15T15:52:00+00:00,20030.0,20032.0,20028.0,20030.0,0.0
2026-09-15T15:53:00+00:00,20030.0,20032.0,20028.0,20030.0,0.0
2026-09-15T15:54:00+00:00,20030.0,20032.0,20028.0,20030.0,0.0
2026-09-15T15:55:00+00:00,20030.0,20032.0,20028.0,20030.0,0.0
2026-09-15T15:56:00+00:00,20030.0,20032.0,20028.0,20030.0,0.0
2026-09-15T15:57:00+00:00,20030.0,20032.0,20028.0,20030.0,0.0
2026-09-15T15:58:00+00:00,20030.0,20032.0,20028.0,20030.0,0.0
2026-09-15T15:59:00+00:00,20030.0,20032.0,20028.0,20030.0,0.0
2026-09-15T16:00:00+00:00,20030.0,20032.0,20028.0,20030.0,0.0
2026-09-15T16:01:00+00:00,20030.0,20032.0,20028.0,20030.0,0.0
2026-09-15T16:02:00+00:00,20030.0,20032.0,20028.0,20030.0,0.0
2026-09-15T16:03:00+00:00,20030.0,20032.0,20028.0,20030.0,0.0
2026-09-15T16:04:00+00:00,20030.0,20032.0,20028.0,20030.0,0.0
2026-09-15T16:05:00+00:00,20030.0,20032.0,20028.0,20030.0,0.0
2026-09-15T16:06:00+00:00,20030.0,20032.0,20028.0,20030.0,0.0
2026-09-15T16:07:00+00:00,20030.0,20032.0,20028.0,20030.0,0.0
2026-09-15T16:08:00+00:00,20030.0,20032.0,20028.0,20030.0,0.0
2026-09-15T16:09:00+00:00,20030.0,20032.0,20028.0,20030.0,0.0
2026-09-15T16:10:00+00:00,20030.0,20032.0,20028.0,20030.0,0.0
2026-09-15T16:11:00+00:00,20030.0,20032.0,20028.0,20030.0,0.0
2026-09-15T16:12:00+00:00,20030.0,20032.0,20028.0,20030.0,0.0
2026-09-15T16:13:00+00:00,20030.0,20032.0,20028.0,20030.0,0.0
2026-09-15T16:14:00+00:00,20030.0,20032.0,20028.0,20030.0,0.0
2026-09-15T16:15:00+00:00,20030.0,20032.0,20028.0,20030.0,0.0
2026-09-15T16:16:00+00:00,20030.0,20032.0,20028.0,20030.0,0.0
2026-09-15T16:17:00+00:00,20030.0,20032.0,20028.0,20030.0,0.0
2026-09-15T16:18:00+00:00,20030.0,20032.0,20028.0,20030.0,0.0
2026-09-15T16:19:00+00:00,20030.0,20032.0,20028.0,20030.0,0.0
2026-09-15T16:20:00+00:00,20030.0,20032.0,20028.0,20030.0,0.0
2026-09-15T16:21:00+00:00,20030.0,20032.0,20028.0,20030.0,0.0
2026-09-15T16:22:00+00:00,20030.0,20032.0,20028.0,20030.0,0.0
2026-09-15T16:23:00+00:00,20030.0,20032.0,20028.0,20030.0,0.0
2026-09-15T16:24:00+00:00,20030.0,20032.0,20028.0,20030.0,0.0
2026-09-15T16:25:00+00:00,20030.0,20032.0,20028.0,20030.0,0.0
2026-09-15T16:26:00+00:00,20030.0,20032.0,20028.0,20030.0,0.0
2026-09-15T16:27:00+00:00,20030.0,20032.0,20028.0,20030.0,0.0
2026-09-15T16:28:00+00:00,20030.0,20032.0,20028.0,20030.0,0.0
2026-09-15T16:29:00+00:00,20030.0,20032.0,20028.0,20030.0,0.0
2026-09-15T16:30:00+00:00,20030.0,20032.0,20028.0,20030.0,0.0
2026-09-15T16:31:00+00:00,20030.0,20032.0,20028.0,20030.0,0.0
2026-09-15T16:32:00+00:00,20030.0,20032.0,20028.0,20030.0,0.0
2026-09-15T16:33:00+00:00,20030.0,20032.0,20028.0,20030.0,0.0
2026-09-15T16:34:00+00:00,20030.0,20032.0,20028.0,20030.0,0.0
2026-09-15T16:35:00+00:00,20030.0,20032.0,20028.0,20030.0,0.0
2026-09-15T16:36:00+00:00,20030.0,20032.0,20028.0,20030.0,0.0
2026-09-15T16:37:00+00:00,20030.0,20032.0,20028.0,20030.0,0.0
2026-09-15T16:38:00+00:00,20030.0,20032.0,20028.0,20030.0,0.0
2026-09-15T16:39:00+00:00,20030.0,20032.0,20028.0,20030.0,0.0
2026-09-15T16:40:00+00:00,20030.0,20032.0,20028.0,20030.0,0.0
2026-09-15T16:41:00+00:00,20030.0,20032.0,20028.0,20030.0,0.0
2026-09-15T16:42:00+00:00,20030.0,20032.0,20028.0,20030.0,0.0
2026-09-15T16:43:00+00:00,20030.0,20032.0,20028.0,20030.0,0.0
2026-09-15T16:44:00+00:00,20030.0,20032.0,20028.0,20030.0,0.0
2026-09-15T16:45:00+00:00,20030.0,20032.0,20028.0,20030.0,0.0
2026-09-15T16:46:00+00:00,20030.0,20032.0,20028.0,20030.0,0.0
2026-09-15T16:47:00+00:00,20030.0,20032.0,20028.0,20030.0,0.0
2026-09-15T16:48:00+00:00,20030.0,20032.0,20028.0,20030.0,0.0
2026-09-15T16:49:00+00:00,20030.0,20032.0,20028.0,20030.0,0.0
2026-09-15T16:50:00+00:00,20030.0,20032.0,20028.0,20030.0,0.0
2026-09-15T16:51:00+00:00,20030.0,20032.0,20028.0,20030.0,0.0
2026-09-15T16:52:00+00:00,20030.0,20032.0,20028.0,20030.0,0.0
2026-09-15T16:53:00+00:00,20030.0,20032.0,20028.0,20030.0,0.0
2026-09-15T16:54:00+00:00,20030.0,20032.0,20028.0,20030.0,0.0
2026-09-15T16:55:00+00:00,20030.0,20032.0,20028.0,20030.0,0.0
2026-09-15T16:56:00+00:00,20030.0,20032.0,20028.0,20030.0,0.0
2026-09-15T16:57:00+00:00,20030.0,20032.0,20028.0,20030.0,0.0
2026-09-15T16:58:00+00:00,20030.0,20032.0,20028.0,20030.0,0.0
2026-09-15T16:59:00+00:00,20030.0,20032.0,20028.0,20030.0,0.0
2026-09-15T17:00:00+00:00,20030.0,20032.0,20028.0,20030.0,0.0
